Transaction ID,Customer ID,Timestamp,prediction,probability_score,risk_score,risk_level,Actual Class
TXN00009951,CUST1074,2026-07-27 05:19:07,0,0.0,0.0,Low Risk,0
TXN00001840,CUST1413,2026-07-02 13:05:29,0,0.0,0.0,Low Risk,0
TXN00000929,CUST1464,2026-06-29 18:49:05,0,0.0,0.0,Low Risk,0
TXN00005156,CUST1147,2026-07-12 16:01:58,0,0.0,0.0,Low Risk,0
TXN00009314,CUST1418,2026-07-25 07:24:08,0,0.0,0.0,Low Risk,0
TXN00007311,CUST1054,2026-07-19 06:31:52,0,0.0,0.0,Low Risk,0
TXN00001344,CUST1241,2026-07-01 00:12:00,0,0.0,0.0,Low Risk,0
TXN00005304,CUST1128,2026-07-13 01:23:09,0,0.0,0.0,Low Risk,0
TXN00009521,CUST1323,2026-07-25 22:14:53,0,0.0,0.0,Low Risk,0
TXN00000461,CUST1456,2026-06-28 08:41:56,0,0.0,0.0,Low Risk,0
TXN00001627,CUST1467,2026-07-01 21:18:29,0,0.0,0.0,Low Risk,0
TXN00009035,CUST1406,2026-07-24 10:55:00,0,0.0,0.0,Low Risk,0
TXN00000747,CUST1210,2026-06-29 05:14:55,0,0.0,0.0,Low Risk,0
TXN00004884,CUST1138,2026-07-11 19:56:44,0,0.0,0.0,Low Risk,0
TXN00003481,CUST1412,2026-07-07 13:57:10,0,0.0,0.0,Low Risk,0
TXN00001274,CUST1495,2026-06-30 18:56:46,0,0.0,0.0,Low Risk,0
TXN00009374,CUST1478,2026-07-25 11:35:14,0,0.0,0.0,Low Risk,0
TXN00000294,CUST1344,2026-06-27 20:11:59,1,1.0,100.0,High Risk,1
TXN00006398,CUST1336,2026-07-16 12:30:33,0,0.0,0.0,Low Risk,0
TXN00002436,CUST1147,2026-07-04 07:47:12,0,0.0,0.0,Low Risk,0
TXN00004628,CUST1095,2026-07-11 01:36:20,0,0.0,0.0,Low Risk,0
TXN00002543,CUST1066,2026-07-04 15:54:11,1,0.9251368446368445,92.51,High Risk,1
TXN00000616,CUST1209,2026-06-28 20:06:59,0,0.0,0.0,Low Risk,0
TXN00004082,CUST1329,2026-07-09 09:54:07,0,0.0,0.0,Low Risk,0
TXN00001607,CUST1340,2026-07-01 19:42:30,0,0.0,0.0,Low Risk,0
TXN00009385,CUST1095,2026-07-25 12:13:27,0,0.0,0.0,Low Risk,0
TXN00007658,CUST1090,2026-07-20 07:26:51,0,0.0,0.0,Low Risk,0
TXN00002596,CUST1426,2026-07-04 20:21:15,0,0.0,0.0,Low Risk,0
TXN00002937,CUST1312,2026-07-05 21:47:05,0,0.0,0.0,Low Risk,0
TXN00005278,CUST1002,2026-07-12 23:55:19,0,0.0,0.0,Low Risk,0
TXN00008317,CUST1134,2026-07-22 08:58:10,0,0.0,0.0,Low Risk,0
TXN00002846,CUST1279,2026-07-05 15:20:51,0,0.0,0.0,Low Risk,0
TXN00004248,CUST1421,2026-07-09 22:45:37,0,0.0,0.0,Low Risk,0
TXN00002935,CUST1074,2026-07-05 21:38:08,0,0.0,0.0,Low Risk,0
TXN00007623,CUST1250,2026-07-20 05:08:15,0,0.0,0.0,Low Risk,0
TXN00009704,CUST1305,2026-07-26 11:28:17,0,0.0,0.0,Low Risk,0
TXN00003397,CUST1215,2026-07-07 07:44:16,0,0.0,0.0,Low Risk,0
TXN00007958,CUST1422,2026-07-21 05:29:59,0,0.0,0.0,Low Risk,0
TXN00005749,CUST1328,2026-07-14 10:40:13,0,0.0,0.0,Low Risk,0
TXN00000547,CUST1105,2026-06-28 15:03:00,0,0.0,0.0,Low Risk,0
TXN00005287,CUST1197,2026-07-13 00:34:29,0,0.0,0.0,Low Risk,0
TXN00005032,CUST1154,2026-07-12 06:39:57,0,0.0,0.0,Low Risk,0
TXN00000844,CUST1091,2026-06-29 12:25:19,0,0.0,0.0,Low Risk,0
TXN00007397,CUST1409,2026-07-19 12:36:35,0,0.0,0.0,Low Risk,0
TXN00000465,CUST1305,2026-06-28 09:01:29,0,0.0,0.0,Low Risk,0
TXN00008107,CUST1410,2026-07-21 16:52:40,0,0.0,0.0,Low Risk,0
TXN00008558,CUST1414,2026-07-23 01:32:22,0,0.0,0.0,Low Risk,0
TXN00006573,CUST1305,2026-07-17 01:30:53,0,0.0,0.0,Low Risk,0
TXN00001834,CUST1132,2026-07-02 12:39:04,0,0.0,0.0,Low Risk,0
TXN00005860,CUST1038,2026-07-14 18:58:17,0,0.0,0.0,Low Risk,0
TXN00007586,CUST1238,2026-07-20 02:11:43,0,0.0,0.0,Low Risk,0
TXN00001504,CUST1063,2026-07-01 11:50:42,0,0.0,0.0,Low Risk,0
TXN00006418,CUST1028,2026-07-16 13:50:29,0,0.0,0.0,Low Risk,0
TXN00009495,CUST1305,2026-07-25 20:27:18,0,0.0,0.0,Low Risk,0
TXN00002953,CUST1310,2026-07-05 23:03:26,0,0.0,0.0,Low Risk,0
TXN00004941,CUST1437,2026-07-12 00:16:35,0,0.0,0.0,Low Risk,0
TXN00001347,CUST1119,2026-07-01 00:23:35,0,0.0,0.0,Low Risk,0
TXN00006484,CUST1220,2026-07-16 18:27:45,0,0.0,0.0,Low Risk,0
TXN00002511,CUST1437,2026-07-04 13:36:51,0,0.0,0.0,Low Risk,0
TXN00000963,CUST1224,2026-06-29 20:45:24,0,0.0,0.0,Low Risk,0
TXN00001336,CUST1283,2026-06-30 23:40:14,0,0.0,0.0,Low Risk,0
TXN00001286,CUST1296,2026-06-30 20:02:31,0,0.0,0.0,Low Risk,0
TXN00004508,CUST1446,2026-07-10 17:17:40,0,0.0,0.0,Low Risk,0
TXN00003694,CUST1383,2026-07-08 06:22:14,0,0.0,0.0,Low Risk,0
TXN00000473,CUST1268,2026-06-28 09:27:55,0,0.0,0.0,Low Risk,0
TXN00007775,CUST1338,2026-07-20 02:11:06,1,1.0,100.0,High Risk,1
TXN00005384,CUST1158,2026-07-13 07:46:44,0,0.0,0.0,Low Risk,0
TXN00003809,CUST1339,2026-07-08 15:02:26,0,0.0,0.0,Low Risk,0
TXN00007621,CUST1113,2026-07-20 04:54:33,0,0.0,0.0,Low Risk,0
TXN00007019,CUST1281,2026-07-18 09:05:23,0,0.0,0.0,Low Risk,0
TXN00004922,CUST1033,2026-07-11 22:56:49,0,0.0,0.0,Low Risk,0
TXN00008665,CUST1160,2026-07-23 09:09:09,0,0.0,0.0,Low Risk,0
TXN00008193,CUST1262,2026-07-21 23:40:29,0,0.0,0.0,Low Risk,0
TXN00006858,CUST1019,2026-07-17 22:11:36,0,0.0,0.0,Low Risk,0
TXN00004864,CUST1444,2026-07-11 18:23:38,0,0.0,0.0,Low Risk,0
TXN00008748,CUST1376,2026-07-23 15:23:37,0,0.0,0.0,Low Risk,0
TXN00008319,CUST1185,2026-07-22 09:02:41,0,0.0,0.0,Low Risk,0
TXN00008308,CUST1417,2026-07-22 08:17:29,0,0.0,0.0,Low Risk,0
TXN00009333,CUST1314,2026-07-25 08:54:49,0,0.0,0.0,Low Risk,0
TXN00007209,CUST1402,2026-07-18 23:35:10,0,0.0,0.0,Low Risk,0
TXN00007096,CUST1017,2026-07-18 15:08:30,0,0.0,0.0,Low Risk,0
TXN00004918,CUST1341,2026-07-11 22:32:16,0,0.0,0.0,Low Risk,0
TXN00001593,CUST1197,2026-07-01 18:49:26,0,0.0,0.0,Low Risk,0
TXN00009393,CUST1164,2026-07-25 12:46:29,0,0.0,0.0,Low Risk,0
TXN00001257,CUST1358,2026-06-30 17:37:23,0,0.0,0.0,Low Risk,0
TXN00001994,CUST1417,2026-07-02 23:39:55,0,0.0,0.0,Low Risk,0
TXN00007540,CUST1424,2026-07-19 23:24:58,0,0.0,0.0,Low Risk,0
TXN00004752,CUST1228,2026-07-11 10:56:38,0,0.0,0.0,Low Risk,0
TXN00009357,CUST1410,2026-07-25 10:07:33,0,0.0,0.0,Low Risk,0
TXN00004744,CUST1335,2026-07-11 10:16:23,0,0.0,0.0,Low Risk,0
TXN00005797,CUST1290,2026-07-14 13:51:39,0,0.0,0.0,Low Risk,0
TXN00009305,CUST1257,2026-07-25 06:45:17,0,0.0,0.0,Low Risk,0
TXN00003965,CUST1041,2026-07-09 02:24:25,0,0.0,0.0,Low Risk,0
TXN00007969,CUST1041,2026-07-21 05:55:44,0,0.0,0.0,Low Risk,0
TXN00001889,CUST1453,2026-07-02 16:20:17,0,0.0,0.0,Low Risk,0
TXN00002410,CUST1166,2026-07-04 06:10:16,0,0.0,0.0,Low Risk,0
TXN00009817,CUST1154,2026-07-26 20:04:21,0,0.0,0.0,Low Risk,0
TXN00005142,CUST1038,2026-07-12 15:03:51,0,0.0,0.0,Low Risk,0
TXN00008456,CUST1441,2026-07-22 18:24:24,0,0.0,0.0,Low Risk,0
TXN00007302,CUST1108,2026-07-19 05:59:39,0,0.0,0.0,Low Risk,0
TXN00008137,CUST1094,2026-07-21 19:14:21,0,0.0,0.0,Low Risk,0
TXN00006069,CUST1268,2026-07-15 11:35:48,0,0.0,0.0,Low Risk,0
TXN00002664,CUST1064,2026-07-05 02:03:00,0,0.0,0.0,Low Risk,0
TXN00003354,CUST1408,2026-07-07 04:11:00,0,0.0,0.0,Low Risk,0
TXN00008859,CUST1188,2026-07-23 22:44:18,0,0.0,0.0,Low Risk,0
TXN00004087,CUST1376,2026-07-09 10:20:00,0,0.0,0.0,Low Risk,0
TXN00009741,CUST1108,2026-07-26 14:46:49,0,0.0,0.0,Low Risk,0
TXN00001731,CUST1280,2026-07-02 05:12:38,0,0.0,0.0,Low Risk,0
TXN00001064,CUST1476,2026-06-30 04:00:30,0,0.0,0.0,Low Risk,0
TXN00008390,CUST1400,2026-07-22 13:56:27,0,0.0,0.0,Low Risk,0
TXN00002078,CUST1141,2026-07-03 05:58:42,0,0.0,0.0,Low Risk,0
TXN00008967,CUST1193,2026-07-24 05:52:56,0,0.0,0.0,Low Risk,0
TXN00005417,CUST1420,2026-07-13 10:04:31,0,0.0,0.0,Low Risk,0
TXN00009629,CUST1229,2026-07-26 06:24:30,0,0.0,0.0,Low Risk,0
TXN00006098,CUST1336,2026-07-15 14:01:58,0,0.0,0.0,Low Risk,0
TXN00007802,CUST1311,2026-07-20 18:15:25,0,0.0,0.0,Low Risk,0
TXN00000580,CUST1039,2026-06-28 17:43:10,0,0.0,0.0,Low Risk,0
TXN00008483,CUST1223,2026-07-22 20:37:56,0,0.0,0.0,Low Risk,0
TXN00003572,CUST1429,2026-07-07 20:43:52,0,0.0,0.0,Low Risk,0
TXN00008130,CUST1244,2026-07-21 18:34:30,0,0.0,0.0,Low Risk,0
TXN00003484,CUST1022,2026-07-07 14:07:49,0,0.0,0.0,Low Risk,0
TXN00004635,CUST1378,2026-07-11 01:59:04,0,0.0,0.0,Low Risk,0
TXN00002533,CUST1363,2026-07-04 15:12:46,0,0.0,0.0,Low Risk,0
TXN00007250,CUST1124,2026-07-19 02:20:32,0,0.0,0.0,Low Risk,0
TXN00009985,CUST1338,2026-07-27 08:19:05,0,0.0,0.0,Low Risk,0
TXN00005832,CUST1001,2026-07-14 16:37:27,0,0.0,0.0,Low Risk,0
TXN00008541,CUST1367,2026-07-23 00:26:32,0,0.0,0.0,Low Risk,0
TXN00003048,CUST1453,2026-07-06 06:13:07,0,0.0,0.0,Low Risk,0
TXN00000640,CUST1411,2026-06-28 21:45:49,0,0.0,0.0,Low Risk,0
TXN00002907,CUST1354,2026-07-05 19:45:05,0,0.0,0.0,Low Risk,0
TXN00000287,CUST1387,2026-06-27 19:44:39,0,0.0,0.0,Low Risk,0
TXN00000352,CUST1443,2026-06-28 00:22:50,0,0.0,0.0,Low Risk,0
TXN00002233,CUST1175,2026-07-03 17:08:38,0,0.0,0.0,Low Risk,0
TXN00003301,CUST1188,2026-07-07 00:08:37,0,0.0,0.0,Low Risk,0
TXN00001075,CUST1039,2026-06-30 04:37:59,0,0.0,0.0,Low Risk,0
TXN00002060,CUST1246,2026-07-03 04:31:15,0,0.0,0.0,Low Risk,0
TXN00008926,CUST1296,2026-07-24 02:58:35,0,0.0,0.0,Low Risk,0
TXN00000728,CUST1101,2026-06-29 03:59:17,0,0.0,0.0,Low Risk,0
TXN00003731,CUST1294,2026-07-08 09:19:17,0,0.0,0.0,Low Risk,0
TXN00006550,CUST1115,2026-07-16 23:35:55,0,0.0,0.0,Low Risk,0
TXN00008803,CUST1439,2026-07-23 19:27:45,0,0.0,0.0,Low Risk,0
TXN00001387,CUST1148,2026-07-01 03:32:08,0,0.0,0.0,Low Risk,0
TXN00009222,CUST1319,2026-07-25 00:31:22,0,0.0,0.0,Low Risk,0
TXN00005567,CUST1182,2026-07-13 20:51:24,0,0.0,0.0,Low Risk,0
TXN00002771,CUST1343,2026-07-05 09:50:57,0,0.0,0.0,Low Risk,0
TXN00004821,CUST1180,2026-07-11 15:19:38,0,0.0,0.0,Low Risk,0
TXN00003700,CUST1468,2026-07-08 06:48:27,0,0.0,0.0,Low Risk,0
TXN00000564,CUST1023,2026-06-28 16:20:17,0,0.0,0.0,Low Risk,0
TXN00008338,CUST1333,2026-07-22 10:27:19,0,0.0,0.0,Low Risk,0
TXN00001014,CUST1010,2026-06-30 00:26:45,0,0.0,0.0,Low Risk,0
TXN00001700,CUST1290,2026-07-02 02:47:19,0,0.0,0.0,Low Risk,0
TXN00009561,CUST1212,2026-07-26 01:25:08,0,0.0,0.0,Low Risk,0
TXN00005528,CUST1044,2026-07-13 18:11:39,0,0.0,0.0,Low Risk,0
TXN00001116,CUST1363,2026-06-30 07:16:24,0,0.0,0.0,Low Risk,0
TXN00003772,CUST1038,2026-07-08 12:03:26,0,0.0,0.0,Low Risk,0
TXN00003976,CUST1138,2026-07-09 03:10:06,0,0.0,0.0,Low Risk,0
TXN00003389,CUST1294,2026-07-07 06:56:51,0,0.0,0.0,Low Risk,0
TXN00001659,CUST1455,2026-07-01 23:56:09,0,0.0,0.0,Low Risk,0
TXN00007323,CUST1482,2026-07-19 07:13:56,0,0.0,0.0,Low Risk,0
TXN00009572,CUST1452,2026-07-26 02:08:14,1,1.0,100.0,High Risk,1
TXN00003729,CUST1259,2026-07-08 09:13:25,0,0.0,0.0,Low Risk,0
TXN00009404,CUST1458,2026-07-25 13:35:58,0,0.0,0.0,Low Risk,0
TXN00004969,CUST1452,2026-07-12 02:28:55,0,0.0,0.0,Low Risk,0
TXN00002453,CUST1022,2026-07-04 08:54:33,0,0.0,0.0,Low Risk,0
TXN00002583,CUST1270,2026-07-04 19:18:22,0,0.0,0.0,Low Risk,0
TXN00009628,CUST1493,2026-07-26 06:17:30,0,0.0,0.0,Low Risk,0
TXN00002384,CUST1102,2026-07-04 04:10:49,0,0.0,0.0,Low Risk,0
TXN00004693,CUST1345,2026-07-11 06:19:15,0,0.0,0.0,Low Risk,0
TXN00003971,CUST1275,2026-07-09 02:46:41,0,0.0,0.0,Low Risk,0
TXN00005780,CUST1486,2026-07-14 12:24:37,0,0.0,0.0,Low Risk,0
TXN00001247,CUST1008,2026-06-30 16:51:10,0,0.0,0.0,Low Risk,0
TXN00009444,CUST1199,2026-07-25 16:23:06,0,0.0,0.0,Low Risk,0
TXN00004926,CUST1112,2026-07-11 23:08:52,0,0.0,0.0,Low Risk,0
TXN00007858,CUST1131,2026-07-20 22:17:43,0,0.0,0.0,Low Risk,0
TXN00007061,CUST1383,2026-07-18 12:33:03,0,0.0,0.0,Low Risk,0
TXN00009390,CUST1373,2026-07-25 12:36:58,0,0.0,0.0,Low Risk,0
TXN00003221,CUST1168,2026-07-06 18:18:13,0,0.0,0.0,Low Risk,0
TXN00006733,CUST1031,2026-07-17 13:34:25,0,0.0,0.0,Low Risk,0
TXN00009289,CUST1473,2026-07-25 05:31:59,0,0.0,0.0,Low Risk,0
TXN00001862,CUST1286,2026-07-02 14:46:43,0,0.0,0.0,Low Risk,0
TXN00006704,CUST1138,2026-07-17 11:57:10,0,0.0,0.0,Low Risk,0
TXN00005472,CUST1414,2026-07-13 14:03:40,0,0.0,0.0,Low Risk,0
TXN00002495,CUST1348,2026-07-04 12:16:06,0,0.0,0.0,Low Risk,0
TXN00000833,CUST1353,2026-06-29 11:37:57,0,0.0,0.0,Low Risk,0
TXN00005178,CUST1499,2026-07-12 17:23:52,0,0.0,0.0,Low Risk,0
TXN00001495,CUST1137,2026-07-01 11:14:53,0,0.0,0.0,Low Risk,0
TXN00008162,CUST1055,2026-07-21 21:08:07,0,0.0,0.0,Low Risk,0
TXN00000888,CUST1431,2026-06-29 15:37:06,0,0.0,0.0,Low Risk,0
TXN00000275,CUST1485,2026-06-27 18:56:16,0,0.0,0.0,Low Risk,0
TXN00009575,CUST1129,2026-07-26 02:18:52,0,0.0,0.0,Low Risk,0
TXN00000236,CUST1391,2026-06-27 15:36:21,0,0.0,0.0,Low Risk,0
TXN00004321,CUST1079,2026-07-10 04:27:11,0,0.0,0.0,Low Risk,0
TXN00009540,CUST1354,2026-07-26 00:04:04,0,0.0,0.0,Low Risk,0
TXN00004671,CUST1161,2026-07-11 04:42:44,0,0.0,0.0,Low Risk,0
TXN00001373,CUST1466,2026-07-01 02:43:06,0,0.0,0.0,Low Risk,0
TXN00003191,CUST1500,2026-07-06 16:10:57,0,0.0,0.0,Low Risk,0
TXN00003990,CUST1287,2026-07-09 03:56:55,0,0.0,0.0,Low Risk,0
TXN00003544,CUST1494,2026-07-07 18:28:26,0,0.0,0.0,Low Risk,0
TXN00003516,CUST1116,2026-07-07 16:34:30,0,0.0,0.0,Low Risk,0
TXN00001073,CUST1367,2026-06-30 04:29:30,0,0.0,0.0,Low Risk,0
TXN00001941,CUST1481,2026-07-02 19:46:43,0,0.0,0.0,Low Risk,0
TXN00008268,CUST1412,2026-07-22 05:23:36,0,0.0,0.0,Low Risk,0
TXN00003284,CUST1392,2026-07-06 22:49:50,0,0.0,0.0,Low Risk,0
TXN00002306,CUST1427,2026-07-03 22:08:57,0,0.0,0.0,Low Risk,0
TXN00006728,CUST1086,2026-07-17 13:15:01,0,0.0,0.0,Low Risk,0
TXN00006399,CUST1046,2026-07-16 12:31:21,0,0.0,0.0,Low Risk,0
TXN00008559,CUST1356,2026-07-23 01:33:24,0,0.0,0.0,Low Risk,0
TXN00005574,CUST1453,2026-07-13 21:24:42,0,0.0,0.0,Low Risk,0
TXN00005911,CUST1339,2026-07-14 23:20:38,0,0.0,0.0,Low Risk,0
TXN00001092,CUST1401,2026-06-30 05:42:13,0,0.0,0.0,Low Risk,0
TXN00005181,CUST1275,2026-07-12 17:33:18,0,0.0,0.0,Low Risk,0
TXN00006085,CUST1289,2026-07-15 12:51:20,0,0.0,0.0,Low Risk,0
TXN00008239,CUST1138,2026-07-22 03:14:02,0,0.0,0.0,Low Risk,0
TXN00003616,CUST1008,2026-07-08 00:21:57,0,0.0,0.0,Low Risk,0
TXN00002458,CUST1334,2026-07-04 09:18:12,0,0.0,0.0,Low Risk,0
TXN00001029,CUST1487,2026-06-30 01:37:01,0,0.0,0.0,Low Risk,0
TXN00002987,CUST1229,2026-07-06 01:30:12,0,0.0,0.0,Low Risk,0
TXN00001955,CUST1352,2026-07-02 20:45:29,0,0.0,0.0,Low Risk,0
TXN00003326,CUST1314,2026-07-07 01:59:10,0,0.0,0.0,Low Risk,0
TXN00002449,CUST1489,2026-07-04 08:34:22,0,0.0,0.0,Low Risk,0
TXN00008874,CUST1240,2026-07-23 23:44:13,0,0.0,0.0,Low Risk,0
TXN00005194,CUST1224,2026-07-12 18:17:44,0,0.0,0.0,Low Risk,0
TXN00000193,CUST1284,2026-06-27 12:25:54,0,0.0,0.0,Low Risk,0
TXN00003430,CUST1280,2026-07-07 09:58:45,0,0.0,0.0,Low Risk,0
TXN00009759,CUST1148,2026-07-26 16:00:43,0,0.0,0.0,Low Risk,0
TXN00000101,CUST1182,2026-06-27 05:47:32,0,0.0,0.0,Low Risk,0
TXN00005107,CUST1331,2026-07-12 12:28:04,0,0.0,0.0,Low Risk,0
TXN00004894,CUST1048,2026-07-11 20:51:54,0,0.0,0.0,Low Risk,0
TXN00002087,CUST1272,2026-07-03 06:46:32,0,0.0,0.0,Low Risk,0
TXN00009798,CUST1316,2026-07-26 18:47:08,0,0.0,0.0,Low Risk,0
TXN00005544,CUST1464,2026-07-13 19:08:42,0,0.0,0.0,Low Risk,0
TXN00007641,CUST1024,2026-07-20 06:34:21,0,0.0,0.0,Low Risk,0
TXN00003115,CUST1321,2026-07-06 10:57:03,0,0.0,0.0,Low Risk,0
TXN00009879,CUST1470,2026-07-27 00:31:14,0,0.0,0.0,Low Risk,0
TXN00006029,CUST1498,2026-07-15 08:36:13,0,0.0,0.0,Low Risk,0
TXN00005726,CUST1434,2026-07-14 09:00:41,0,0.0,0.0,Low Risk,0
TXN00009626,CUST1374,2026-07-26 06:08:44,0,0.0,0.0,Low Risk,0
TXN00005853,CUST1296,2026-07-14 18:29:41,0,0.0,0.0,Low Risk,0
TXN00006469,CUST1087,2026-07-16 17:22:38,0,0.0,0.0,Low Risk,0
TXN00003796,CUST1216,2026-07-08 14:04:48,0,0.0,0.0,Low Risk,0
TXN00001826,CUST1498,2026-07-02 11:59:16,0,0.0,0.0,Low Risk,0
TXN00000645,CUST1128,2026-06-28 22:09:01,0,0.0,0.0,Low Risk,0
TXN00007006,CUST1232,2026-07-18 08:10:07,0,0.0,0.0,Low Risk,0
TXN00009745,CUST1030,2026-07-26 14:57:11,0,0.0,0.0,Low Risk,0
TXN00000973,CUST1085,2026-06-29 21:27:26,0,0.0,0.0,Low Risk,0
TXN00009151,CUST1474,2026-07-24 19:27:13,0,0.0,0.0,Low Risk,0
TXN00004813,CUST1398,2026-07-11 14:41:55,0,0.0,0.0,Low Risk,0
TXN00007018,CUST1360,2026-07-18 08:58:45,0,0.0,0.0,Low Risk,0
TXN00007913,CUST1092,2026-07-21 02:24:06,0,0.0,0.0,Low Risk,0
TXN00001087,CUST1308,2026-06-30 05:32:54,0,0.0,0.0,Low Risk,0
TXN00002887,CUST1218,2026-07-05 17:56:01,0,0.0,0.0,Low Risk,0
TXN00000537,CUST1055,2026-06-28 14:07:42,0,0.0,0.0,Low Risk,0
TXN00002098,CUST1336,2026-07-03 07:41:40,0,0.0,0.0,Low Risk,0
TXN00003142,CUST1024,2026-07-06 13:00:54,0,0.0,0.0,Low Risk,0
TXN00005065,CUST1460,2026-07-12 09:05:23,0,0.0,0.0,Low Risk,0
TXN00008186,CUST1295,2026-07-21 22:56:43,0,0.0,0.0,Low Risk,0
TXN00004218,CUST1118,2026-07-09 20:38:48,0,0.0,0.0,Low Risk,0
TXN00003753,CUST1263,2026-07-08 10:59:57,0,0.0,0.0,Low Risk,0
TXN00002089,CUST1233,2026-07-03 06:57:41,0,0.0,0.0,Low Risk,0
TXN00004971,CUST1155,2026-07-12 02:41:18,0,0.0,0.0,Low Risk,0
TXN00001040,CUST1059,2026-06-30 02:27:16,0,0.0,0.0,Low Risk,0
TXN00003675,CUST1455,2026-07-08 05:02:35,0,0.0,0.0,Low Risk,0
TXN00009814,CUST1405,2026-07-26 19:54:04,0,0.0,0.0,Low Risk,0
TXN00009300,CUST1181,2026-07-25 06:16:57,0,0.0,0.0,Low Risk,0
TXN00008633,CUST1099,2026-07-23 06:51:42,0,0.0,0.0,Low Risk,0
TXN00001963,CUST1142,2026-07-02 21:31:14,0,0.0,0.0,Low Risk,0
TXN00005762,CUST1403,2026-07-14 11:16:50,0,0.0,0.0,Low Risk,0
TXN00002999,CUST1232,2026-07-06 02:26:14,0,0.0,0.0,Low Risk,0
TXN00006371,CUST1344,2026-07-16 10:48:42,0,0.0,0.0,Low Risk,0
TXN00001714,CUST1468,2026-07-02 03:49:09,0,0.0,0.0,Low Risk,0
TXN00004289,CUST1305,2026-07-10 01:36:11,0,0.0,0.0,Low Risk,0
TXN00009440,CUST1333,2026-07-25 16:06:28,0,0.0,0.0,Low Risk,0
TXN00003018,CUST1154,2026-07-06 03:42:17,0,0.0,0.0,Low Risk,0
TXN00004249,CUST1365,2026-07-09 22:48:52,0,0.0,0.0,Low Risk,0
TXN00004247,CUST1386,2026-07-09 22:37:12,0,0.0,0.0,Low Risk,0
TXN00008588,CUST1026,2026-07-23 03:52:57,0,0.0,0.0,Low Risk,0
TXN00006759,CUST1457,2026-07-17 15:21:24,0,0.0,0.0,Low Risk,0
TXN00006784,CUST1490,2026-07-17 16:48:14,0,0.0,0.0,Low Risk,0
TXN00009956,CUST1481,2026-07-27 05:42:17,0,0.0,0.0,Low Risk,0
TXN00002350,CUST1302,2026-07-04 01:15:24,0,0.0,0.0,Low Risk,0
TXN00005403,CUST1267,2026-07-13 08:57:21,0,0.0,0.0,Low Risk,0
TXN00008510,CUST1177,2026-07-22 22:29:54,0,0.0,0.0,Low Risk,0
TXN00003586,CUST1153,2026-07-07 21:44:55,0,0.0,0.0,Low Risk,0
TXN00003218,CUST1462,2026-07-06 18:13:16,0,0.0,0.0,Low Risk,0
TXN00008789,CUST1135,2026-07-23 18:21:34,0,0.0,0.0,Low Risk,0
TXN00003805,CUST1193,2026-07-08 14:48:33,0,0.0,0.0,Low Risk,0
TXN00005730,CUST1492,2026-07-14 09:06:56,0,0.0,0.0,Low Risk,0
TXN00009662,CUST1308,2026-07-26 08:25:19,0,0.0,0.0,Low Risk,0
TXN00005149,CUST1021,2026-07-12 15:27:16,0,0.0,0.0,Low Risk,0
TXN00007702,CUST1368,2026-07-20 10:18:15,0,0.0,0.0,Low Risk,0
TXN00006492,CUST1375,2026-07-16 19:07:31,0,0.0,0.0,Low Risk,0
TXN00007224,CUST1207,2026-07-19 00:42:08,0,0.0,0.0,Low Risk,0
TXN00000369,CUST1275,2026-06-28 01:35:59,0,0.0,0.0,Low Risk,0
TXN00008765,CUST1357,2026-07-23 16:38:10,0,0.0,0.0,Low Risk,0
TXN00003530,CUST1494,2026-07-07 17:31:41,0,0.0,0.0,Low Risk,0
TXN00007754,CUST1146,2026-07-20 14:23:52,0,0.0,0.0,Low Risk,0
TXN00003427,CUST1468,2026-07-07 09:47:32,0,0.0,0.0,Low Risk,0
TXN00002570,CUST1071,2026-07-04 18:15:15,0,0.0,0.0,Low Risk,0
TXN00002221,CUST1073,2026-07-03 16:15:15,0,0.0,0.0,Low Risk,0
TXN00005707,CUST1413,2026-07-14 07:48:26,0,0.0,0.0,Low Risk,0
TXN00002362,CUST1087,2026-07-04 02:06:08,0,0.0,0.0,Low Risk,0
TXN00007469,CUST1035,2026-07-19 18:03:29,0,0.0,0.0,Low Risk,0
TXN00003604,CUST1140,2026-07-07 23:16:11,0,0.0,0.0,Low Risk,0
TXN00009376,CUST1470,2026-07-25 11:42:13,0,0.0,0.0,Low Risk,0
TXN00008216,CUST1500,2026-07-22 01:30:49,0,0.0,0.0,Low Risk,0
TXN00008996,CUST1396,2026-07-24 07:47:13,0,0.0,0.0,Low Risk,0
TXN00003434,CUST1445,2026-07-07 10:11:47,0,0.0,0.0,Low Risk,0
TXN00001455,CUST1356,2026-07-01 08:29:45,0,0.0,0.0,Low Risk,0
TXN00005445,CUST1104,2026-07-13 12:19:24,0,0.0,0.0,Low Risk,0
TXN00006859,CUST1286,2026-07-17 22:17:27,0,0.0,0.0,Low Risk,0
TXN00008668,CUST1082,2026-07-23 09:20:11,0,0.0,0.0,Low Risk,0
TXN00006234,CUST1015,2026-07-16 00:48:53,0,0.0,0.0,Low Risk,0
TXN00001030,CUST1127,2026-06-30 01:37:38,0,0.0,0.0,Low Risk,0
TXN00005062,CUST1441,2026-07-12 08:52:08,0,0.0,0.0,Low Risk,0
TXN00006938,CUST1098,2026-07-18 03:16:16,0,0.0,0.0,Low Risk,0
TXN00007803,CUST1050,2026-07-20 18:16:23,0,0.0,0.0,Low Risk,0
TXN00002083,CUST1365,2026-07-03 06:27:21,0,0.0,0.0,Low Risk,0
TXN00001139,CUST1126,2026-06-30 08:38:15,0,0.0,0.0,Low Risk,0
TXN00002645,CUST1419,2026-07-05 00:40:19,0,0.0,0.0,Low Risk,0
TXN00007549,CUST1040,2026-07-19 23:40:38,0,0.0,0.0,Low Risk,0
TXN00005197,CUST1434,2026-07-12 18:29:19,0,0.0,0.0,Low Risk,0
TXN00003914,CUST1467,2026-07-08 22:27:14,0,0.0,0.0,Low Risk,0
TXN00001320,CUST1031,2026-06-30 22:28:19,0,0.0,0.0,Low Risk,0
TXN00003890,CUST1295,2026-07-08 20:35:14,0,0.0,0.0,Low Risk,0
TXN00009501,CUST1403,2026-07-25 20:57:07,0,0.0,0.0,Low Risk,0
TXN00007393,CUST1070,2026-07-19 12:11:04,0,0.0,0.0,Low Risk,0
TXN00004997,CUST1047,2026-07-12 04:16:27,0,0.0,0.0,Low Risk,0
TXN00009451,CUST1017,2026-07-25 16:58:49,0,0.0,0.0,Low Risk,0
TXN00009987,CUST1160,2026-07-27 08:27:13,0,0.0,0.0,Low Risk,0
TXN00008122,CUST1345,2026-07-21 17:54:41,0,0.0,0.0,Low Risk,0
TXN00008876,CUST1328,2026-07-23 23:49:09,0,0.0,0.0,Low Risk,0
TXN00003227,CUST1391,2026-07-06 18:43:35,0,0.0,0.0,Low Risk,0
TXN00002714,CUST1072,2026-07-05 05:32:47,0,0.0,0.0,Low Risk,0
TXN00003381,CUST1397,2026-07-07 06:16:39,0,0.0,0.0,Low Risk,0
TXN00005228,CUST1422,2026-07-12 20:41:45,0,0.0,0.0,Low Risk,0
TXN00006428,CUST1100,2026-07-16 14:34:22,0,0.0,0.0,Low Risk,0
TXN00001658,CUST1368,2026-07-01 23:48:11,0,0.0,0.0,Low Risk,0
TXN00003948,CUST1413,2026-07-09 01:02:12,0,0.0,0.0,Low Risk,0
TXN00008493,CUST1117,2026-07-22 21:16:25,0,0.0,0.0,Low Risk,0
TXN00005964,CUST1023,2026-07-15 03:31:49,0,0.0,0.0,Low Risk,0
TXN00004816,CUST1108,2026-07-11 14:55:42,0,0.0,0.0,Low Risk,0
TXN00004404,CUST1235,2026-07-10 10:15:48,0,0.0,0.0,Low Risk,0
TXN00005435,CUST1359,2026-07-13 02:28:41,1,1.0,100.0,High Risk,1
TXN00004431,CUST1486,2026-07-10 12:04:58,0,0.0,0.0,Low Risk,0
TXN00002971,CUST1128,2026-07-06 00:17:45,0,0.0,0.0,Low Risk,0
TXN00008733,CUST1275,2026-07-23 14:16:49,0,0.0,0.0,Low Risk,0
TXN00002074,CUST1312,2026-07-03 05:35:25,0,0.0,0.0,Low Risk,0
TXN00003364,CUST1496,2026-07-07 04:52:46,0,0.0,0.0,Low Risk,0
TXN00005318,CUST1027,2026-07-13 02:22:30,0,0.0,0.0,Low Risk,0
TXN00006297,CUST1262,2026-07-16 05:17:30,0,0.0,0.0,Low Risk,0
TXN00001641,CUST1136,2026-07-01 22:26:03,0,0.0,0.0,Low Risk,0
TXN00006764,CUST1058,2026-07-17 15:37:54,0,0.0,0.0,Low Risk,0
TXN00008957,CUST1325,2026-07-24 05:04:53,0,0.0,0.0,Low Risk,0
TXN00004820,CUST1353,2026-07-11 15:11:34,0,0.0,0.0,Low Risk,0
TXN00000624,CUST1443,2026-06-28 20:35:10,0,0.0,0.0,Low Risk,0
TXN00005345,CUST1379,2026-07-13 04:45:26,0,0.0,0.0,Low Risk,0
TXN00004730,CUST1318,2026-07-11 09:11:39,0,0.0,0.0,Low Risk,0
TXN00004276,CUST1499,2026-07-10 00:47:08,0,0.0,0.0,Low Risk,0
TXN00002773,CUST1269,2026-07-05 10:05:34,0,0.0,0.0,Low Risk,0
TXN00001270,CUST1246,2026-06-30 18:38:03,0,0.0,0.0,Low Risk,0
TXN00000228,CUST1153,2026-06-27 15:01:02,0,0.0,0.0,Low Risk,0
TXN00007130,CUST1161,2026-07-18 17:26:02,0,0.0,0.0,Low Risk,0
TXN00007626,CUST1136,2026-07-20 05:26:59,0,0.0,0.0,Low Risk,0
TXN00001284,CUST1252,2026-06-30 19:46:22,0,0.0,0.0,Low Risk,0
TXN00009806,CUST1327,2026-07-26 19:13:12,0,0.0,0.0,Low Risk,0
TXN00004358,CUST1402,2026-07-10 07:00:19,0,0.0,0.0,Low Risk,0
TXN00005053,CUST1110,2026-07-12 08:04:55,0,0.0,0.0,Low Risk,0
TXN00005441,CUST1140,2026-07-13 11:58:26,0,0.0,0.0,Low Risk,0
TXN00001780,CUST1147,2026-07-02 08:28:50,0,0.0,0.0,Low Risk,0
TXN00007368,CUST1435,2026-07-19 10:24:53,0,0.0,0.0,Low Risk,0
TXN00000336,CUST1296,2026-06-27 23:15:53,0,0.0,0.0,Low Risk,0
TXN00006128,CUST1173,2026-07-15 16:29:42,0,0.0,0.0,Low Risk,0
TXN00007342,CUST1421,2026-07-19 08:29:03,0,0.0,0.0,Low Risk,0
TXN00000772,CUST1108,2026-06-29 07:23:14,0,0.0,0.0,Low Risk,0
TXN00004373,CUST1293,2026-07-10 07:51:48,0,0.0,0.0,Low Risk,0
TXN00007673,CUST1115,2026-07-20 08:20:51,0,0.0,0.0,Low Risk,0
TXN00008045,CUST1142,2026-07-21 12:04:50,0,0.0,0.0,Low Risk,0
TXN00003291,CUST1061,2026-07-06 23:28:25,0,0.0,0.0,Low Risk,0
TXN00005662,CUST1089,2026-07-14 04:15:00,0,0.0,0.0,Low Risk,0
TXN00000277,CUST1085,2026-06-27 19:04:52,0,0.0,0.0,Low Risk,0
TXN00002377,CUST1331,2026-07-04 03:25:45,0,0.0,0.0,Low Risk,0
TXN00002876,CUST1255,2026-07-05 17:18:49,0,0.0,0.0,Low Risk,0
TXN00009422,CUST1314,2026-07-25 14:35:04,0,0.0,0.0,Low Risk,0
TXN00000165,CUST1460,2026-06-27 10:16:35,0,0.0,0.0,Low Risk,0
TXN00001429,CUST1090,2026-07-01 06:40:47,0,0.0,0.0,Low Risk,0
TXN00004066,CUST1195,2026-07-09 08:43:42,0,0.0,0.0,Low Risk,0
TXN00001546,CUST1472,2026-07-01 15:36:34,0,0.0,0.0,Low Risk,0
TXN00001773,CUST1467,2026-07-02 07:59:07,0,0.0,0.0,Low Risk,0
TXN00003930,CUST1164,2026-07-08 02:39:29,1,1.0,100.0,High Risk,1
TXN00009108,CUST1149,2026-07-24 16:48:46,0,0.0,0.0,Low Risk,0
TXN00001326,CUST1391,2026-06-30 23:04:31,0,0.0,0.0,Low Risk,0
TXN00005796,CUST1328,2026-07-14 13:45:40,0,0.0,0.0,Low Risk,0
TXN00006681,CUST1411,2026-07-17 10:02:04,0,0.0,0.0,Low Risk,0
TXN00007166,CUST1039,2026-07-18 20:06:21,0,0.0,0.0,Low Risk,0
TXN00003089,CUST1426,2026-07-06 09:10:55,0,0.0,0.0,Low Risk,0
TXN00007707,CUST1213,2026-07-20 10:43:41,0,0.0,0.0,Low Risk,0
TXN00004009,CUST1246,2026-07-09 04:57:21,0,0.0,0.0,Low Risk,0
TXN00003474,CUST1195,2026-07-07 13:11:41,0,0.0,0.0,Low Risk,0
TXN00006201,CUST1141,2026-07-15 22:11:20,0,0.0,0.0,Low Risk,0
TXN00007516,CUST1142,2026-07-19 21:43:15,0,0.0,0.0,Low Risk,0
TXN00007419,CUST1285,2026-07-19 14:28:55,0,0.0,0.0,Low Risk,0
TXN00001819,CUST1213,2026-07-02 11:15:33,0,0.0,0.0,Low Risk,0
TXN00005273,CUST1371,2026-07-12 23:37:13,0,0.0,0.0,Low Risk,0
TXN00005695,CUST1029,2026-07-14 06:59:57,0,0.0,0.0,Low Risk,0
TXN00005974,CUST1078,2026-07-15 04:19:56,0,0.0,0.0,Low Risk,0
TXN00001709,CUST1196,2026-07-02 03:32:58,0,0.0,0.0,Low Risk,0
TXN00006487,CUST1197,2026-07-16 18:43:20,0,0.0,0.0,Low Risk,0
TXN00000740,CUST1064,2026-06-29 04:44:34,0,0.0,0.0,Low Risk,0
TXN00005867,CUST1134,2026-07-14 19:32:05,0,0.0,0.0,Low Risk,0
TXN00000875,CUST1426,2026-06-29 14:49:53,0,0.0,0.0,Low Risk,0
TXN00008406,CUST1121,2026-07-22 15:05:49,0,0.0,0.0,Low Risk,0
TXN00005390,CUST1252,2026-07-13 08:00:01,0,0.0,0.0,Low Risk,0
TXN00000642,CUST1443,2026-06-28 21:55:20,0,0.0,0.0,Low Risk,0
TXN00007850,CUST1465,2026-07-20 21:39:52,0,0.0,0.0,Low Risk,0
TXN00008126,CUST1039,2026-07-21 18:09:21,0,0.0,0.0,Low Risk,0
TXN00005172,CUST1043,2026-07-12 16:55:39,0,0.0,0.0,Low Risk,0
TXN00007531,CUST1283,2026-07-19 22:46:20,0,0.0,0.0,Low Risk,0
TXN00000157,CUST1127,2026-06-27 09:41:48,0,0.0,0.0,Low Risk,0
TXN00004335,CUST1158,2026-07-10 05:22:42,0,0.0,0.0,Low Risk,0
TXN00008146,CUST1103,2026-07-21 19:53:36,0,0.0,0.0,Low Risk,0
TXN00009169,CUST1180,2026-07-24 20:39:12,0,0.0,0.0,Low Risk,0
TXN00009756,CUST1479,2026-07-26 15:42:32,0,0.0,0.0,Low Risk,0
TXN00004386,CUST1086,2026-07-10 08:49:08,0,0.0,0.0,Low Risk,0
TXN00001223,CUST1275,2026-06-30 15:04:17,0,0.0,0.0,Low Risk,0
TXN00006931,CUST1477,2026-07-18 02:47:38,0,0.0,0.0,Low Risk,0
TXN00000965,CUST1015,2026-06-29 20:47:18,0,0.0,0.0,Low Risk,0
TXN00001353,CUST1233,2026-07-01 00:56:37,0,0.0,0.0,Low Risk,0
TXN00008128,CUST1477,2026-07-21 18:22:30,0,0.0,0.0,Low Risk,0
TXN00003696,CUST1192,2026-07-08 06:32:54,0,0.0,0.0,Low Risk,0
TXN00006763,CUST1250,2026-07-17 15:31:22,0,0.0,0.0,Low Risk,0
TXN00006501,CUST1098,2026-07-16 19:45:37,0,0.0,0.0,Low Risk,0
TXN00005901,CUST1499,2026-07-14 22:37:23,0,0.0,0.0,Low Risk,0
TXN00003225,CUST1161,2026-07-06 18:33:54,0,0.0,0.0,Low Risk,0
TXN00006012,CUST1018,2026-07-15 07:17:19,0,0.0,0.0,Low Risk,0
TXN00003836,CUST1422,2026-07-08 16:48:33,0,0.0,0.0,Low Risk,0
TXN00000301,CUST1062,2026-06-27 20:35:06,0,0.0,0.0,Low Risk,0
TXN00003830,CUST1345,2026-07-08 16:27:51,0,0.0,0.0,Low Risk,0
TXN00009648,CUST1414,2026-07-26 07:26:00,0,0.0,0.0,Low Risk,0
TXN00002076,CUST1034,2026-07-03 05:48:22,0,0.0,0.0,Low Risk,0
TXN00007615,CUST1377,2026-07-20 04:37:38,0,0.0,0.0,Low Risk,0
TXN00008296,CUST1154,2026-07-22 07:19:48,0,0.0,0.0,Low Risk,0
TXN00006658,CUST1400,2026-07-17 08:20:02,0,0.0,0.0,Low Risk,0
TXN00004052,CUST1075,2026-07-09 07:40:12,0,0.0,0.0,Low Risk,0
TXN00005215,CUST1062,2026-07-12 19:34:40,0,0.0,0.0,Low Risk,0
TXN00006611,CUST1054,2026-07-17 04:23:45,0,0.0,0.0,Low Risk,0
TXN00007408,CUST1495,2026-07-19 13:35:47,0,0.0,0.0,Low Risk,0
TXN00000039,CUST1004,2026-06-27 00:56:38,0,0.0,0.0,Low Risk,0
TXN00009533,CUST1237,2026-07-25 23:25:19,0,0.0,0.0,Low Risk,0
TXN00001332,CUST1042,2026-06-30 23:27:22,0,0.0,0.0,Low Risk,0
TXN00003689,CUST1491,2026-07-08 06:01:01,0,0.0,0.0,Low Risk,0
TXN00006228,CUST1133,2026-07-16 00:16:36,0,0.0,0.0,Low Risk,0
TXN00007319,CUST1397,2026-07-19 06:50:42,0,0.0,0.0,Low Risk,0
TXN00002678,CUST1467,2026-07-05 02:50:46,0,0.0,0.0,Low Risk,0
TXN00006660,CUST1039,2026-07-17 08:27:45,0,0.0,0.0,Low Risk,0
TXN00005687,CUST1497,2026-07-14 06:24:08,0,0.0,0.0,Low Risk,0
TXN00004210,CUST1290,2026-07-09 19:54:41,0,0.0,0.0,Low Risk,0
TXN00007023,CUST1378,2026-07-18 09:33:02,0,0.0,0.0,Low Risk,0
TXN00003277,CUST1186,2026-07-06 22:33:15,0,0.0,0.0,Low Risk,0
TXN00002011,CUST1090,2026-07-03 00:43:38,0,0.0,0.0,Low Risk,0
TXN00000682,CUST1205,2026-06-29 01:03:16,0,0.0,0.0,Low Risk,0
TXN00000495,CUST1235,2026-06-28 11:00:44,0,0.0,0.0,Low Risk,0
TXN00006886,CUST1170,2026-07-18 00:14:59,0,0.0,0.0,Low Risk,0
TXN00004313,CUST1317,2026-07-10 03:41:44,0,0.0,0.0,Low Risk,0
TXN00009196,CUST1076,2026-07-24 22:51:46,0,0.0,0.0,Low Risk,0
TXN00009734,CUST1356,2026-07-26 14:11:32,0,0.0,0.0,Low Risk,0
TXN00000447,CUST1492,2026-06-28 07:49:16,0,0.0,0.0,Low Risk,0
TXN00004703,CUST1073,2026-07-11 06:55:12,0,0.0,0.0,Low Risk,0
TXN00009438,CUST1241,2026-07-25 15:57:42,0,0.0,0.0,Low Risk,0
TXN00009386,CUST1163,2026-07-25 12:19:56,0,0.0,0.0,Low Risk,0
TXN00005303,CUST1165,2026-07-13 01:16:02,0,0.0,0.0,Low Risk,0
TXN00009911,CUST1212,2026-07-27 02:48:26,0,0.0,0.0,Low Risk,0
TXN00008096,CUST1247,2026-07-21 16:05:27,0,0.0,0.0,Low Risk,0
TXN00008507,CUST1389,2026-07-22 22:18:16,0,0.0,0.0,Low Risk,0
TXN00008181,CUST1162,2026-07-21 22:25:37,0,0.0,0.0,Low Risk,0
TXN00009850,CUST1322,2026-07-26 22:04:31,0,0.0,0.0,Low Risk,0
TXN00004867,CUST1360,2026-07-11 18:36:16,0,0.0,0.0,Low Risk,0
TXN00007611,CUST1338,2026-07-20 04:19:40,0,0.0,0.0,Low Risk,0
TXN00001154,CUST1015,2026-06-30 09:58:30,0,0.0,0.0,Low Risk,0
TXN00008682,CUST1185,2026-07-23 10:24:57,0,0.0,0.0,Low Risk,0
TXN00000345,CUST1050,2026-06-27 23:59:17,0,0.0,0.0,Low Risk,0
TXN00000738,CUST1340,2026-06-29 04:36:59,0,0.0,0.0,Low Risk,0
TXN00000862,CUST1287,2026-06-29 13:55:05,0,0.0,0.0,Low Risk,0
TXN00000055,CUST1050,2026-06-27 01:54:59,0,0.0,0.0,Low Risk,0
TXN00005858,CUST1084,2026-07-14 18:49:18,0,0.0,0.0,Low Risk,0
TXN00003188,CUST1376,2026-07-06 15:56:37,0,0.0,0.0,Low Risk,0
TXN00007605,CUST1229,2026-07-20 03:51:16,0,0.0,0.0,Low Risk,0
TXN00001923,CUST1487,2026-07-02 18:23:45,0,0.0,0.0,Low Risk,0
TXN00008079,CUST1495,2026-07-21 14:40:49,0,0.0,0.0,Low Risk,0
TXN00005645,CUST1274,2026-07-14 02:53:33,0,0.0,0.0,Low Risk,0
TXN00002133,CUST1048,2026-07-03 09:54:24,0,0.0,0.0,Low Risk,0
TXN00001682,CUST1228,2026-07-02 01:36:21,0,0.0,0.0,Low Risk,0
TXN00005075,CUST1220,2026-07-12 09:50:32,0,0.0,0.0,Low Risk,0
TXN00001261,CUST1445,2026-06-30 17:57:40,0,0.0,0.0,Low Risk,0
TXN00006266,CUST1411,2026-07-16 02:55:49,0,0.0,0.0,Low Risk,0
TXN00007335,CUST1028,2026-07-19 07:48:08,0,0.0,0.0,Low Risk,0
TXN00000677,CUST1396,2026-06-29 00:49:16,0,0.0,0.0,Low Risk,0
TXN00003647,CUST1197,2026-07-08 03:03:44,0,0.0,0.0,Low Risk,0
TXN00004571,CUST1054,2026-07-10 21:52:43,0,0.0,0.0,Low Risk,0
TXN00003130,CUST1369,2026-07-06 12:05:05,0,0.0,0.0,Low Risk,0
TXN00004457,CUST1059,2026-07-10 13:48:16,0,0.0,0.0,Low Risk,0
TXN00009475,CUST1167,2026-07-25 18:42:32,0,0.0,0.0,Low Risk,0
TXN00008751,CUST1353,2026-07-23 15:32:34,0,0.0,0.0,Low Risk,0
TXN00009950,CUST1168,2026-07-27 05:16:21,1,1.0,100.0,High Risk,1
TXN00006813,CUST1479,2026-07-17 19:24:17,1,1.0,100.0,High Risk,1
TXN00002381,CUST1053,2026-07-04 03:51:16,0,0.0,0.0,Low Risk,0
TXN00003558,CUST1371,2026-07-07 19:29:55,0,0.0,0.0,Low Risk,0
TXN00003874,CUST1206,2026-07-08 19:19:30,0,0.0,0.0,Low Risk,0
TXN00000987,CUST1043,2026-06-29 22:29:25,0,0.0,0.0,Low Risk,0
TXN00007523,CUST1450,2026-07-19 22:11:09,0,0.0,0.0,Low Risk,0
TXN00009655,CUST1302,2026-07-26 07:54:09,0,0.0,0.0,Low Risk,0
TXN00001220,CUST1162,2026-06-30 14:56:11,0,0.0,0.0,Low Risk,0
TXN00007650,CUST1425,2026-07-20 06:57:38,0,0.0,0.0,Low Risk,0
TXN00008125,CUST1176,2026-07-21 18:06:46,0,0.0,0.0,Low Risk,0
TXN00007106,CUST1443,2026-07-18 15:42:04,0,0.0,0.0,Low Risk,0
TXN00006529,CUST1306,2026-07-16 21:59:56,0,0.0,0.0,Low Risk,0
TXN00008597,CUST1065,2026-07-23 04:21:36,0,0.0,0.0,Low Risk,0
TXN00007519,CUST1069,2026-07-19 21:54:07,0,0.0,0.0,Low Risk,0
TXN00009362,CUST1353,2026-07-25 10:34:29,0,0.0,0.0,Low Risk,0
TXN00000283,CUST1494,2026-06-27 19:27:34,0,0.0,0.0,Low Risk,0
TXN00003520,CUST1052,2026-07-07 16:49:16,0,0.0,0.0,Low Risk,0
TXN00004573,CUST1213,2026-07-10 22:07:33,0,0.0,0.0,Low Risk,0
TXN00001084,CUST1155,2026-06-30 05:21:03,0,0.0,0.0,Low Risk,0
TXN00000534,CUST1136,2026-06-28 13:56:32,0,0.0,0.0,Low Risk,0
TXN00001515,CUST1008,2026-07-01 12:39:55,0,0.0,0.0,Low Risk,0
TXN00005842,CUST1253,2026-07-14 17:31:41,0,0.0,0.0,Low Risk,0
TXN00003294,CUST1050,2026-07-06 23:40:26,0,0.0,0.0,Low Risk,0
TXN00004256,CUST1289,2026-07-09 23:21:49,0,0.0,0.0,Low Risk,0
TXN00008352,CUST1041,2026-07-22 11:24:28,0,0.0,0.0,Low Risk,0
TXN00005663,CUST1091,2026-07-14 04:19:26,0,0.0,0.0,Low Risk,0
TXN00009229,CUST1193,2026-07-25 01:07:27,0,0.0,0.0,Low Risk,0
TXN00007091,CUST1402,2026-07-18 14:42:52,0,0.0,0.0,Low Risk,0
TXN00007828,CUST1348,2026-07-20 19:56:38,0,0.0,0.0,Low Risk,0
TXN00000076,CUST1454,2026-06-27 03:48:33,0,0.0,0.0,Low Risk,0
TXN00000998,CUST1109,2026-06-29 23:16:23,0,0.0,0.0,Low Risk,0
TXN00002531,CUST1067,2026-07-04 15:02:55,0,0.0,0.0,Low Risk,0
TXN00007719,CUST1332,2026-07-20 11:36:40,0,0.0,0.0,Low Risk,0
TXN00003268,CUST1392,2026-07-06 21:49:07,0,0.0,0.0,Low Risk,0
TXN00002877,CUST1355,2026-07-05 17:25:02,0,0.0,0.0,Low Risk,0
TXN00000978,CUST1319,2026-06-29 21:58:27,0,0.0,0.0,Low Risk,0
TXN00001708,CUST1446,2026-07-02 03:26:56,0,0.0,0.0,Low Risk,0
TXN00008342,CUST1146,2026-07-22 10:49:34,0,0.0,0.0,Low Risk,0
TXN00001930,CUST1381,2026-07-02 18:55:40,0,0.0,0.0,Low Risk,0
TXN00005965,CUST1135,2026-07-15 03:33:53,0,0.0,0.0,Low Risk,0
TXN00006061,CUST1235,2026-07-15 10:59:09,0,0.0,0.0,Low Risk,0
TXN00000955,CUST1280,2026-06-29 20:20:23,0,0.0,0.0,Low Risk,0
TXN00002129,CUST1035,2026-07-03 09:30:44,0,0.0,0.0,Low Risk,0
TXN00007844,CUST1394,2026-07-20 21:12:55,0,0.0,0.0,Low Risk,0
TXN00009107,CUST1222,2026-07-24 16:47:21,0,0.0,0.0,Low Risk,0
TXN00008083,CUST1395,2026-07-21 15:05:17,0,0.0,0.0,Low Risk,0
TXN00000872,CUST1457,2026-06-29 14:29:48,0,0.0,0.0,Low Risk,0
TXN00005413,CUST1049,2026-07-13 09:40:48,0,0.0,0.0,Low Risk,0
TXN00000239,CUST1489,2026-06-27 15:46:57,0,0.0,0.0,Low Risk,0
TXN00000583,CUST1354,2026-06-28 17:55:04,0,0.0,0.0,Low Risk,0
TXN00006771,CUST1336,2026-07-17 16:08:32,0,0.0,0.0,Low Risk,0
TXN00006064,CUST1007,2026-07-15 11:11:01,0,0.0,0.0,Low Risk,0
TXN00003490,CUST1474,2026-07-07 14:47:57,0,0.0,0.0,Low Risk,0
TXN00003073,CUST1066,2026-07-06 07:50:23,0,0.0,0.0,Low Risk,0
TXN00005586,CUST1282,2026-07-13 22:15:06,0,0.0,0.0,Low Risk,0
TXN00007160,CUST1494,2026-07-18 19:36:32,0,0.0,0.0,Low Risk,0
TXN00008914,CUST1292,2026-07-24 02:11:33,0,0.0,0.0,Low Risk,0
TXN00001993,CUST1111,2026-07-02 23:33:15,0,0.0,0.0,Low Risk,0
TXN00006683,CUST1161,2026-07-17 10:09:01,0,0.0,0.0,Low Risk,0
TXN00005409,CUST1499,2026-07-13 09:21:08,0,0.0,0.0,Low Risk,0
TXN00003000,CUST1089,2026-07-06 02:27:18,0,0.0,0.0,Low Risk,0
TXN00000143,CUST1449,2026-06-27 08:45:24,0,0.0,0.0,Low Risk,0
TXN00003692,CUST1079,2026-07-08 06:15:10,0,0.0,0.0,Low Risk,0
TXN00006458,CUST1324,2026-07-16 16:37:45,0,0.0,0.0,Low Risk,0
TXN00001166,CUST1451,2026-06-30 10:55:16,0,0.0,0.0,Low Risk,0
TXN00008299,CUST1440,2026-07-22 07:41:04,0,0.0,0.0,Low Risk,0
TXN00001973,CUST1109,2026-07-02 22:17:11,0,0.0,0.0,Low Risk,0
TXN00000782,CUST1346,2026-06-29 08:10:35,0,0.0,0.0,Low Risk,0
TXN00003779,CUST1031,2026-07-08 12:39:40,0,0.0,0.0,Low Risk,0
TXN00000371,CUST1072,2026-06-28 01:45:16,0,0.0,0.0,Low Risk,0
TXN00009634,CUST1461,2026-07-26 06:41:48,0,0.0,0.0,Low Risk,0
TXN00009512,CUST1266,2026-07-25 21:33:34,0,0.0,0.0,Low Risk,0
TXN00007442,CUST1436,2026-07-19 15:57:17,0,0.0,0.0,Low Risk,0
TXN00001662,CUST1447,2026-07-02 00:03:59,0,0.0,0.0,Low Risk,0
TXN00007528,CUST1397,2026-07-19 22:36:14,0,0.0,0.0,Low Risk,0
TXN00009328,CUST1374,2026-07-25 08:30:06,0,0.0,0.0,Low Risk,0
TXN00000266,CUST1418,2026-06-27 18:12:13,0,0.0,0.0,Low Risk,0
TXN00009530,CUST1397,2026-07-25 23:09:38,0,0.0,0.0,Low Risk,0
TXN00002669,CUST1140,2026-07-05 02:26:46,0,0.0,0.0,Low Risk,0
TXN00004906,CUST1168,2026-07-11 21:43:12,0,0.0,0.0,Low Risk,0
TXN00007645,CUST1053,2026-07-20 06:48:58,0,0.0,0.0,Low Risk,0
TXN00004354,CUST1284,2026-07-10 06:34:40,0,0.0,0.0,Low Risk,0
TXN00001407,CUST1166,2026-07-01 04:57:53,0,0.0,0.0,Low Risk,0
TXN00005562,CUST1016,2026-07-13 20:21:03,0,0.0,0.0,Low Risk,0
TXN00000006,CUST1126,2026-06-26 23:00:49,0,0.0,0.0,Low Risk,0
TXN00002594,CUST1084,2026-07-04 20:13:06,0,0.0,0.0,Low Risk,0
TXN00007829,CUST1333,2026-07-20 20:02:20,0,0.0,0.0,Low Risk,0
TXN00007188,CUST1480,2026-07-18 22:08:40,0,0.0,0.0,Low Risk,0
TXN00001582,CUST1391,2026-07-01 17:59:37,0,0.0,0.0,Low Risk,0
TXN00002508,CUST1146,2026-07-04 13:20:13,0,0.0,0.0,Low Risk,0
TXN00004873,CUST1165,2026-07-11 19:14:15,0,0.0,0.0,Low Risk,0
TXN00000967,CUST1173,2026-06-29 20:56:17,0,0.0,0.0,Low Risk,0
TXN00002861,CUST1140,2026-07-05 16:25:45,0,0.0,0.0,Low Risk,0
TXN00004244,CUST1107,2026-07-09 22:22:10,0,0.0,0.0,Low Risk,0
TXN00002909,CUST1180,2026-07-05 19:54:26,0,0.0,0.0,Low Risk,0
TXN00001668,CUST1324,2026-07-02 00:38:46,0,0.0,0.0,Low Risk,0
TXN00005759,CUST1456,2026-07-14 11:02:24,0,0.0,0.0,Low Risk,0
TXN00004099,CUST1329,2026-07-09 11:20:48,0,0.0,0.0,Low Risk,0
TXN00006141,CUST1445,2026-07-15 17:26:02,0,0.0,0.0,Low Risk,0
TXN00002147,CUST1169,2026-07-03 10:58:12,0,0.0,0.0,Low Risk,0
TXN00006134,CUST1432,2026-07-15 17:00:00,0,0.0,0.0,Low Risk,0
TXN00006033,CUST1065,2026-07-15 08:54:49,0,0.0,0.0,Low Risk,0
TXN00004915,CUST1498,2026-07-11 22:17:23,1,1.0,100.0,High Risk,1
TXN00004365,CUST1199,2026-07-10 07:31:22,0,0.0,0.0,Low Risk,0
TXN00002167,CUST1296,2026-07-03 12:22:45,0,0.0,0.0,Low Risk,0
TXN00006402,CUST1115,2026-07-16 12:40:55,0,0.0,0.0,Low Risk,0
TXN00007473,CUST1372,2026-07-19 18:29:59,0,0.0,0.0,Low Risk,0
TXN00005418,CUST1202,2026-07-13 10:10:12,0,0.0,0.0,Low Risk,0
TXN00002140,CUST1067,2026-07-03 10:24:34,0,0.0,0.0,Low Risk,0
TXN00003127,CUST1088,2026-07-06 11:56:57,0,0.0,0.0,Low Risk,0
TXN00009253,CUST1340,2026-07-25 02:56:16,0,0.0,0.0,Low Risk,0
TXN00002730,CUST1373,2026-07-05 06:56:04,0,0.0,0.0,Low Risk,0
TXN00005907,CUST1474,2026-07-14 22:54:03,0,0.0,0.0,Low Risk,0
TXN00003823,CUST1115,2026-07-08 16:09:28,0,0.0,0.0,Low Risk,0
TXN00001460,CUST1206,2026-07-01 08:54:40,0,0.0,0.0,Low Risk,0
TXN00002075,CUST1076,2026-07-03 05:41:40,0,0.0,0.0,Low Risk,0
TXN00005014,CUST1419,2026-07-12 05:14:16,0,0.0,0.0,Low Risk,0
TXN00000787,CUST1462,2026-06-29 08:35:18,0,0.0,0.0,Low Risk,0
TXN00002091,CUST1310,2026-07-03 07:09:34,0,0.0,0.0,Low Risk,0
TXN00001715,CUST1299,2026-07-02 03:51:40,0,0.0,0.0,Low Risk,0
TXN00007460,CUST1385,2026-07-19 17:25:02,0,0.0,0.0,Low Risk,0
TXN00003445,CUST1127,2026-07-07 10:56:34,0,0.0,0.0,Low Risk,0
TXN00000359,CUST1032,2026-06-28 00:54:45,0,0.0,0.0,Low Risk,0
TXN00008014,CUST1001,2026-07-21 09:30:28,0,0.0,0.0,Low Risk,0
TXN00007245,CUST1005,2026-07-19 01:56:30,0,0.0,0.0,Low Risk,0
TXN00003640,CUST1072,2026-07-08 02:23:14,0,0.0,0.0,Low Risk,0
TXN00007555,CUST1260,2026-07-20 00:08:32,0,0.0,0.0,Low Risk,0
TXN00007085,CUST1350,2026-07-18 14:09:21,0,0.0,0.0,Low Risk,0
TXN00001080,CUST1125,2026-06-30 04:58:55,0,0.0,0.0,Low Risk,0
TXN00004759,CUST1390,2026-07-11 11:21:35,0,0.0,0.0,Low Risk,0
TXN00008672,CUST1382,2026-07-23 09:42:59,0,0.0,0.0,Low Risk,0
TXN00008121,CUST1205,2026-07-21 17:53:08,0,0.0,0.0,Low Risk,0
TXN00000012,CUST1380,2026-06-26 23:16:00,0,0.0,0.0,Low Risk,0
TXN00006408,CUST1455,2026-07-16 13:07:04,0,0.0,0.0,Low Risk,0
TXN00001899,CUST1422,2026-07-02 16:58:11,0,0.0,0.0,Low Risk,0
TXN00004960,CUST1226,2026-07-12 02:01:30,0,0.0,0.0,Low Risk,0
TXN00008461,CUST1240,2026-07-22 18:49:01,0,0.0,0.0,Low Risk,0
TXN00009660,CUST1227,2026-07-26 08:21:22,0,0.0,0.0,Low Risk,0
TXN00005630,CUST1030,2026-07-14 01:45:31,0,0.0,0.0,Low Risk,0
TXN00009191,CUST1028,2026-07-24 22:23:09,0,0.0,0.0,Low Risk,0
TXN00003821,CUST1066,2026-07-08 15:58:23,0,0.0,0.0,Low Risk,0
TXN00005374,CUST1005,2026-07-13 07:01:31,1,1.0,100.0,High Risk,1
TXN00008472,CUST1358,2026-07-22 19:39:05,0,0.0,0.0,Low Risk,0
TXN00008195,CUST1204,2026-07-21 23:48:53,0,0.0,0.0,Low Risk,0
TXN00001081,CUST1053,2026-06-30 05:00:46,0,0.0,0.0,Low Risk,0
TXN00008920,CUST1286,2026-07-24 02:36:56,0,0.0,0.0,Low Risk,0
TXN00008515,CUST1353,2026-07-22 23:07:06,0,0.0,0.0,Low Risk,0
TXN00008709,CUST1244,2026-07-23 12:24:00,0,0.0,0.0,Low Risk,0
TXN00004497,CUST1194,2026-07-10 16:31:12,0,0.0,0.0,Low Risk,0
TXN00002439,CUST1443,2026-07-04 08:03:28,0,0.0,0.0,Low Risk,0
TXN00000639,CUST1211,2026-06-28 21:39:37,0,0.0,0.0,Low Risk,0
TXN00007762,CUST1247,2026-07-20 15:07:48,0,0.0,0.0,Low Risk,0
TXN00009674,CUST1107,2026-07-26 09:25:59,0,0.0,0.0,Low Risk,0
TXN00000971,CUST1208,2026-06-29 21:21:08,0,0.0,0.0,Low Risk,0
TXN00004623,CUST1237,2026-07-11 01:16:14,0,0.0,0.0,Low Risk,0
TXN00008946,CUST1227,2026-07-24 04:26:21,0,0.0,0.0,Low Risk,0
TXN00002393,CUST1488,2026-07-04 04:54:43,0,0.0,0.0,Low Risk,0
TXN00000936,CUST1451,2026-06-29 19:03:53,0,0.0,0.0,Low Risk,0
TXN00007550,CUST1373,2026-07-19 23:47:53,0,0.0,0.0,Low Risk,0
TXN00002024,CUST1009,2026-07-03 01:46:27,0,0.0,0.0,Low Risk,0
TXN00009271,CUST1463,2026-07-25 04:14:57,0,0.0,0.0,Low Risk,0
TXN00004500,CUST1307,2026-07-10 16:39:22,0,0.0,0.0,Low Risk,0
TXN00003448,CUST1153,2026-07-07 11:05:17,0,0.0,0.0,Low Risk,0
TXN00008113,CUST1275,2026-07-21 04:20:23,1,1.0,100.0,High Risk,1
TXN00000533,CUST1069,2026-06-28 13:52:58,0,0.0,0.0,Low Risk,0
TXN00005723,CUST1073,2026-07-14 08:44:35,0,0.0,0.0,Low Risk,0
TXN00000005,CUST1141,2026-06-26 22:58:20,0,0.0,0.0,Low Risk,0
TXN00001703,CUST1093,2026-07-02 03:06:40,0,0.0,0.0,Low Risk,0
TXN00001362,CUST1302,2026-07-01 01:52:08,0,0.0,0.0,Low Risk,0
TXN00006409,CUST1170,2026-07-16 13:07:56,0,0.0,0.0,Low Risk,0
TXN00005571,CUST1141,2026-07-13 21:05:18,0,0.0,0.0,Low Risk,0
TXN00002697,CUST1164,2026-07-05 03:26:47,1,0.8161236171236171,81.61,High Risk,1
TXN00006896,CUST1232,2026-07-18 00:46:44,0,0.0,0.0,Low Risk,0
TXN00006988,CUST1311,2026-07-18 06:47:28,0,0.0,0.0,Low Risk,0
TXN00007249,CUST1229,2026-07-19 02:15:53,0,0.0,0.0,Low Risk,0
TXN00008698,CUST1300,2026-07-23 11:38:48,0,0.0,0.0,Low Risk,0
TXN00001042,CUST1486,2026-06-30 02:30:27,0,0.0,0.0,Low Risk,0
TXN00006546,CUST1416,2026-07-16 23:14:42,0,0.0,0.0,Low Risk,0
TXN00009546,CUST1331,2026-07-26 00:21:26,0,0.0,0.0,Low Risk,0
TXN00005522,CUST1206,2026-07-13 17:40:17,0,0.0,0.0,Low Risk,0
TXN00005352,CUST1253,2026-07-13 05:30:11,0,0.0,0.0,Low Risk,0
TXN00004518,CUST1416,2026-07-10 17:57:54,0,0.0,0.0,Low Risk,0
TXN00005392,CUST1031,2026-07-13 08:03:21,0,0.0,0.0,Low Risk,0
TXN00007066,CUST1450,2026-07-18 13:04:19,0,0.0,0.0,Low Risk,0
TXN00007266,CUST1059,2026-07-19 03:23:44,0,0.0,0.0,Low Risk,0
TXN00004572,CUST1152,2026-07-10 21:59:37,0,0.0,0.0,Low Risk,0
TXN00000904,CUST1172,2026-06-29 16:47:44,0,0.0,0.0,Low Risk,0
TXN00005034,CUST1196,2026-07-12 06:45:41,0,0.0,0.0,Low Risk,0
TXN00005580,CUST1126,2026-07-13 21:53:58,0,0.0,0.0,Low Risk,0
TXN00005680,CUST1073,2026-07-14 05:51:18,0,0.0,0.0,Low Risk,0
TXN00006211,CUST1016,2026-07-15 22:51:28,0,0.0,0.0,Low Risk,0
TXN00004019,CUST1283,2026-07-09 05:30:04,0,0.0,0.0,Low Risk,0
TXN00007889,CUST1186,2026-07-21 00:33:12,0,0.0,0.0,Low Risk,0
TXN00003790,CUST1070,2026-07-08 13:38:02,0,0.0,0.0,Low Risk,0
TXN00009988,CUST1012,2026-07-27 08:32:06,0,0.0,0.0,Low Risk,0
TXN00006774,CUST1361,2026-07-17 16:14:00,0,0.0,0.0,Low Risk,0
TXN00008591,CUST1012,2026-07-23 03:59:06,0,0.0,0.0,Low Risk,0
TXN00007966,CUST1135,2026-07-21 05:48:46,0,0.0,0.0,Low Risk,0
TXN00004053,CUST1009,2026-07-09 07:47:55,0,0.0,0.0,Low Risk,0
TXN00003084,CUST1222,2026-07-06 08:50:19,0,0.0,0.0,Low Risk,0
TXN00005671,CUST1468,2026-07-14 05:03:50,0,0.0,0.0,Low Risk,0
TXN00007372,CUST1258,2026-07-19 10:36:31,0,0.0,0.0,Low Risk,0
TXN00009188,CUST1044,2026-07-24 22:12:40,0,0.0,0.0,Low Risk,0
TXN00006122,CUST1244,2026-07-15 16:03:34,0,0.0,0.0,Low Risk,0
TXN00003927,CUST1196,2026-07-08 23:28:01,0,0.0,0.0,Low Risk,0
TXN00003348,CUST1170,2026-07-07 03:44:20,0,0.0,0.0,Low Risk,0
TXN00009218,CUST1385,2026-07-25 00:17:54,0,0.0,0.0,Low Risk,0
TXN00001701,CUST1350,2026-07-02 02:53:03,0,0.0,0.0,Low Risk,0
TXN00009637,CUST1104,2026-07-26 06:55:12,0,0.0,0.0,Low Risk,0
TXN00003320,CUST1311,2026-07-07 01:39:21,0,0.0,0.0,Low Risk,0
TXN00002901,CUST1157,2026-07-05 19:16:40,0,0.0,0.0,Low Risk,0
TXN00005217,CUST1363,2026-07-12 19:41:20,0,0.0,0.0,Low Risk,0
TXN00000022,CUST1120,2026-06-26 23:52:02,0,0.0,0.0,Low Risk,0
TXN00001545,CUST1098,2026-07-01 15:32:19,0,0.0,0.0,Low Risk,0
TXN00008364,CUST1476,2026-07-22 12:09:00,0,0.0,0.0,Low Risk,0
TXN00002396,CUST1253,2026-07-04 05:03:30,0,0.0,0.0,Low Risk,0
TXN00003738,CUST1227,2026-07-08 09:58:54,0,0.0,0.0,Low Risk,0
TXN00000014,CUST1280,2026-06-26 23:26:24,0,0.0,0.0,Low Risk,0
TXN00003470,CUST1063,2026-07-07 12:55:48,0,0.0,0.0,Low Risk,0
TXN00008110,CUST1490,2026-07-21 17:09:33,0,0.0,0.0,Low Risk,0
TXN00008545,CUST1425,2026-07-23 00:41:54,0,0.0,0.0,Low Risk,0
TXN00002163,CUST1308,2026-07-03 12:13:50,0,0.0,0.0,Low Risk,0
TXN00006998,CUST1391,2026-07-18 07:31:11,0,0.0,0.0,Low Risk,0
TXN00008498,CUST1188,2026-07-22 21:43:27,0,0.0,0.0,Low Risk,0
TXN00002665,CUST1146,2026-07-05 02:04:44,0,0.0,0.0,Low Risk,0
TXN00002317,CUST1236,2026-07-03 22:54:22,0,0.0,0.0,Low Risk,0
TXN00002572,CUST1040,2026-07-04 18:21:55,0,0.0,0.0,Low Risk,0
TXN00005432,CUST1475,2026-07-13 11:06:16,0,0.0,0.0,Low Risk,0
TXN00003384,CUST1076,2026-07-07 06:29:47,0,0.0,0.0,Low Risk,0
TXN00007155,CUST1379,2026-07-18 19:16:45,0,0.0,0.0,Low Risk,0
TXN00006076,CUST1291,2026-07-15 12:07:56,0,0.0,0.0,Low Risk,0
TXN00002824,CUST1094,2026-07-05 13:37:30,0,0.0,0.0,Low Risk,0
TXN00003408,CUST1447,2026-07-07 08:36:15,0,0.0,0.0,Low Risk,0
TXN00005552,CUST1237,2026-07-13 19:36:32,0,0.0,0.0,Low Risk,0
TXN00000061,CUST1414,2026-06-27 02:29:23,0,0.0,0.0,Low Risk,0
TXN00008192,CUST1469,2026-07-21 23:36:57,0,0.0,0.0,Low Risk,0
TXN00009853,CUST1443,2026-07-26 22:15:37,0,0.0,0.0,Low Risk,0
TXN00001726,CUST1412,2026-07-02 04:46:03,0,0.0,0.0,Low Risk,0
TXN00003319,CUST1077,2026-07-07 01:34:28,0,0.0,0.0,Low Risk,0
TXN00007818,CUST1338,2026-07-20 19:01:35,0,0.0,0.0,Low Risk,0
TXN00000906,CUST1458,2026-06-29 16:50:28,0,0.0,0.0,Low Risk,0
TXN00003566,CUST1452,2026-07-07 20:20:40,0,0.0,0.0,Low Risk,0
TXN00009989,CUST1296,2026-07-27 08:35:34,0,0.0,0.0,Low Risk,0
TXN00003759,CUST1237,2026-07-08 11:23:17,0,0.0,0.0,Low Risk,0
TXN00002739,CUST1063,2026-07-05 07:37:24,0,0.0,0.0,Low Risk,0
TXN00002754,CUST1009,2026-07-05 08:30:05,0,0.0,0.0,Low Risk,0
TXN00006410,CUST1191,2026-07-16 13:16:09,0,0.0,0.0,Low Risk,0
TXN00005398,CUST1023,2026-07-13 08:24:57,0,0.0,0.0,Low Risk,0
TXN00004184,CUST1424,2026-07-09 17:42:48,0,0.0,0.0,Low Risk,0
TXN00005334,CUST1168,2026-07-13 03:49:06,0,0.0,0.0,Low Risk,0
TXN00008502,CUST1156,2026-07-22 21:57:29,0,0.0,0.0,Low Risk,0
TXN00007020,CUST1441,2026-07-18 09:12:49,0,0.0,0.0,Low Risk,0
TXN00006278,CUST1141,2026-07-16 03:43:33,0,0.0,0.0,Low Risk,0
TXN00001328,CUST1321,2026-06-30 23:09:30,0,0.0,0.0,Low Risk,0
TXN00009142,CUST1269,2026-07-24 18:45:34,0,0.0,0.0,Low Risk,0
TXN00003562,CUST1468,2026-07-07 19:53:27,0,0.0,0.0,Low Risk,0
TXN00001185,CUST1244,2026-06-30 12:23:34,0,0.0,0.0,Low Risk,0
TXN00007095,CUST1278,2026-07-18 15:03:52,0,0.0,0.0,Low Risk,0
TXN00000890,CUST1142,2026-06-29 15:45:01,0,0.0,0.0,Low Risk,0
TXN00005991,CUST1431,2026-07-15 05:53:24,0,0.0,0.0,Low Risk,0
TXN00001400,CUST1225,2026-07-01 04:31:58,0,0.0,0.0,Low Risk,0
TXN00001408,CUST1310,2026-07-01 04:59:39,0,0.0,0.0,Low Risk,0
TXN00007063,CUST1431,2026-07-18 12:43:45,0,0.0,0.0,Low Risk,0
TXN00001815,CUST1466,2026-07-02 10:54:05,0,0.0,0.0,Low Risk,0
TXN00004042,CUST1469,2026-07-09 07:02:52,0,0.0,0.0,Low Risk,0
TXN00008804,CUST1187,2026-07-23 19:33:12,0,0.0,0.0,Low Risk,0
TXN00006831,CUST1260,2026-07-17 20:25:36,0,0.0,0.0,Low Risk,0
TXN00006731,CUST1357,2026-07-17 13:25:07,0,0.0,0.0,Low Risk,0
TXN00009878,CUST1410,2026-07-27 00:26:47,0,0.0,0.0,Low Risk,0
TXN00009859,CUST1417,2026-07-26 22:54:19,0,0.0,0.0,Low Risk,0
TXN00007444,CUST1073,2026-07-19 16:09:48,0,0.0,0.0,Low Risk,0
TXN00003137,CUST1022,2026-07-06 12:35:48,0,0.0,0.0,Low Risk,0
TXN00002810,CUST1023,2026-07-05 12:35:33,0,0.0,0.0,Low Risk,0
TXN00003439,CUST1355,2026-07-07 10:40:23,0,0.0,0.0,Low Risk,0
TXN00000162,CUST1383,2026-06-27 10:00:42,0,0.0,0.0,Low Risk,0
TXN00001629,CUST1008,2026-07-01 21:33:17,0,0.0,0.0,Low Risk,0
TXN00001707,CUST1313,2026-07-02 03:19:02,0,0.0,0.0,Low Risk,0
TXN00002749,CUST1429,2026-07-05 08:10:46,0,0.0,0.0,Low Risk,0
TXN00008889,CUST1422,2026-07-24 00:32:38,0,0.0,0.0,Low Risk,0
TXN00005083,CUST1128,2026-07-12 03:36:52,1,1.0,100.0,High Risk,1
TXN00008882,CUST1456,2026-07-24 00:13:05,0,0.0,0.0,Low Risk,0
TXN00003918,CUST1219,2026-07-08 22:42:55,0,0.0,0.0,Low Risk,0
TXN00002530,CUST1201,2026-07-04 14:59:16,0,0.0,0.0,Low Risk,0
TXN00007912,CUST1248,2026-07-21 02:22:14,0,0.0,0.0,Low Risk,0
TXN00008180,CUST1318,2026-07-21 22:22:28,0,0.0,0.0,Low Risk,0
TXN00007968,CUST1190,2026-07-21 05:54:53,0,0.0,0.0,Low Risk,0
TXN00001957,CUST1279,2026-07-02 21:00:18,0,0.0,0.0,Low Risk,0
TXN00001892,CUST1168,2026-07-02 16:28:44,0,0.0,0.0,Low Risk,0
TXN00005096,CUST1338,2026-07-12 11:38:21,0,0.0,0.0,Low Risk,0
TXN00002670,CUST1231,2026-07-05 02:28:05,0,0.0,0.0,Low Risk,0
TXN00006687,CUST1049,2026-07-17 10:20:03,1,1.0,100.0,High Risk,1
TXN00002600,CUST1415,2026-07-04 20:49:41,0,0.0,0.0,Low Risk,0
TXN00000519,CUST1314,2026-06-28 12:59:12,0,0.0,0.0,Low Risk,0
TXN00009479,CUST1127,2026-07-25 19:07:47,0,0.0,0.0,Low Risk,0
TXN00002756,CUST1264,2026-07-05 08:36:39,0,0.0,0.0,Low Risk,0
TXN00004214,CUST1459,2026-07-09 20:10:21,0,0.0,0.0,Low Risk,0
TXN00007996,CUST1412,2026-07-21 07:59:31,0,0.0,0.0,Low Risk,0
TXN00006562,CUST1334,2026-07-17 00:30:08,0,0.0,0.0,Low Risk,0
TXN00005874,CUST1193,2026-07-14 20:02:43,1,1.0,100.0,High Risk,1
TXN00009136,CUST1334,2026-07-24 18:24:44,0,0.0,0.0,Low Risk,0
TXN00009345,CUST1466,2026-07-25 09:23:17,0,0.0,0.0,Low Risk,0
TXN00007755,CUST1485,2026-07-20 14:30:15,0,0.0,0.0,Low Risk,0
TXN00008736,CUST1065,2026-07-23 14:31:11,0,0.0,0.0,Low Risk,0
TXN00000260,CUST1291,2026-06-27 17:49:01,0,0.0,0.0,Low Risk,0
TXN00004667,CUST1251,2026-07-11 04:24:16,0,0.0,0.0,Low Risk,0
TXN00007105,CUST1288,2026-07-18 15:40:27,0,0.0,0.0,Low Risk,0
TXN00008949,CUST1463,2026-07-24 04:36:40,0,0.0,0.0,Low Risk,0
TXN00002005,CUST1440,2026-07-03 00:16:27,0,0.0,0.0,Low Risk,0
TXN00003995,CUST1465,2026-07-09 04:06:33,0,0.0,0.0,Low Risk,0
TXN00000201,CUST1454,2026-06-27 13:00:49,0,0.0,0.0,Low Risk,0
TXN00003787,CUST1210,2026-07-08 13:19:03,1,0.9405150220150218,94.05,High Risk,0
TXN00003907,CUST1141,2026-07-08 21:54:07,0,0.0,0.0,Low Risk,0
TXN00002728,CUST1281,2026-07-05 06:45:11,0,0.0,0.0,Low Risk,0
TXN00006099,CUST1249,2026-07-15 14:02:34,0,0.0,0.0,Low Risk,0
TXN00004435,CUST1161,2026-07-10 12:13:17,0,0.0,0.0,Low Risk,0
TXN00007238,CUST1317,2026-07-19 01:30:41,0,0.0,0.0,Low Risk,0
TXN00000839,CUST1454,2026-06-29 12:17:50,0,0.0,0.0,Low Risk,0
TXN00005245,CUST1414,2026-07-12 21:45:35,0,0.0,0.0,Low Risk,0
TXN00002070,CUST1038,2026-07-03 05:15:26,0,0.0,0.0,Low Risk,0
TXN00009120,CUST1205,2026-07-24 17:40:48,0,0.0,0.0,Low Risk,0
TXN00005834,CUST1198,2026-07-14 16:50:09,0,0.0,0.0,Low Risk,0
TXN00007178,CUST1136,2026-07-18 21:14:04,0,0.0,0.0,Low Risk,0
TXN00006754,CUST1351,2026-07-17 14:54:44,0,0.0,0.0,Low Risk,0
TXN00004129,CUST1342,2026-07-09 13:24:44,0,0.0,0.0,Low Risk,0
TXN00001756,CUST1295,2026-07-02 06:41:59,0,0.0,0.0,Low Risk,0
TXN00004556,CUST1295,2026-07-10 20:45:39,1,1.0,100.0,High Risk,1
TXN00002930,CUST1384,2026-07-05 21:19:59,0,0.0,0.0,Low Risk,0
TXN00004740,CUST1197,2026-07-11 09:51:26,0,0.0,0.0,Low Risk,0
TXN00009772,CUST1289,2026-07-26 16:59:38,0,0.0,0.0,Low Risk,0
TXN00009377,CUST1081,2026-07-25 11:42:34,0,0.0,0.0,Low Risk,0
TXN00001865,CUST1405,2026-07-02 14:51:11,0,0.0,0.0,Low Risk,0
TXN00008371,CUST1435,2026-07-22 12:38:56,0,0.0,0.0,Low Risk,0
TXN00008805,CUST1398,2026-07-23 19:37:44,0,0.0,0.0,Low Risk,0
TXN00001577,CUST1276,2026-07-01 17:28:06,0,0.0,0.0,Low Risk,0
TXN00004567,CUST1078,2026-07-10 21:38:27,0,0.0,0.0,Low Risk,0
TXN00008114,CUST1005,2026-07-21 17:28:27,0,0.0,0.0,Low Risk,0
TXN00005253,CUST1296,2026-07-12 22:10:03,0,0.0,0.0,Low Risk,0
TXN00007267,CUST1198,2026-07-19 03:31:52,0,0.0,0.0,Low Risk,0
TXN00004175,CUST1492,2026-07-09 17:04:30,0,0.0,0.0,Low Risk,0
TXN00009378,CUST1163,2026-07-25 11:44:18,0,0.0,0.0,Low Risk,0
TXN00006094,CUST1450,2026-07-15 13:40:15,0,0.0,0.0,Low Risk,0
TXN00001568,CUST1153,2026-07-01 16:54:02,0,0.0,0.0,Low Risk,0
TXN00006145,CUST1499,2026-07-15 17:47:34,0,0.0,0.0,Low Risk,0
TXN00007577,CUST1201,2026-07-20 01:42:22,0,0.0,0.0,Low Risk,0
TXN00003585,CUST1005,2026-07-07 21:43:21,0,0.0,0.0,Low Risk,0
TXN00000521,CUST1335,2026-06-28 13:06:14,0,0.0,0.0,Low Risk,0
TXN00005889,CUST1221,2026-07-14 21:32:43,0,0.0,0.0,Low Risk,0
TXN00000865,CUST1487,2026-06-29 14:10:23,0,0.0,0.0,Low Risk,0
TXN00003234,CUST1158,2026-07-06 19:27:48,0,0.0,0.0,Low Risk,0
TXN00003859,CUST1124,2026-07-08 18:16:46,0,0.0,0.0,Low Risk,0
TXN00009477,CUST1235,2026-07-25 18:57:50,0,0.0,0.0,Low Risk,0
TXN00004282,CUST1430,2026-07-10 01:10:57,0,0.0,0.0,Low Risk,0
TXN00003410,CUST1377,2026-07-07 08:46:23,0,0.0,0.0,Low Risk,0
TXN00000934,CUST1011,2026-06-29 19:00:12,0,0.0,0.0,Low Risk,0
TXN00006350,CUST1215,2026-07-16 09:01:12,0,0.0,0.0,Low Risk,0
TXN00002978,CUST1266,2026-07-06 00:49:37,0,0.0,0.0,Low Risk,0
TXN00005177,CUST1105,2026-07-12 17:15:36,0,0.0,0.0,Low Risk,0
TXN00000803,CUST1385,2026-06-29 09:40:40,0,0.0,0.0,Low Risk,0
TXN00009329,CUST1196,2026-07-25 08:37:08,0,0.0,0.0,Low Risk,0
TXN00001285,CUST1038,2026-06-30 19:54:36,0,0.0,0.0,Low Risk,0
TXN00000391,CUST1497,2026-06-28 03:28:29,0,0.0,0.0,Low Risk,0
TXN00003099,CUST1116,2026-07-06 09:53:43,0,0.0,0.0,Low Risk,0
TXN00001315,CUST1302,2026-06-30 21:54:24,0,0.0,0.0,Low Risk,0
TXN00003345,CUST1418,2026-07-07 03:28:25,0,0.0,0.0,Low Risk,0
TXN00005548,CUST1170,2026-07-13 19:23:27,0,0.0,0.0,Low Risk,0
TXN00006797,CUST1128,2026-07-17 17:53:13,0,0.0,0.0,Low Risk,0
TXN00000670,CUST1099,2026-06-29 00:09:18,0,0.0,0.0,Low Risk,0
TXN00003418,CUST1167,2026-07-07 09:10:17,0,0.0,0.0,Low Risk,0
TXN00000719,CUST1474,2026-06-29 03:25:09,0,0.0,0.0,Low Risk,0
TXN00004273,CUST1041,2026-07-10 00:29:47,0,0.0,0.0,Low Risk,0
TXN00002054,CUST1155,2026-07-03 04:06:50,0,0.0,0.0,Low Risk,0
TXN00007692,CUST1040,2026-07-20 09:34:52,0,0.0,0.0,Low Risk,0
TXN00002109,CUST1117,2026-07-03 08:13:33,0,0.0,0.0,Low Risk,0
TXN00003498,CUST1424,2026-07-07 15:14:17,0,0.0,0.0,Low Risk,0
TXN00004526,CUST1128,2026-07-10 18:30:39,0,0.0,0.0,Low Risk,0
TXN00001686,CUST1463,2026-07-02 01:54:52,0,0.0,0.0,Low Risk,0
TXN00001949,CUST1228,2026-07-02 20:21:54,0,0.0,0.0,Low Risk,0
TXN00001309,CUST1195,2026-06-30 21:33:21,0,0.0,0.0,Low Risk,0
TXN00006932,CUST1437,2026-07-18 02:54:09,0,0.0,0.0,Low Risk,0
TXN00007125,CUST1214,2026-07-18 17:01:18,0,0.0,0.0,Low Risk,0
TXN00005729,CUST1187,2026-07-14 09:06:16,0,0.0,0.0,Low Risk,0
TXN00002171,CUST1337,2026-07-03 12:42:37,0,0.0,0.0,Low Risk,0
TXN00002631,CUST1348,2026-07-04 23:25:01,0,0.0,0.0,Low Risk,0
TXN00002461,CUST1310,2026-07-04 09:35:39,0,0.0,0.0,Low Risk,0
TXN00000592,CUST1076,2026-06-28 18:36:07,0,0.0,0.0,Low Risk,0
TXN00009982,CUST1053,2026-07-27 08:05:25,0,0.0,0.0,Low Risk,0
TXN00003009,CUST1164,2026-07-06 03:03:33,0,0.0,0.0,Low Risk,0
TXN00000567,CUST1395,2026-06-28 16:30:06,0,0.0,0.0,Low Risk,0
TXN00006911,CUST1268,2026-07-18 01:45:39,0,0.0,0.0,Low Risk,0
TXN00000381,CUST1414,2026-06-28 02:28:14,0,0.0,0.0,Low Risk,0
TXN00003003,CUST1228,2026-07-06 02:38:59,0,0.0,0.0,Low Risk,0
TXN00000419,CUST1375,2026-06-28 05:35:24,0,0.0,0.0,Low Risk,0
TXN00003619,CUST1405,2026-07-08 00:37:36,0,0.0,0.0,Low Risk,0
TXN00004891,CUST1407,2026-07-11 20:37:49,0,0.0,0.0,Low Risk,0
TXN00004999,CUST1049,2026-07-12 04:21:50,0,0.0,0.0,Low Risk,0
TXN00002387,CUST1079,2026-07-04 04:30:43,0,0.0,0.0,Low Risk,0
TXN00000858,CUST1411,2026-06-29 13:34:49,0,0.0,0.0,Low Risk,0
TXN00002364,CUST1262,2026-07-04 02:17:49,0,0.0,0.0,Low Risk,0
TXN00009158,CUST1188,2026-07-24 20:04:09,0,0.0,0.0,Low Risk,0
TXN00008906,CUST1119,2026-07-24 01:38:41,0,0.0,0.0,Low Risk,0
TXN00004578,CUST1426,2026-07-10 22:22:41,0,0.0,0.0,Low Risk,0
TXN00005143,CUST1009,2026-07-12 15:04:23,0,0.0,0.0,Low Risk,0
TXN00007129,CUST1351,2026-07-18 17:21:19,0,0.0,0.0,Low Risk,0
TXN00003611,CUST1235,2026-07-07 23:54:36,0,0.0,0.0,Low Risk,0
TXN00001613,CUST1494,2026-07-01 20:11:37,0,0.0,0.0,Low Risk,0
TXN00001168,CUST1360,2026-06-30 11:01:54,0,0.0,0.0,Low Risk,0
TXN00007277,CUST1192,2026-07-19 04:06:22,0,0.0,0.0,Low Risk,0
TXN00006059,CUST1142,2026-07-15 10:44:56,0,0.0,0.0,Low Risk,0
TXN00009466,CUST1034,2026-07-25 18:04:19,0,0.0,0.0,Low Risk,0
TXN00007521,CUST1376,2026-07-19 22:06:23,0,0.0,0.0,Low Risk,0
TXN00000308,CUST1284,2026-06-27 21:08:52,0,0.0,0.0,Low Risk,0
TXN00005807,CUST1164,2026-07-14 14:38:52,0,0.0,0.0,Low Risk,0
TXN00006447,CUST1465,2026-07-16 16:03:41,0,0.0,0.0,Low Risk,0
TXN00000945,CUST1386,2026-06-29 19:36:56,0,0.0,0.0,Low Risk,0
TXN00007680,CUST1250,2026-07-20 08:45:26,0,0.0,0.0,Low Risk,0
TXN00000589,CUST1190,2026-06-28 18:16:54,0,0.0,0.0,Low Risk,0
TXN00006512,CUST1160,2026-07-16 20:35:05,0,0.0,0.0,Low Risk,0
TXN00003771,CUST1297,2026-07-08 11:58:47,1,1.0,100.0,High Risk,1
TXN00000928,CUST1200,2026-06-29 18:42:24,0,0.0,0.0,Low Risk,0
TXN00001877,CUST1300,2026-07-02 15:34:37,0,0.0,0.0,Low Risk,0
TXN00004438,CUST1204,2026-07-10 12:21:29,0,0.0,0.0,Low Risk,0
TXN00008003,CUST1262,2026-07-21 08:35:33,0,0.0,0.0,Low Risk,0
TXN00003912,CUST1451,2026-07-08 22:20:39,0,0.0,0.0,Low Risk,0
TXN00006890,CUST1308,2026-07-18 00:30:04,0,0.0,0.0,Low Risk,0
TXN00002247,CUST1081,2026-07-03 18:02:55,0,0.0,0.0,Low Risk,0
TXN00007121,CUST1025,2026-07-18 16:39:39,0,0.0,0.0,Low Risk,0
TXN00008954,CUST1191,2026-07-24 04:53:58,0,0.0,0.0,Low Risk,0
TXN00002910,CUST1229,2026-07-05 19:57:17,0,0.0,0.0,Low Risk,0
TXN00009337,CUST1117,2026-07-25 08:58:19,0,0.0,0.0,Low Risk,0
TXN00005595,CUST1330,2026-07-13 23:07:01,0,0.0,0.0,Low Risk,0
TXN00008777,CUST1426,2026-07-23 17:15:10,0,0.0,0.0,Low Risk,0
TXN00001035,CUST1079,2026-06-30 01:54:57,0,0.0,0.0,Low Risk,0
TXN00004147,CUST1147,2026-07-09 14:53:09,0,0.0,0.0,Low Risk,0
TXN00008453,CUST1018,2026-07-22 18:12:16,0,0.0,0.0,Low Risk,0
TXN00006217,CUST1091,2026-07-15 23:11:30,0,0.0,0.0,Low Risk,0
TXN00002913,CUST1446,2026-07-05 20:14:46,0,0.0,0.0,Low Risk,0
TXN00006736,CUST1082,2026-07-17 13:47:15,0,0.0,0.0,Low Risk,0
TXN00002870,CUST1459,2026-07-05 16:58:54,0,0.0,0.0,Low Risk,0
TXN00009724,CUST1035,2026-07-26 13:22:30,0,0.0,0.0,Low Risk,0
TXN00004890,CUST1325,2026-07-11 20:30:43,0,0.0,0.0,Low Risk,0
TXN00007568,CUST1134,2026-07-20 01:09:59,0,0.0,0.0,Low Risk,0
TXN00007941,CUST1206,2026-07-21 04:10:36,0,0.0,0.0,Low Risk,0
TXN00008825,CUST1166,2026-07-23 20:57:35,0,0.0,0.0,Low Risk,0
TXN00002501,CUST1172,2026-07-04 12:56:13,0,0.0,0.0,Low Risk,0
TXN00007240,CUST1244,2026-07-19 01:32:50,0,0.0,0.0,Low Risk,0
TXN00002411,CUST1443,2026-07-04 06:15:50,0,0.0,0.0,Low Risk,0
TXN00007359,CUST1329,2026-07-19 09:41:52,0,0.0,0.0,Low Risk,0
TXN00008925,CUST1327,2026-07-24 02:50:41,0,0.0,0.0,Low Risk,0
TXN00000866,CUST1387,2026-06-29 14:11:09,0,0.0,0.0,Low Risk,0
TXN00006002,CUST1294,2026-07-15 06:31:19,0,0.0,0.0,Low Risk,0
TXN00006934,CUST1111,2026-07-18 02:59:01,0,0.0,0.0,Low Risk,0
TXN00001599,CUST1163,2026-07-01 19:12:02,0,0.0,0.0,Low Risk,0
TXN00008717,CUST1081,2026-07-23 12:55:25,0,0.0,0.0,Low Risk,0
TXN00005840,CUST1453,2026-07-14 17:18:19,0,0.0,0.0,Low Risk,0
TXN00001351,CUST1360,2026-07-01 00:46:08,0,0.0,0.0,Low Risk,0
TXN00009597,CUST1406,2026-07-26 03:46:03,0,0.0,0.0,Low Risk,0
TXN00003744,CUST1251,2026-07-08 10:23:12,0,0.0,0.0,Low Risk,0
TXN00009509,CUST1022,2026-07-25 21:28:56,0,0.0,0.0,Low Risk,0
TXN00001078,CUST1426,2026-06-30 04:52:15,0,0.0,0.0,Low Risk,0
TXN00004523,CUST1044,2026-07-10 18:20:40,0,0.0,0.0,Low Risk,0
TXN00001202,CUST1243,2026-06-30 13:36:58,0,0.0,0.0,Low Risk,0
TXN00006816,CUST1435,2026-07-17 19:35:00,0,0.0,0.0,Low Risk,0
TXN00000834,CUST1003,2026-06-29 11:42:40,0,0.0,0.0,Low Risk,0
TXN00000254,CUST1414,2026-06-27 17:19:19,0,0.0,0.0,Low Risk,0
TXN00002745,CUST1319,2026-07-05 07:57:42,0,0.0,0.0,Low Risk,0
TXN00008143,CUST1098,2026-07-21 19:45:56,0,0.0,0.0,Low Risk,0
TXN00000781,CUST1227,2026-06-29 08:04:54,0,0.0,0.0,Low Risk,0
TXN00006715,CUST1493,2026-07-17 12:36:44,0,0.0,0.0,Low Risk,0
TXN00004177,CUST1236,2026-07-09 17:12:33,0,0.0,0.0,Low Risk,0
TXN00008159,CUST1183,2026-07-21 20:54:36,0,0.0,0.0,Low Risk,0
TXN00009902,CUST1401,2026-07-27 02:06:08,0,0.0,0.0,Low Risk,0
TXN00001937,CUST1427,2026-07-02 19:32:49,0,0.0,0.0,Low Risk,0
TXN00001646,CUST1333,2026-07-01 22:53:49,0,0.0,0.0,Low Risk,0
TXN00004510,CUST1215,2026-07-10 17:23:42,0,0.0,0.0,Low Risk,0
TXN00009539,CUST1028,2026-07-26 00:03:22,0,0.0,0.0,Low Risk,0
TXN00003282,CUST1259,2026-07-06 22:47:06,0,0.0,0.0,Low Risk,0
TXN00008081,CUST1289,2026-07-21 14:50:53,0,0.0,0.0,Low Risk,0
TXN00007151,CUST1189,2026-07-18 18:59:06,0,0.0,0.0,Low Risk,0
TXN00002633,CUST1293,2026-07-04 23:35:39,0,0.0,0.0,Low Risk,0
TXN00003473,CUST1279,2026-07-07 13:03:37,0,0.0,0.0,Low Risk,0
TXN00006608,CUST1215,2026-07-17 04:08:48,0,0.0,0.0,Low Risk,0
TXN00000911,CUST1119,2026-06-29 17:13:17,0,0.0,0.0,Low Risk,0
TXN00002218,CUST1337,2026-07-03 16:01:32,0,0.0,0.0,Low Risk,0
TXN00006193,CUST1128,2026-07-15 21:36:42,0,0.0,0.0,Low Risk,0
TXN00003635,CUST1045,2026-07-08 01:54:55,0,0.0,0.0,Low Risk,0
TXN00002963,CUST1294,2026-07-05 23:37:55,0,0.0,0.0,Low Risk,0
TXN00002716,CUST1362,2026-07-05 05:43:56,0,0.0,0.0,Low Risk,0
TXN00005590,CUST1144,2026-07-13 22:36:19,0,0.0,0.0,Low Risk,0
TXN00004548,CUST1133,2026-07-10 20:03:42,0,0.0,0.0,Low Risk,0
TXN00007821,CUST1309,2026-07-20 19:14:47,0,0.0,0.0,Low Risk,0
TXN00007380,CUST1145,2026-07-19 11:11:19,0,0.0,0.0,Low Risk,0
TXN00008490,CUST1178,2026-07-22 21:05:44,0,0.0,0.0,Low Risk,0
TXN00001258,CUST1484,2026-06-30 17:40:50,0,0.0,0.0,Low Risk,0
TXN00008458,CUST1167,2026-07-22 18:27:53,0,0.0,0.0,Low Risk,0
TXN00003685,CUST1189,2026-07-08 05:41:23,0,0.0,0.0,Low Risk,0
TXN00006393,CUST1094,2026-07-16 12:11:09,0,0.0,0.0,Low Risk,0
TXN00008346,CUST1262,2026-07-22 11:08:04,0,0.0,0.0,Low Risk,0
TXN00009010,CUST1049,2026-07-24 08:45:44,0,0.0,0.0,Low Risk,0
TXN00008373,CUST1037,2026-07-22 12:41:42,0,0.0,0.0,Low Risk,0
TXN00008365,CUST1173,2026-07-22 12:15:57,0,0.0,0.0,Low Risk,0
TXN00005507,CUST1049,2026-07-13 16:23:43,0,0.0,0.0,Low Risk,0
TXN00004158,CUST1055,2026-07-09 15:48:18,0,0.0,0.0,Low Risk,0
TXN00003222,CUST1479,2026-07-06 18:19:50,0,0.0,0.0,Low Risk,0
TXN00000836,CUST1385,2026-06-29 11:58:21,0,0.0,0.0,Low Risk,0
TXN00007243,CUST1386,2026-07-19 01:42:55,0,0.0,0.0,Low Risk,0
TXN00009254,CUST1437,2026-07-25 02:58:30,0,0.0,0.0,Low Risk,0
TXN00005721,CUST1361,2026-07-14 08:35:14,0,0.0,0.0,Low Risk,0
TXN00006888,CUST1393,2026-07-18 00:24:52,0,0.0,0.0,Low Risk,0
TXN00002184,CUST1116,2026-07-03 13:40:41,0,0.0,0.0,Low Risk,0
TXN00004201,CUST1360,2026-07-09 19:09:02,0,0.0,0.0,Low Risk,0
TXN00008688,CUST1499,2026-07-23 11:00:32,0,0.0,0.0,Low Risk,0
TXN00004974,CUST1478,2026-07-12 02:57:28,0,0.0,0.0,Low Risk,0
TXN00004059,CUST1369,2026-07-09 08:15:02,0,0.0,0.0,Low Risk,0
TXN00008031,CUST1036,2026-07-21 11:03:04,0,0.0,0.0,Low Risk,0
TXN00005921,CUST1252,2026-07-15 00:10:04,0,0.0,0.0,Low Risk,0
TXN00003824,CUST1428,2026-07-08 16:10:34,0,0.0,0.0,Low Risk,0
TXN00009027,CUST1205,2026-07-24 10:20:10,0,0.0,0.0,Low Risk,0
TXN00009669,CUST1318,2026-07-26 08:58:34,0,0.0,0.0,Low Risk,0
TXN00004724,CUST1148,2026-07-11 08:37:12,0,0.0,0.0,Low Risk,0
TXN00009728,CUST1282,2026-07-26 13:41:40,0,0.0,0.0,Low Risk,0
TXN00009607,CUST1394,2026-07-26 04:28:35,0,0.0,0.0,Low Risk,0
TXN00002101,CUST1394,2026-07-03 07:46:15,0,0.0,0.0,Low Risk,0
TXN00007183,CUST1131,2026-07-18 21:39:50,0,0.0,0.0,Low Risk,0
TXN00009649,CUST1003,2026-07-26 07:30:46,0,0.0,0.0,Low Risk,0
TXN00001951,CUST1121,2026-07-02 20:26:05,0,0.0,0.0,Low Risk,0
TXN00008469,CUST1070,2026-07-22 19:29:32,0,0.0,0.0,Low Risk,0
TXN00005236,CUST1448,2026-07-12 21:07:55,0,0.0,0.0,Low Risk,0
TXN00006632,CUST1210,2026-07-17 06:01:44,0,0.0,0.0,Low Risk,0
TXN00006352,CUST1199,2026-07-16 09:09:59,0,0.0,0.0,Low Risk,0
TXN00009482,CUST1398,2026-07-25 19:23:42,0,0.0,0.0,Low Risk,0
TXN00009109,CUST1403,2026-07-24 16:52:54,0,0.0,0.0,Low Risk,0
TXN00000835,CUST1458,2026-06-29 11:51:04,0,0.0,0.0,Low Risk,0
TXN00002668,CUST1083,2026-07-05 02:21:08,0,0.0,0.0,Low Risk,0
TXN00008586,CUST1010,2026-07-23 03:41:50,0,0.0,0.0,Low Risk,0
TXN00003507,CUST1316,2026-07-07 15:52:51,0,0.0,0.0,Low Risk,0
TXN00000206,CUST1329,2026-06-27 13:26:18,0,0.0,0.0,Low Risk,0
TXN00006977,CUST1091,2026-07-18 05:52:11,0,0.0,0.0,Low Risk,0
TXN00006420,CUST1325,2026-07-16 13:56:47,0,0.0,0.0,Low Risk,0
TXN00004333,CUST1003,2026-07-10 05:15:32,0,0.0,0.0,Low Risk,0
TXN00005019,CUST1068,2026-07-12 05:34:13,0,0.0,0.0,Low Risk,0
TXN00008334,CUST1102,2026-07-22 10:14:28,0,0.0,0.0,Low Risk,0
TXN00009094,CUST1079,2026-07-24 15:42:05,0,0.0,0.0,Low Risk,0
TXN00001559,CUST1175,2026-07-01 16:23:43,1,1.0,100.0,High Risk,1
TXN00000584,CUST1463,2026-06-28 17:56:04,0,0.0,0.0,Low Risk,0
TXN00008132,CUST1182,2026-07-21 18:43:57,0,0.0,0.0,Low Risk,0
TXN00005641,CUST1127,2026-07-14 02:30:15,0,0.0,0.0,Low Risk,0
TXN00004222,CUST1355,2026-07-09 20:47:40,0,0.0,0.0,Low Risk,0
TXN00000229,CUST1431,2026-06-27 15:04:31,0,0.0,0.0,Low Risk,0
TXN00005120,CUST1305,2026-07-12 13:33:52,0,0.0,0.0,Low Risk,0
TXN00005161,CUST1213,2026-07-12 16:10:22,0,0.0,0.0,Low Risk,0
TXN00008276,CUST1410,2026-07-22 06:05:17,0,0.0,0.0,Low Risk,0
TXN00004719,CUST1477,2026-07-11 08:16:47,0,0.0,0.0,Low Risk,0
TXN00003203,CUST1137,2026-07-06 17:20:34,0,0.0,0.0,Low Risk,0
TXN00004084,CUST1252,2026-07-09 10:03:12,0,0.0,0.0,Low Risk,0
TXN00006107,CUST1074,2026-07-15 14:48:16,0,0.0,0.0,Low Risk,0
TXN00005299,CUST1380,2026-07-13 01:03:27,0,0.0,0.0,Low Risk,0
TXN00001096,CUST1220,2026-06-30 06:01:48,0,0.0,0.0,Low Risk,0
TXN00003654,CUST1155,2026-07-08 03:27:45,0,0.0,0.0,Low Risk,0
TXN00001259,CUST1065,2026-06-30 17:48:37,0,0.0,0.0,Low Risk,0
TXN00002271,CUST1348,2026-07-03 19:34:47,0,0.0,0.0,Low Risk,0
TXN00003276,CUST1100,2026-07-06 22:26:31,0,0.0,0.0,Low Risk,0
TXN00005875,CUST1083,2026-07-14 20:06:32,0,0.0,0.0,Low Risk,0
TXN00006403,CUST1382,2026-07-16 12:44:20,0,0.0,0.0,Low Risk,0
TXN00003526,CUST1349,2026-07-07 17:15:47,0,0.0,0.0,Low Risk,0
TXN00000119,CUST1139,2026-06-27 07:07:58,0,0.0,0.0,Low Risk,0
TXN00002855,CUST1442,2026-07-05 15:55:33,0,0.0,0.0,Low Risk,0
TXN00001172,CUST1006,2026-06-30 11:18:49,0,0.0,0.0,Low Risk,0
TXN00006662,CUST1371,2026-07-17 08:36:38,0,0.0,0.0,Low Risk,0
TXN00006929,CUST1097,2026-07-18 02:41:14,0,0.0,0.0,Low Risk,0
TXN00004478,CUST1355,2026-07-10 15:11:03,0,0.0,0.0,Low Risk,0
TXN00005348,CUST1238,2026-07-13 05:05:22,0,0.0,0.0,Low Risk,0
TXN00000674,CUST1443,2026-06-29 00:32:53,0,0.0,0.0,Low Risk,0
TXN00005256,CUST1255,2026-07-12 22:23:41,0,0.0,0.0,Low Risk,0
TXN00009983,CUST1267,2026-07-27 08:11:51,0,0.0,0.0,Low Risk,0
TXN00007284,CUST1152,2026-07-19 04:38:30,0,0.0,0.0,Low Risk,0
TXN00000649,CUST1360,2026-06-28 22:26:06,0,0.0,0.0,Low Risk,0
TXN00004305,CUST1222,2026-07-10 03:03:02,0,0.0,0.0,Low Risk,0
TXN00008713,CUST1191,2026-07-23 12:42:36,0,0.0,0.0,Low Risk,0
TXN00003428,CUST1273,2026-07-07 09:47:51,0,0.0,0.0,Low Risk,0
TXN00003710,CUST1349,2026-07-08 07:30:09,0,0.0,0.0,Low Risk,0
TXN00008506,CUST1418,2026-07-22 22:13:06,0,0.0,0.0,Low Risk,0
TXN00008944,CUST1274,2026-07-24 04:16:37,0,0.0,0.0,Low Risk,0
TXN00002482,CUST1225,2026-07-04 11:14:49,0,0.0,0.0,Low Risk,0
TXN00003551,CUST1394,2026-07-07 19:01:21,0,0.0,0.0,Low Risk,0
TXN00002776,CUST1035,2026-07-05 10:17:27,0,0.0,0.0,Low Risk,0
TXN00007985,CUST1397,2026-07-21 07:08:37,0,0.0,0.0,Low Risk,0
TXN00002092,CUST1221,2026-07-03 07:18:09,0,0.0,0.0,Low Risk,0
TXN00007252,CUST1329,2026-07-19 02:28:14,0,0.0,0.0,Low Risk,0
TXN00002805,CUST1298,2026-07-05 12:13:47,0,0.0,0.0,Low Risk,0
TXN00005970,CUST1429,2026-07-15 04:07:06,0,0.0,0.0,Low Risk,0
TXN00008974,CUST1493,2026-07-24 06:13:09,0,0.0,0.0,Low Risk,0
TXN00006775,CUST1445,2026-07-17 16:14:30,0,0.0,0.0,Low Risk,0
TXN00001074,CUST1102,2026-06-30 04:31:40,0,0.0,0.0,Low Risk,0
TXN00005285,CUST1242,2026-07-13 00:31:10,0,0.0,0.0,Low Risk,0
TXN00007035,CUST1472,2026-07-18 10:29:31,0,0.0,0.0,Low Risk,0
TXN00000074,CUST1322,2026-06-27 03:35:16,0,0.0,0.0,Low Risk,0
TXN00005134,CUST1188,2026-07-12 14:36:09,0,0.0,0.0,Low Risk,0
TXN00003422,CUST1193,2026-07-07 09:35:11,0,0.0,0.0,Low Risk,0
TXN00001876,CUST1135,2026-07-02 15:30:50,0,0.0,0.0,Low Risk,0
TXN00005208,CUST1029,2026-07-12 19:03:38,0,0.0,0.0,Low Risk,0
TXN00004233,CUST1461,2026-07-09 21:33:51,0,0.0,0.0,Low Risk,0
TXN00007182,CUST1434,2026-07-18 21:37:29,0,0.0,0.0,Low Risk,0
TXN00009086,CUST1164,2026-07-24 15:03:35,0,0.0,0.0,Low Risk,0
TXN00009306,CUST1142,2026-07-25 06:45:54,0,0.0,0.0,Low Risk,0
TXN00000509,CUST1451,2026-06-28 12:11:17,0,0.0,0.0,Low Risk,0
TXN00004023,CUST1195,2026-07-09 05:51:13,0,0.0,0.0,Low Risk,0
TXN00007415,CUST1487,2026-07-19 14:02:13,0,0.0,0.0,Low Risk,0
TXN00007069,CUST1414,2026-07-18 13:10:35,0,0.0,0.0,Low Risk,0
TXN00007849,CUST1380,2026-07-20 21:35:20,0,0.0,0.0,Low Risk,0
TXN00007228,CUST1453,2026-07-19 00:52:25,0,0.0,0.0,Low Risk,0
TXN00002569,CUST1116,2026-07-04 18:07:04,0,0.0,0.0,Low Risk,0
TXN00001685,CUST1154,2026-07-02 01:48:24,0,0.0,0.0,Low Risk,0
TXN00003802,CUST1470,2026-07-08 14:30:20,0,0.0,0.0,Low Risk,0
TXN00006950,CUST1064,2026-07-18 03:54:14,0,0.0,0.0,Low Risk,0
TXN00008361,CUST1086,2026-07-22 12:00:08,0,0.0,0.0,Low Risk,0
TXN00005988,CUST1117,2026-07-15 05:46:49,0,0.0,0.0,Low Risk,0
TXN00008953,CUST1433,2026-07-24 04:45:30,0,0.0,0.0,Low Risk,0
TXN00003085,CUST1258,2026-07-06 08:53:32,0,0.0,0.0,Low Risk,0
TXN00002226,CUST1047,2026-07-03 16:41:00,0,0.0,0.0,Low Risk,0
TXN00008578,CUST1317,2026-07-23 03:18:21,0,0.0,0.0,Low Risk,0
TXN00001236,CUST1269,2026-06-30 16:00:03,0,0.0,0.0,Low Risk,0
TXN00004758,CUST1408,2026-07-11 11:19:42,0,0.0,0.0,Low Risk,0
TXN00008148,CUST1377,2026-07-21 19:59:19,0,0.0,0.0,Low Risk,0
TXN00009450,CUST1116,2026-07-25 16:54:11,0,0.0,0.0,Low Risk,0
TXN00006994,CUST1215,2026-07-18 07:16:22,0,0.0,0.0,Low Risk,0
TXN00007042,CUST1092,2026-07-18 11:05:58,0,0.0,0.0,Low Risk,0
TXN00003876,CUST1120,2026-07-08 19:31:00,0,0.0,0.0,Low Risk,0
TXN00005821,CUST1006,2026-07-14 15:43:05,0,0.0,0.0,Low Risk,0
TXN00006343,CUST1370,2026-07-16 08:29:47,0,0.0,0.0,Low Risk,0
TXN00002429,CUST1159,2026-07-04 07:14:37,0,0.0,0.0,Low Risk,0
TXN00003494,CUST1383,2026-07-07 15:01:38,0,0.0,0.0,Low Risk,0
TXN00008629,CUST1037,2026-07-23 06:36:26,0,0.0,0.0,Low Risk,0
TXN00001867,CUST1008,2026-07-02 15:04:44,0,0.0,0.0,Low Risk,0
TXN00006659,CUST1262,2026-07-17 08:24:35,0,0.0,0.0,Low Risk,0
TXN00001520,CUST1431,2026-07-01 13:12:36,0,0.0,0.0,Low Risk,0
TXN00009384,CUST1061,2026-07-25 12:08:56,0,0.0,0.0,Low Risk,0
TXN00008837,CUST1067,2026-07-23 21:36:22,0,0.0,0.0,Low Risk,0
TXN00006826,CUST1124,2026-07-17 20:06:33,0,0.0,0.0,Low Risk,0
TXN00007195,CUST1027,2026-07-18 22:30:58,0,0.0,0.0,Low Risk,0
TXN00008391,CUST1442,2026-07-22 14:02:00,0,0.0,0.0,Low Risk,0
TXN00004199,CUST1327,2026-07-09 18:56:02,0,0.0,0.0,Low Risk,0
TXN00000818,CUST1038,2026-06-29 10:47:12,0,0.0,0.0,Low Risk,0
TXN00006904,CUST1182,2026-07-18 01:23:31,0,0.0,0.0,Low Risk,0
TXN00001216,CUST1119,2026-06-30 14:40:59,0,0.0,0.0,Low Risk,0
TXN00004278,CUST1028,2026-07-10 00:58:25,0,0.0,0.0,Low Risk,0
TXN00003097,CUST1479,2026-07-06 09:43:28,0,0.0,0.0,Low Risk,0
TXN00008998,CUST1483,2026-07-24 07:56:48,0,0.0,0.0,Low Risk,0
TXN00002355,CUST1446,2026-07-04 01:35:01,0,0.0,0.0,Low Risk,0
TXN00002775,CUST1185,2026-07-05 10:14:50,0,0.0,0.0,Low Risk,0
TXN00006031,CUST1414,2026-07-15 08:44:24,0,0.0,0.0,Low Risk,0
TXN00001603,CUST1468,2026-07-01 19:32:52,0,0.0,0.0,Low Risk,0
TXN00000413,CUST1402,2026-06-28 05:12:21,0,0.0,0.0,Low Risk,0
TXN00006342,CUST1072,2026-07-16 08:28:10,0,0.0,0.0,Low Risk,0
TXN00004420,CUST1221,2026-07-10 11:19:11,0,0.0,0.0,Low Risk,0
TXN00001828,CUST1272,2026-07-02 12:10:22,0,0.0,0.0,Low Risk,0
TXN00005486,CUST1365,2026-07-13 14:51:09,0,0.0,0.0,Low Risk,0
TXN00000079,CUST1296,2026-06-27 03:58:58,0,0.0,0.0,Low Risk,0
TXN00003909,CUST1286,2026-07-08 22:07:45,0,0.0,0.0,Low Risk,0
TXN00000092,CUST1052,2026-06-27 05:04:41,0,0.0,0.0,Low Risk,0
TXN00001647,CUST1042,2026-07-01 23:02:24,0,0.0,0.0,Low Risk,0
TXN00008639,CUST1425,2026-07-23 07:13:34,0,0.0,0.0,Low Risk,0
TXN00000489,CUST1162,2026-06-28 10:34:47,0,0.0,0.0,Low Risk,0
TXN00003904,CUST1114,2026-07-08 21:40:28,0,0.0,0.0,Low Risk,0
TXN00002418,CUST1241,2026-07-04 06:46:41,0,0.0,0.0,Low Risk,0
TXN00005969,CUST1116,2026-07-15 04:01:49,0,0.0,0.0,Low Risk,0
TXN00008225,CUST1346,2026-07-22 02:02:41,0,0.0,0.0,Low Risk,0
TXN00009275,CUST1306,2026-07-25 04:32:59,0,0.0,0.0,Low Risk,0
TXN00000398,CUST1209,2026-06-28 03:54:24,0,0.0,0.0,Low Risk,0
TXN00004433,CUST1103,2026-07-10 12:06:43,0,0.0,0.0,Low Risk,0
TXN00009737,CUST1169,2026-07-26 14:28:12,0,0.0,0.0,Low Risk,0
TXN00005491,CUST1263,2026-07-13 15:13:59,0,0.0,0.0,Low Risk,0
TXN00002991,CUST1356,2026-07-06 01:42:06,0,0.0,0.0,Low Risk,0
TXN00006557,CUST1259,2026-07-17 00:08:28,0,0.0,0.0,Low Risk,0
TXN00005898,CUST1052,2026-07-14 22:19:11,0,0.0,0.0,Low Risk,0
TXN00005850,CUST1246,2026-07-14 18:06:03,0,0.0,0.0,Low Risk,0
TXN00002639,CUST1196,2026-07-05 00:07:47,1,1.0,100.0,High Risk,1
TXN00000863,CUST1305,2026-06-29 14:00:11,0,0.0,0.0,Low Risk,0
TXN00007205,CUST1294,2026-07-18 23:20:14,0,0.0,0.0,Low Risk,0
TXN00001293,CUST1289,2026-06-30 20:27:51,0,0.0,0.0,Low Risk,0
TXN00003017,CUST1457,2026-07-06 03:39:19,0,0.0,0.0,Low Risk,0
TXN00005354,CUST1398,2026-07-13 05:40:18,0,0.0,0.0,Low Risk,0
TXN00008585,CUST1165,2026-07-23 03:41:17,0,0.0,0.0,Low Risk,0
TXN00002709,CUST1470,2026-07-05 05:21:20,0,0.0,0.0,Low Risk,0
TXN00003540,CUST1245,2026-07-07 18:08:38,0,0.0,0.0,Low Risk,0
TXN00002026,CUST1136,2026-07-03 02:01:35,0,0.0,0.0,Low Risk,0
TXN00006407,CUST1404,2026-07-16 13:03:01,0,0.0,0.0,Low Risk,0
TXN00004463,CUST1093,2026-07-10 03:16:37,1,1.0,100.0,High Risk,1
TXN00003110,CUST1326,2026-07-06 10:39:32,0,0.0,0.0,Low Risk,0
TXN00002231,CUST1215,2026-07-03 17:01:43,0,0.0,0.0,Low Risk,0
TXN00009619,CUST1092,2026-07-26 05:35:32,0,0.0,0.0,Low Risk,0
TXN00002001,CUST1462,2026-07-03 00:04:32,0,0.0,0.0,Low Risk,0
TXN00005987,CUST1302,2026-07-15 05:39:46,0,0.0,0.0,Low Risk,0
TXN00004466,CUST1282,2026-07-10 14:37:32,0,0.0,0.0,Low Risk,0
TXN00002455,CUST1466,2026-07-04 09:01:52,0,0.0,0.0,Low Risk,0
TXN00006200,CUST1102,2026-07-15 22:05:38,0,0.0,0.0,Low Risk,0
TXN00003199,CUST1164,2026-07-06 16:49:30,0,0.0,0.0,Low Risk,0
TXN00008841,CUST1104,2026-07-23 21:51:11,0,0.0,0.0,Low Risk,0
TXN00007869,CUST1210,2026-07-20 23:18:36,0,0.0,0.0,Low Risk,0
TXN00000578,CUST1005,2026-06-28 17:37:40,0,0.0,0.0,Low Risk,0
TXN00009735,CUST1441,2026-07-26 14:19:37,0,0.0,0.0,Low Risk,0
TXN00001414,CUST1346,2026-07-01 05:24:43,0,0.0,0.0,Low Risk,0
TXN00006087,CUST1052,2026-07-15 13:01:24,0,0.0,0.0,Low Risk,0
TXN00006096,CUST1136,2026-07-15 13:49:24,0,0.0,0.0,Low Risk,0
TXN00005812,CUST1046,2026-07-14 15:04:11,0,0.0,0.0,Low Risk,0
TXN00000056,CUST1184,2026-06-27 02:00:31,0,0.0,0.0,Low Risk,0
TXN00009931,CUST1468,2026-07-27 04:06:43,0,0.0,0.0,Low Risk,0
TXN00001552,CUST1443,2026-07-01 15:58:13,0,0.0,0.0,Low Risk,0
TXN00003683,CUST1482,2026-07-08 05:31:54,0,0.0,0.0,Low Risk,0
TXN00008198,CUST1296,2026-07-22 00:01:08,0,0.0,0.0,Low Risk,0
TXN00008546,CUST1194,2026-07-23 00:46:54,0,0.0,0.0,Low Risk,0
TXN00004627,CUST1323,2026-07-11 01:30:02,0,0.0,0.0,Low Risk,0
TXN00003850,CUST1415,2026-07-08 17:43:23,0,0.0,0.0,Low Risk,0
TXN00008875,CUST1411,2026-07-23 23:48:04,0,0.0,0.0,Low Risk,0
TXN00003205,CUST1127,2026-07-06 17:24:17,0,0.0,0.0,Low Risk,0
TXN00003058,CUST1394,2026-07-06 06:51:01,0,0.0,0.0,Low Risk,0
TXN00005865,CUST1011,2026-07-14 19:24:36,0,0.0,0.0,Low Risk,0
TXN00003650,CUST1386,2026-07-08 03:15:59,0,0.0,0.0,Low Risk,0
TXN00003163,CUST1155,2026-07-06 14:18:55,0,0.0,0.0,Low Risk,0
TXN00003293,CUST1500,2026-07-06 23:32:56,0,0.0,0.0,Low Risk,0
TXN00006490,CUST1274,2026-07-16 19:01:53,0,0.0,0.0,Low Risk,0
TXN00001878,CUST1196,2026-07-02 15:40:40,0,0.0,0.0,Low Risk,0
TXN00004543,CUST1408,2026-07-10 19:43:13,0,0.0,0.0,Low Risk,0
TXN00009604,CUST1282,2026-07-26 04:17:48,1,1.0,100.0,High Risk,1
TXN00004370,CUST1287,2026-07-10 07:44:55,0,0.0,0.0,Low Risk,0
TXN00000715,CUST1363,2026-06-29 03:15:02,0,0.0,0.0,Low Risk,0
TXN00009757,CUST1404,2026-07-26 15:50:10,1,1.0,100.0,High Risk,1
TXN00009579,CUST1465,2026-07-26 02:32:38,0,0.0,0.0,Low Risk,0
TXN00007860,CUST1393,2026-07-20 22:26:12,0,0.0,0.0,Low Risk,0
TXN00000511,CUST1190,2026-06-28 12:23:36,0,0.0,0.0,Low Risk,0
TXN00009409,CUST1078,2026-07-25 13:58:57,0,0.0,0.0,Low Risk,0
TXN00007900,CUST1290,2026-07-21 01:28:28,0,0.0,0.0,Low Risk,0
TXN00008384,CUST1310,2026-07-22 13:33:10,0,0.0,0.0,Low Risk,0
TXN00000397,CUST1086,2026-06-28 03:50:13,0,0.0,0.0,Low Risk,0
TXN00001267,CUST1294,2026-06-30 18:18:19,0,0.0,0.0,Low Risk,0
TXN00008848,CUST1329,2026-07-23 22:10:54,0,0.0,0.0,Low Risk,0
TXN00007897,CUST1438,2026-07-21 01:08:47,0,0.0,0.0,Low Risk,0
TXN00001002,CUST1390,2026-06-29 23:38:18,0,0.0,0.0,Low Risk,0
TXN00008818,CUST1350,2026-07-23 20:30:08,0,0.0,0.0,Low Risk,0
TXN00006915,CUST1024,2026-07-18 01:55:45,0,0.0,0.0,Low Risk,0
TXN00007776,CUST1262,2026-07-20 16:17:05,0,0.0,0.0,Low Risk,0
TXN00005396,CUST1144,2026-07-13 08:14:44,0,0.0,0.0,Low Risk,0
TXN00006248,CUST1106,2026-07-16 01:33:39,0,0.0,0.0,Low Risk,0
TXN00006937,CUST1401,2026-07-18 03:08:21,0,0.0,0.0,Low Risk,0
TXN00008120,CUST1048,2026-07-21 17:47:54,0,0.0,0.0,Low Risk,0
TXN00003094,CUST1085,2026-07-06 09:33:20,0,0.0,0.0,Low Risk,0
TXN00009061,CUST1179,2026-07-24 12:56:02,0,0.0,0.0,Low Risk,0
TXN00003280,CUST1038,2026-07-06 22:42:59,0,0.0,0.0,Low Risk,0
TXN00002164,CUST1160,2026-07-03 12:17:46,0,0.0,0.0,Low Risk,0
TXN00008316,CUST1172,2026-07-22 08:56:07,0,0.0,0.0,Low Risk,0
TXN00009608,CUST1088,2026-07-26 04:34:58,0,0.0,0.0,Low Risk,0
TXN00007708,CUST1416,2026-07-20 10:49:36,0,0.0,0.0,Low Risk,0
TXN00005339,CUST1189,2026-07-13 04:18:13,0,0.0,0.0,Low Risk,0
TXN00002960,CUST1228,2026-07-05 23:22:29,0,0.0,0.0,Low Risk,0
TXN00006148,CUST1397,2026-07-15 18:02:46,0,0.0,0.0,Low Risk,0
TXN00005336,CUST1284,2026-07-13 04:00:45,0,0.0,0.0,Low Risk,0
TXN00005643,CUST1124,2026-07-14 02:42:08,0,0.0,0.0,Low Risk,0
TXN00006025,CUST1230,2026-07-15 08:11:54,0,0.0,0.0,Low Risk,0
TXN00008378,CUST1161,2026-07-22 13:05:24,0,0.0,0.0,Low Risk,0
TXN00005667,CUST1413,2026-07-14 04:46:03,0,0.0,0.0,Low Risk,0
TXN00007487,CUST1461,2026-07-19 19:23:37,0,0.0,0.0,Low Risk,0
TXN00008339,CUST1276,2026-07-22 10:35:53,0,0.0,0.0,Low Risk,0
TXN00009955,CUST1421,2026-07-27 05:34:08,0,0.0,0.0,Low Risk,0
TXN00006602,CUST1267,2026-07-17 03:38:17,0,0.0,0.0,Low Risk,0
TXN00007675,CUST1208,2026-07-20 08:25:31,0,0.0,0.0,Low Risk,0
TXN00004981,CUST1043,2026-07-12 03:13:59,0,0.0,0.0,Low Risk,0
TXN00007062,CUST1458,2026-07-18 12:39:03,0,0.0,0.0,Low Risk,0
TXN00003770,CUST1112,2026-07-08 11:52:51,0,0.0,0.0,Low Risk,0
TXN00001324,CUST1051,2026-06-30 22:51:21,0,0.0,0.0,Low Risk,0
TXN00008511,CUST1147,2026-07-22 22:37:07,1,1.0,100.0,High Risk,1
TXN00005669,CUST1358,2026-07-14 04:54:38,0,0.0,0.0,Low Risk,0
TXN00007678,CUST1445,2026-07-20 08:39:55,0,0.0,0.0,Low Risk,0
TXN00006787,CUST1174,2026-07-17 17:02:35,0,0.0,0.0,Low Risk,0
TXN00002849,CUST1019,2026-07-05 15:28:40,0,0.0,0.0,Low Risk,0
TXN00004718,CUST1331,2026-07-11 08:12:37,0,0.0,0.0,Low Risk,0
TXN00003872,CUST1380,2026-07-08 19:09:17,0,0.0,0.0,Low Risk,0
TXN00006853,CUST1335,2026-07-17 21:52:08,0,0.0,0.0,Low Risk,0
TXN00006435,CUST1153,2026-07-16 15:09:20,0,0.0,0.0,Low Risk,0
TXN00001562,CUST1260,2026-07-01 16:30:49,0,0.0,0.0,Low Risk,0
TXN00004832,CUST1417,2026-07-11 15:45:49,0,0.0,0.0,Low Risk,0
TXN00000129,CUST1398,2026-06-27 07:47:19,0,0.0,0.0,Low Risk,0
TXN00004294,CUST1016,2026-07-10 02:04:26,0,0.0,0.0,Low Risk,0
TXN00000711,CUST1296,2026-06-29 02:56:26,0,0.0,0.0,Low Risk,0
TXN00000067,CUST1499,2026-06-27 02:53:38,0,0.0,0.0,Low Risk,0
TXN00006870,CUST1456,2026-07-17 23:12:34,0,0.0,0.0,Low Risk,0
TXN00000043,CUST1358,2026-06-27 01:15:00,0,0.0,0.0,Low Risk,0
TXN00002228,CUST1272,2026-07-03 16:54:16,0,0.0,0.0,Low Risk,0
TXN00009498,CUST1329,2026-07-25 20:43:43,0,0.0,0.0,Low Risk,0
TXN00007168,CUST1493,2026-07-18 20:11:24,0,0.0,0.0,Low Risk,0
TXN00009953,CUST1447,2026-07-27 05:24:20,0,0.0,0.0,Low Risk,0
TXN00001626,CUST1270,2026-07-01 21:11:27,0,0.0,0.0,Low Risk,0
TXN00004757,CUST1016,2026-07-11 11:11:54,1,1.0,100.0,High Risk,1
TXN00006901,CUST1114,2026-07-18 01:07:18,0,0.0,0.0,Low Risk,0
TXN00001606,CUST1198,2026-07-01 19:39:55,0,0.0,0.0,Low Risk,0
TXN00004477,CUST1426,2026-07-10 15:10:19,0,0.0,0.0,Low Risk,0
TXN00000379,CUST1039,2026-06-28 02:20:29,0,0.0,0.0,Low Risk,0
TXN00005122,CUST1271,2026-07-12 13:43:48,0,0.0,0.0,Low Risk,0
TXN00005748,CUST1406,2026-07-14 10:39:23,0,0.0,0.0,Low Risk,0
TXN00003399,CUST1212,2026-07-07 07:55:26,0,0.0,0.0,Low Risk,0
TXN00001385,CUST1292,2026-07-01 03:23:04,0,0.0,0.0,Low Risk,0
TXN00008655,CUST1377,2026-07-23 08:33:20,0,0.0,0.0,Low Risk,0
TXN00006624,CUST1399,2026-07-17 05:22:28,0,0.0,0.0,Low Risk,0
TXN00000968,CUST1343,2026-06-29 21:02:28,0,0.0,0.0,Low Risk,0
TXN00009925,CUST1058,2026-07-27 03:44:18,0,0.0,0.0,Low Risk,0
TXN00004650,CUST1415,2026-07-11 02:59:29,0,0.0,0.0,Low Risk,0
TXN00006280,CUST1459,2026-07-16 03:58:01,0,0.0,0.0,Low Risk,0
TXN00004940,CUST1290,2026-07-12 00:16:09,0,0.0,0.0,Low Risk,0
TXN00005519,CUST1067,2026-07-13 17:25:37,0,0.0,0.0,Low Risk,0
TXN00002768,CUST1214,2026-07-05 09:39:02,0,0.0,0.0,Low Risk,0
TXN00008279,CUST1077,2026-07-22 06:22:57,0,0.0,0.0,Low Risk,0
TXN00004896,CUST1264,2026-07-11 20:55:37,0,0.0,0.0,Low Risk,0
TXN00002498,CUST1405,2026-07-04 12:36:43,0,0.0,0.0,Low Risk,0
TXN00009645,CUST1438,2026-07-26 07:17:59,0,0.0,0.0,Low Risk,0
TXN00000560,CUST1325,2026-06-28 15:58:24,0,0.0,0.0,Low Risk,0
TXN00009582,CUST1084,2026-07-26 02:51:28,0,0.0,0.0,Low Risk,0
TXN00002777,CUST1489,2026-07-05 10:23:59,0,0.0,0.0,Low Risk,0
TXN00000980,CUST1014,2026-06-29 22:05:45,0,0.0,0.0,Low Risk,0
TXN00000133,CUST1017,2026-06-27 07:59:10,0,0.0,0.0,Low Risk,0
TXN00001266,CUST1007,2026-06-30 18:15:51,0,0.0,0.0,Low Risk,0
TXN00000140,CUST1468,2026-06-27 08:32:01,0,0.0,0.0,Low Risk,0
TXN00002784,CUST1011,2026-07-05 10:51:33,0,0.0,0.0,Low Risk,0
TXN00007643,CUST1333,2026-07-20 06:43:22,0,0.0,0.0,Low Risk,0
TXN00008680,CUST1153,2026-07-23 10:14:32,0,0.0,0.0,Low Risk,0
TXN00008816,CUST1098,2026-07-23 20:17:28,0,0.0,0.0,Low Risk,0
TXN00006162,CUST1209,2026-07-15 19:09:51,0,0.0,0.0,Low Risk,0
TXN00009446,CUST1243,2026-07-25 16:35:03,0,0.0,0.0,Low Risk,0
TXN00008152,CUST1106,2026-07-21 20:16:33,0,0.0,0.0,Low Risk,0
TXN00008306,CUST1031,2026-07-22 08:04:54,0,0.0,0.0,Low Risk,0
TXN00004575,CUST1493,2026-07-10 22:12:27,0,0.0,0.0,Low Risk,0
TXN00001794,CUST1370,2026-07-02 09:36:39,0,0.0,0.0,Low Risk,0
TXN00001000,CUST1168,2026-06-29 23:25:34,0,0.0,0.0,Low Risk,0
TXN00008263,CUST1118,2026-07-22 05:03:41,0,0.0,0.0,Low Risk,0
TXN00003627,CUST1439,2026-07-08 01:16:29,0,0.0,0.0,Low Risk,0
TXN00005202,CUST1474,2026-07-12 18:48:52,0,0.0,0.0,Low Risk,0
TXN00009758,CUST1362,2026-07-26 15:58:37,0,0.0,0.0,Low Risk,0
TXN00006786,CUST1448,2026-07-17 16:58:20,0,0.0,0.0,Low Risk,0
TXN00005272,CUST1346,2026-07-12 23:30:06,0,0.0,0.0,Low Risk,0
TXN00003505,CUST1071,2026-07-07 15:44:00,0,0.0,0.0,Low Risk,0
TXN00007809,CUST1020,2026-07-20 18:37:12,0,0.0,0.0,Low Risk,0
TXN00001670,CUST1472,2026-07-02 00:41:58,0,0.0,0.0,Low Risk,0
TXN00006844,CUST1230,2026-07-17 21:18:47,0,0.0,0.0,Low Risk,0
TXN00000268,CUST1390,2026-06-27 18:25:29,0,0.0,0.0,Low Risk,0
TXN00008059,CUST1055,2026-07-21 13:18:38,0,0.0,0.0,Low Risk,0
TXN00006907,CUST1494,2026-07-18 01:32:24,0,0.0,0.0,Low Risk,0
TXN00004529,CUST1182,2026-07-10 18:43:46,0,0.0,0.0,Low Risk,0
TXN00005209,CUST1159,2026-07-12 19:09:53,0,0.0,0.0,Low Risk,0
TXN00005329,CUST1444,2026-07-13 03:23:02,0,0.0,0.0,Low Risk,0
TXN00004802,CUST1448,2026-07-11 14:03:19,0,0.0,0.0,Low Risk,0
TXN00002371,CUST1398,2026-07-04 02:48:56,0,0.0,0.0,Low Risk,0
TXN00001729,CUST1148,2026-07-02 04:59:57,0,0.0,0.0,Low Risk,0
TXN00004956,CUST1064,2026-07-12 01:39:25,0,0.0,0.0,Low Risk,0
TXN00001514,CUST1283,2026-07-01 12:39:43,0,0.0,0.0,Low Risk,0
TXN00003486,CUST1490,2026-07-07 14:20:01,0,0.0,0.0,Low Risk,0
TXN00006417,CUST1241,2026-07-16 13:48:35,0,0.0,0.0,Low Risk,0
TXN00004570,CUST1248,2026-07-10 21:45:05,0,0.0,0.0,Low Risk,0
TXN00007367,CUST1359,2026-07-19 10:19:34,0,0.0,0.0,Low Risk,0
TXN00009959,CUST1068,2026-07-27 05:55:56,0,0.0,0.0,Low Risk,0
TXN00007457,CUST1437,2026-07-19 17:11:14,0,0.0,0.0,Low Risk,0
TXN00006588,CUST1130,2026-07-17 02:29:56,0,0.0,0.0,Low Risk,0
TXN00002852,CUST1098,2026-07-05 15:40:54,0,0.0,0.0,Low Risk,0
TXN00008662,CUST1200,2026-07-23 09:01:08,0,0.0,0.0,Low Risk,0
TXN00005166,CUST1328,2026-07-12 16:29:58,0,0.0,0.0,Low Risk,0
TXN00005804,CUST1040,2026-07-14 14:26:05,1,1.0,100.0,High Risk,1
TXN00002283,CUST1105,2026-07-03 20:19:50,0,0.0,0.0,Low Risk,0
TXN00001661,CUST1250,2026-07-02 00:02:20,0,0.0,0.0,Low Risk,0
TXN00003658,CUST1006,2026-07-08 03:45:21,0,0.0,0.0,Low Risk,0
TXN00006757,CUST1373,2026-07-17 15:08:19,0,0.0,0.0,Low Risk,0
TXN00004240,CUST1436,2026-07-09 22:04:02,0,0.0,0.0,Low Risk,0
TXN00004258,CUST1291,2026-07-09 23:23:59,0,0.0,0.0,Low Risk,0
TXN00007984,CUST1485,2026-07-21 07:00:49,0,0.0,0.0,Low Risk,0
TXN00004467,CUST1014,2026-07-10 14:37:55,0,0.0,0.0,Low Risk,0
TXN00001765,CUST1005,2026-07-02 07:23:10,0,0.0,0.0,Low Risk,0
TXN00006646,CUST1007,2026-07-17 07:22:43,0,0.0,0.0,Low Risk,0
TXN00007865,CUST1146,2026-07-20 22:58:29,0,0.0,0.0,Low Risk,0
TXN00000697,CUST1020,2026-06-29 02:00:42,0,0.0,0.0,Low Risk,0
TXN00000065,CUST1275,2026-06-27 02:45:32,0,0.0,0.0,Low Risk,0
TXN00007049,CUST1060,2026-07-18 11:33:44,0,0.0,0.0,Low Risk,0
TXN00009651,CUST1452,2026-07-26 07:34:06,0,0.0,0.0,Low Risk,0
TXN00009851,CUST1236,2026-07-26 22:09:19,0,0.0,0.0,Low Risk,0
TXN00008815,CUST1199,2026-07-23 20:09:11,0,0.0,0.0,Low Risk,0
TXN00004755,CUST1043,2026-07-11 11:07:56,0,0.0,0.0,Low Risk,0
TXN00006302,CUST1192,2026-07-16 05:47:42,0,0.0,0.0,Low Risk,0
TXN00002399,CUST1289,2026-07-04 05:13:42,0,0.0,0.0,Low Risk,0
TXN00009946,CUST1448,2026-07-27 05:01:25,0,0.0,0.0,Low Risk,0
TXN00001655,CUST1489,2026-07-01 23:38:42,0,0.0,0.0,Low Risk,0
TXN00006284,CUST1236,2026-07-16 04:15:13,0,0.0,0.0,Low Risk,0
TXN00007618,CUST1481,2026-07-20 04:47:17,0,0.0,0.0,Low Risk,0
TXN00006189,CUST1427,2026-07-15 21:23:25,0,0.0,0.0,Low Risk,0
TXN00006555,CUST1012,2026-07-16 23:57:21,0,0.0,0.0,Low Risk,0
TXN00004819,CUST1302,2026-07-11 15:09:03,0,0.0,0.0,Low Risk,0
TXN00003149,CUST1108,2026-07-06 13:29:21,0,0.0,0.0,Low Risk,0
TXN00006860,CUST1282,2026-07-17 22:24:37,0,0.0,0.0,Low Risk,0
TXN00000678,CUST1143,2026-06-29 00:51:37,0,0.0,0.0,Low Risk,0
TXN00007007,CUST1413,2026-07-18 08:14:50,0,0.0,0.0,Low Risk,0
TXN00009090,CUST1168,2026-07-24 15:24:42,0,0.0,0.0,Low Risk,0
TXN00005388,CUST1122,2026-07-13 07:52:55,0,0.0,0.0,Low Risk,0
TXN00000544,CUST1108,2026-06-28 14:47:21,0,0.0,0.0,Low Risk,0
TXN00002143,CUST1301,2026-07-03 10:35:46,0,0.0,0.0,Low Risk,0
TXN00004551,CUST1383,2026-07-10 20:15:32,0,0.0,0.0,Low Risk,0
TXN00004315,CUST1409,2026-07-10 03:51:10,0,0.0,0.0,Low Risk,0
TXN00005230,CUST1133,2026-07-12 20:50:35,0,0.0,0.0,Low Risk,0
TXN00007580,CUST1396,2026-07-20 01:53:45,0,0.0,0.0,Low Risk,0
TXN00002518,CUST1171,2026-07-04 14:15:45,0,0.0,0.0,Low Risk,0
TXN00009971,CUST1478,2026-07-27 07:06:23,0,0.0,0.0,Low Risk,0
TXN00005274,CUST1060,2026-07-12 23:40:10,0,0.0,0.0,Low Risk,0
TXN00003052,CUST1204,2026-07-06 06:21:39,0,0.0,0.0,Low Risk,0
TXN00002152,CUST1448,2026-07-03 11:23:04,0,0.0,0.0,Low Risk,0
TXN00002169,CUST1109,2026-07-03 12:29:20,0,0.0,0.0,Low Risk,0
TXN00007480,CUST1344,2026-07-19 18:46:34,0,0.0,0.0,Low Risk,0
TXN00001361,CUST1321,2026-07-01 01:43:38,0,0.0,0.0,Low Risk,0
TXN00006007,CUST1041,2026-07-15 06:50:16,0,0.0,0.0,Low Risk,0
TXN00004698,CUST1157,2026-07-11 06:41:02,0,0.0,0.0,Low Risk,0
TXN00002582,CUST1453,2026-07-04 19:12:14,1,1.0,100.0,High Risk,1
TXN00006262,CUST1068,2026-07-16 02:38:32,0,0.0,0.0,Low Risk,0
TXN00007251,CUST1464,2026-07-19 02:21:52,0,0.0,0.0,Low Risk,0
TXN00009873,CUST1010,2026-07-27 00:02:47,0,0.0,0.0,Low Risk,0
TXN00000805,CUST1345,2026-06-29 09:49:29,0,0.0,0.0,Low Risk,0
TXN00003405,CUST1314,2026-07-07 08:22:45,0,0.0,0.0,Low Risk,0
TXN00004714,CUST1326,2026-07-11 07:56:36,0,0.0,0.0,Low Risk,0
TXN00005637,CUST1120,2026-07-14 02:21:09,0,0.0,0.0,Low Risk,0
TXN00009004,CUST1262,2026-07-24 08:25:01,0,0.0,0.0,Low Risk,0
TXN00008862,CUST1368,2026-07-23 23:02:12,0,0.0,0.0,Low Risk,0
TXN00000790,CUST1377,2026-06-29 08:46:33,0,0.0,0.0,Low Risk,0
TXN00003656,CUST1371,2026-07-08 03:35:31,0,0.0,0.0,Low Risk,0
TXN00005868,CUST1488,2026-07-14 19:36:23,0,0.0,0.0,Low Risk,0
TXN00007402,CUST1325,2026-07-19 12:57:40,0,0.0,0.0,Low Risk,0
TXN00008055,CUST1134,2026-07-21 12:57:06,0,0.0,0.0,Low Risk,0
TXN00003561,CUST1020,2026-07-07 19:49:23,0,0.0,0.0,Low Risk,0
TXN00002576,CUST1052,2026-07-04 18:44:52,0,0.0,0.0,Low Risk,0
TXN00000826,CUST1357,2026-06-29 11:09:14,0,0.0,0.0,Low Risk,0
TXN00009338,CUST1214,2026-07-25 09:03:38,0,0.0,0.0,Low Risk,0
TXN00004945,CUST1458,2026-07-12 00:35:56,0,0.0,0.0,Low Risk,0
TXN00004868,CUST1444,2026-07-11 18:40:27,0,0.0,0.0,Low Risk,0
TXN00007557,CUST1016,2026-07-20 00:19:12,0,0.0,0.0,Low Risk,0
TXN00004503,CUST1206,2026-07-10 16:48:35,0,0.0,0.0,Low Risk,0
TXN00003500,CUST1139,2026-07-07 15:23:02,0,0.0,0.0,Low Risk,0
TXN00002590,CUST1068,2026-07-04 19:56:02,0,0.0,0.0,Low Risk,0
TXN00002782,CUST1260,2026-07-05 10:44:21,0,0.0,0.0,Low Risk,0
TXN00005267,CUST1131,2026-07-12 23:18:40,0,0.0,0.0,Low Risk,0
TXN00006309,CUST1351,2026-07-16 06:23:55,0,0.0,0.0,Low Risk,0
TXN00004998,CUST1361,2026-07-12 04:21:05,0,0.0,0.0,Low Risk,0
TXN00001232,CUST1142,2026-06-30 15:35:52,0,0.0,0.0,Low Risk,0
TXN00002220,CUST1036,2026-07-03 16:12:07,0,0.0,0.0,Low Risk,0
TXN00009025,CUST1048,2026-07-24 10:09:13,0,0.0,0.0,Low Risk,0
TXN00007498,CUST1079,2026-07-19 20:18:09,0,0.0,0.0,Low Risk,0
TXN00009547,CUST1232,2026-07-26 00:27:59,0,0.0,0.0,Low Risk,0
TXN00003194,CUST1390,2026-07-06 16:27:29,0,0.0,0.0,Low Risk,0
TXN00006023,CUST1487,2026-07-15 08:02:17,0,0.0,0.0,Low Risk,0
TXN00006824,CUST1252,2026-07-17 19:53:51,0,0.0,0.0,Low Risk,0
TXN00002447,CUST1298,2026-07-04 08:25:06,0,0.0,0.0,Low Risk,0
TXN00005372,CUST1356,2026-07-13 06:55:46,0,0.0,0.0,Low Risk,0
TXN00008742,CUST1331,2026-07-23 15:02:33,0,0.0,0.0,Low Risk,0
TXN00009581,CUST1408,2026-07-26 02:44:24,0,0.0,0.0,Low Risk,0
TXN00000646,CUST1137,2026-06-28 22:10:17,0,0.0,0.0,Low Risk,0
TXN00000313,CUST1037,2026-06-27 21:25:08,0,0.0,0.0,Low Risk,0
TXN00000726,CUST1378,2026-06-29 03:51:09,0,0.0,0.0,Low Risk,0
TXN00004980,CUST1129,2026-07-12 03:13:33,0,0.0,0.0,Low Risk,0
TXN00009715,CUST1019,2026-07-26 12:28:06,0,0.0,0.0,Low Risk,0
TXN00003047,CUST1314,2026-07-06 06:09:42,0,0.0,0.0,Low Risk,0
TXN00007709,CUST1170,2026-07-20 10:50:35,0,0.0,0.0,Low Risk,0
TXN00000545,CUST1368,2026-06-28 14:53:20,0,0.0,0.0,Low Risk,0
TXN00007341,CUST1295,2026-07-19 08:21:21,0,0.0,0.0,Low Risk,0
TXN00009752,CUST1248,2026-07-26 15:21:18,0,0.0,0.0,Low Risk,0
TXN00006051,CUST1035,2026-07-15 10:10:26,0,0.0,0.0,Low Risk,0
TXN00000531,CUST1481,2026-06-28 13:47:16,0,0.0,0.0,Low Risk,0
TXN00007264,CUST1408,2026-07-19 03:10:50,0,0.0,0.0,Low Risk,0
TXN00007786,CUST1036,2026-07-20 16:56:30,0,0.0,0.0,Low Risk,0
TXN00004102,CUST1269,2026-07-09 11:36:34,0,0.0,0.0,Low Risk,0
TXN00002812,CUST1280,2026-07-05 12:39:58,0,0.0,0.0,Low Risk,0
TXN00009258,CUST1443,2026-07-25 03:12:45,0,0.0,0.0,Low Risk,0
TXN00000930,CUST1395,2026-06-29 18:49:38,0,0.0,0.0,Low Risk,0
TXN00003358,CUST1353,2026-07-07 04:31:56,0,0.0,0.0,Low Risk,0
TXN00006349,CUST1465,2026-07-16 08:58:29,0,0.0,0.0,Low Risk,0
TXN00000217,CUST1369,2026-06-27 14:14:59,0,0.0,0.0,Low Risk,0
TXN00009665,CUST1126,2026-07-26 08:42:01,0,0.0,0.0,Low Risk,0
TXN00000021,CUST1112,2026-06-26 23:49:34,0,0.0,0.0,Low Risk,0
TXN00003652,CUST1489,2026-07-08 03:26:24,0,0.0,0.0,Low Risk,0
TXN00009952,CUST1394,2026-07-27 05:19:33,0,0.0,0.0,Low Risk,0
TXN00001367,CUST1218,2026-07-01 02:18:16,0,0.0,0.0,Low Risk,0
TXN00007074,CUST1196,2026-07-18 13:36:51,0,0.0,0.0,Low Risk,0
TXN00007687,CUST1452,2026-07-20 09:14:08,0,0.0,0.0,Low Risk,0
TXN00002592,CUST1193,2026-07-04 20:05:42,0,0.0,0.0,Low Risk,0
TXN00006735,CUST1433,2026-07-17 13:39:18,0,0.0,0.0,Low Risk,0
TXN00009432,CUST1400,2026-07-25 15:31:36,0,0.0,0.0,Low Risk,0
TXN00009855,CUST1459,2026-07-26 22:28:14,0,0.0,0.0,Low Risk,0
TXN00002106,CUST1221,2026-07-03 08:10:50,0,0.0,0.0,Low Risk,0
TXN00000128,CUST1394,2026-06-27 07:42:00,0,0.0,0.0,Low Risk,0
TXN00006376,CUST1088,2026-07-16 11:08:01,0,0.0,0.0,Low Risk,0
TXN00009652,CUST1253,2026-07-26 07:36:10,0,0.0,0.0,Low Risk,0
TXN00007535,CUST1311,2026-07-19 22:59:07,0,0.0,0.0,Low Risk,0
TXN00002770,CUST1341,2026-07-05 09:42:43,0,0.0,0.0,Low Risk,0
TXN00002890,CUST1309,2026-07-05 18:19:22,0,0.0,0.0,Low Risk,0
TXN00001183,CUST1124,2026-06-30 12:14:11,0,0.0,0.0,Low Risk,0
TXN00004880,CUST1251,2026-07-11 19:43:52,0,0.0,0.0,Low Risk,0
TXN00007422,CUST1022,2026-07-19 14:35:51,0,0.0,0.0,Low Risk,0
TXN00003728,CUST1463,2026-07-08 09:11:16,0,0.0,0.0,Low Risk,0
TXN00000097,CUST1428,2026-06-27 05:25:26,0,0.0,0.0,Low Risk,0
TXN00001852,CUST1495,2026-07-02 13:59:17,0,0.0,0.0,Low Risk,0
TXN00003847,CUST1392,2026-07-08 17:24:41,1,1.0,100.0,High Risk,1
TXN00007814,CUST1386,2026-07-20 18:52:00,0,0.0,0.0,Low Risk,0
TXN00006431,CUST1445,2026-07-16 14:50:47,0,0.0,0.0,Low Risk,0
TXN00007313,CUST1276,2026-07-19 06:33:25,0,0.0,0.0,Low Risk,0
TXN00002208,CUST1391,2026-07-03 15:29:36,0,0.0,0.0,Low Risk,0
TXN00000994,CUST1026,2026-06-29 22:58:36,1,1.0,100.0,High Risk,1
TXN00005619,CUST1139,2026-07-14 00:56:48,0,0.0,0.0,Low Risk,0
TXN00007963,CUST1223,2026-07-21 05:45:47,0,0.0,0.0,Low Risk,0
TXN00009077,CUST1006,2026-07-24 14:25:07,0,0.0,0.0,Low Risk,0
TXN00003773,CUST1024,2026-07-08 12:07:02,0,0.0,0.0,Low Risk,0
TXN00003378,CUST1323,2026-07-07 05:57:16,0,0.0,0.0,Low Risk,0
TXN00002700,CUST1430,2026-07-05 04:45:04,0,0.0,0.0,Low Risk,0
TXN00008202,CUST1410,2026-07-22 00:18:19,0,0.0,0.0,Low Risk,0
TXN00002868,CUST1381,2026-07-05 16:46:26,0,0.0,0.0,Low Risk,0
TXN00006900,CUST1338,2026-07-18 01:01:10,0,0.0,0.0,Low Risk,0
TXN00008822,CUST1079,2026-07-23 20:42:22,0,0.0,0.0,Low Risk,0
TXN00005492,CUST1026,2026-07-13 15:19:34,0,0.0,0.0,Low Risk,0
TXN00004504,CUST1274,2026-07-10 16:52:28,0,0.0,0.0,Low Risk,0
TXN00001480,CUST1278,2026-07-01 10:23:44,0,0.0,0.0,Low Risk,0
TXN00004484,CUST1210,2026-07-10 15:45:15,0,0.0,0.0,Low Risk,0
TXN00001321,CUST1313,2026-06-30 22:36:40,0,0.0,0.0,Low Risk,0
TXN00001869,CUST1275,2026-07-02 15:12:08,0,0.0,0.0,Low Risk,0
TXN00004192,CUST1048,2026-07-09 18:23:36,0,0.0,0.0,Low Risk,0
TXN00008997,CUST1421,2026-07-24 07:53:39,0,0.0,0.0,Low Risk,0
TXN00002015,CUST1014,2026-07-03 01:05:29,0,0.0,0.0,Low Risk,0
TXN00002789,CUST1326,2026-07-05 11:15:36,0,0.0,0.0,Low Risk,0
TXN00001486,CUST1186,2026-07-01 10:38:14,0,0.0,0.0,Low Risk,0
TXN00008358,CUST1490,2026-07-22 11:42:56,0,0.0,0.0,Low Risk,0
TXN00007926,CUST1071,2026-07-21 03:09:25,0,0.0,0.0,Low Risk,0
TXN00000816,CUST1436,2026-06-29 10:38:59,0,0.0,0.0,Low Risk,0
TXN00000796,CUST1340,2026-06-29 09:14:11,0,0.0,0.0,Low Risk,0
TXN00002757,CUST1295,2026-07-05 08:41:18,0,0.0,0.0,Low Risk,0
TXN00004040,CUST1430,2026-07-09 06:59:19,0,0.0,0.0,Low Risk,0
TXN00004928,CUST1220,2026-07-11 23:18:40,0,0.0,0.0,Low Risk,0
TXN00000710,CUST1461,2026-06-29 02:51:02,0,0.0,0.0,Low Risk,0
TXN00007622,CUST1390,2026-07-20 05:01:44,0,0.0,0.0,Low Risk,0
TXN00008174,CUST1278,2026-07-21 21:58:23,0,0.0,0.0,Low Risk,0
TXN00007152,CUST1387,2026-07-18 19:02:02,0,0.0,0.0,Low Risk,0
TXN00009504,CUST1056,2026-07-25 21:13:23,0,0.0,0.0,Low Risk,0
TXN00005489,CUST1183,2026-07-13 15:01:35,0,0.0,0.0,Low Risk,0
TXN00001784,CUST1311,2026-07-02 08:52:16,0,0.0,0.0,Low Risk,0
TXN00007113,CUST1262,2026-07-18 16:00:21,0,0.0,0.0,Low Risk,0
TXN00001406,CUST1377,2026-07-01 04:55:14,0,0.0,0.0,Low Risk,0
TXN00002431,CUST1232,2026-07-04 07:23:50,0,0.0,0.0,Low Risk,0
TXN00003154,CUST1328,2026-07-06 13:44:08,0,0.0,0.0,Low Risk,0
TXN00004340,CUST1053,2026-07-10 05:41:53,0,0.0,0.0,Low Risk,0
TXN00006296,CUST1004,2026-07-16 05:10:12,0,0.0,0.0,Low Risk,0
TXN00008213,CUST1398,2026-07-22 01:11:22,0,0.0,0.0,Low Risk,0
TXN00006027,CUST1486,2026-07-15 08:22:08,0,0.0,0.0,Low Risk,0
TXN00001954,CUST1051,2026-07-02 20:45:17,0,0.0,0.0,Low Risk,0
TXN00009022,CUST1132,2026-07-24 09:59:37,0,0.0,0.0,Low Risk,0
TXN00003396,CUST1161,2026-07-07 07:37:19,0,0.0,0.0,Low Risk,0
TXN00007979,CUST1147,2026-07-21 06:47:54,0,0.0,0.0,Low Risk,0
TXN00007413,CUST1192,2026-07-19 13:48:57,0,0.0,0.0,Low Risk,0
TXN00004283,CUST1039,2026-07-10 01:12:12,0,0.0,0.0,Low Risk,0
TXN00008149,CUST1124,2026-07-21 20:07:26,0,0.0,0.0,Low Risk,0
TXN00001911,CUST1156,2026-07-02 17:39:32,0,0.0,0.0,Low Risk,0
TXN00001938,CUST1251,2026-07-02 19:37:50,0,0.0,0.0,Low Risk,0
TXN00007333,CUST1045,2026-07-19 07:39:47,0,0.0,0.0,Low Risk,0
TXN00007779,CUST1371,2026-07-20 16:24:41,0,0.0,0.0,Low Risk,0
TXN00000966,CUST1200,2026-06-29 20:55:22,0,0.0,0.0,Low Risk,0
TXN00004213,CUST1049,2026-07-09 20:03:02,0,0.0,0.0,Low Risk,0
TXN00007693,CUST1264,2026-07-20 09:38:04,0,0.0,0.0,Low Risk,0
TXN00006536,CUST1176,2026-07-16 22:24:37,0,0.0,0.0,Low Risk,0
TXN00000158,CUST1382,2026-06-27 09:42:31,0,0.0,0.0,Low Risk,0
TXN00006383,CUST1050,2026-07-16 11:24:12,0,0.0,0.0,Low Risk,0
TXN00008802,CUST1318,2026-07-23 19:20:11,0,0.0,0.0,Low Risk,0
TXN00009998,CUST1147,2026-07-27 09:35:50,0,0.0,0.0,Low Risk,0
TXN00008030,CUST1361,2026-07-21 10:55:52,0,0.0,0.0,Low Risk,0
TXN00003071,CUST1265,2026-07-06 07:46:30,0,0.0,0.0,Low Risk,0
TXN00009617,CUST1445,2026-07-26 05:23:17,0,0.0,0.0,Low Risk,0
TXN00003144,CUST1329,2026-07-06 13:10:57,0,0.0,0.0,Low Risk,0
TXN00006126,CUST1191,2026-07-15 16:25:26,0,0.0,0.0,Low Risk,0
TXN00002904,CUST1368,2026-07-05 19:33:48,0,0.0,0.0,Low Risk,0
TXN00007792,CUST1009,2026-07-20 17:17:17,0,0.0,0.0,Low Risk,0
TXN00005451,CUST1080,2026-07-13 12:34:25,0,0.0,0.0,Low Risk,0
TXN00005500,CUST1208,2026-07-13 16:00:06,0,0.0,0.0,Low Risk,0
TXN00001549,CUST1383,2026-07-01 15:46:15,0,0.0,0.0,Low Risk,0
TXN00008040,CUST1299,2026-07-21 11:41:58,0,0.0,0.0,Low Risk,0
TXN00006793,CUST1049,2026-07-17 17:32:40,0,0.0,0.0,Low Risk,0
TXN00005690,CUST1159,2026-07-14 06:40:44,0,0.0,0.0,Low Risk,0
TXN00004624,CUST1119,2026-07-11 01:17:53,0,0.0,0.0,Low Risk,0
TXN00001018,CUST1488,2026-06-30 00:43:55,0,0.0,0.0,Low Risk,0
TXN00004385,CUST1033,2026-07-10 08:48:03,0,0.0,0.0,Low Risk,0
TXN00006854,CUST1010,2026-07-17 21:53:16,0,0.0,0.0,Low Risk,0
TXN00007840,CUST1481,2026-07-20 20:52:46,0,0.0,0.0,Low Risk,0
TXN00004236,CUST1337,2026-07-09 21:45:05,0,0.0,0.0,Low Risk,0
TXN00009112,CUST1068,2026-07-24 17:04:55,0,0.0,0.0,Low Risk,0
TXN00009162,CUST1177,2026-07-24 20:16:15,0,0.0,0.0,Low Risk,0
TXN00006547,CUST1207,2026-07-16 23:20:39,0,0.0,0.0,Low Risk,0
TXN00004165,CUST1318,2026-07-09 16:22:28,0,0.0,0.0,Low Risk,0
TXN00007227,CUST1114,2026-07-19 00:52:05,0,0.0,0.0,Low Risk,0
TXN00002695,CUST1115,2026-07-05 04:19:53,0,0.0,0.0,Low Risk,0
TXN00001021,CUST1333,2026-06-30 01:03:55,0,0.0,0.0,Low Risk,0
TXN00000402,CUST1443,2026-06-28 04:20:35,0,0.0,0.0,Low Risk,0
TXN00004269,CUST1072,2026-07-10 00:15:42,0,0.0,0.0,Low Risk,0
TXN00006169,CUST1421,2026-07-15 19:37:03,0,0.0,0.0,Low Risk,0
TXN00002023,CUST1166,2026-07-03 01:45:42,0,0.0,0.0,Low Risk,0
TXN00006379,CUST1449,2026-07-16 11:17:53,0,0.0,0.0,Low Risk,0
TXN00008485,CUST1328,2026-07-22 20:47:32,0,0.0,0.0,Low Risk,0
TXN00001009,CUST1216,2026-06-30 00:02:01,0,0.0,0.0,Low Risk,0
TXN00000940,CUST1245,2026-06-29 19:17:10,0,0.0,0.0,Low Risk,0
TXN00002882,CUST1266,2026-07-05 17:38:28,0,0.0,0.0,Low Risk,0
TXN00000699,CUST1306,2026-06-29 02:10:39,0,0.0,0.0,Low Risk,0
TXN00001786,CUST1181,2026-07-02 09:01:59,0,0.0,0.0,Low Risk,0
TXN00007481,CUST1336,2026-07-19 18:55:12,0,0.0,0.0,Low Risk,0
TXN00001730,CUST1347,2026-07-02 05:04:10,0,0.0,0.0,Low Risk,0
TXN00009833,CUST1427,2026-07-26 20:58:26,0,0.0,0.0,Low Risk,0
TXN00004080,CUST1495,2026-07-09 09:43:57,0,0.0,0.0,Low Risk,0
TXN00006326,CUST1097,2026-07-16 07:23:59,0,0.0,0.0,Low Risk,0
TXN00000309,CUST1118,2026-06-27 21:16:28,0,0.0,0.0,Low Risk,0
TXN00009418,CUST1316,2026-07-25 14:21:05,0,0.0,0.0,Low Risk,0
TXN00004511,CUST1279,2026-07-10 17:28:50,0,0.0,0.0,Low Risk,0
TXN00001782,CUST1410,2026-07-02 08:38:54,0,0.0,0.0,Low Risk,0
TXN00008544,CUST1200,2026-07-23 00:37:46,0,0.0,0.0,Low Risk,0
TXN00008135,CUST1294,2026-07-21 18:58:08,0,0.0,0.0,Low Risk,0
TXN00005198,CUST1123,2026-07-12 18:30:08,0,0.0,0.0,Low Risk,0
TXN00006794,CUST1222,2026-07-17 02:37:00,1,1.0,100.0,High Risk,1
TXN00003637,CUST1343,2026-07-08 02:05:12,0,0.0,0.0,Low Risk,0
TXN00000780,CUST1227,2026-06-29 07:56:34,0,0.0,0.0,Low Risk,0
TXN00003752,CUST1068,2026-07-08 10:55:55,0,0.0,0.0,Low Risk,0
TXN00009072,CUST1383,2026-07-24 14:01:49,0,0.0,0.0,Low Risk,0
TXN00004646,CUST1106,2026-07-11 02:38:02,0,0.0,0.0,Low Risk,0
TXN00009259,CUST1056,2026-07-25 03:18:12,0,0.0,0.0,Low Risk,0
TXN00006923,CUST1370,2026-07-18 02:27:36,0,0.0,0.0,Low Risk,0
TXN00005677,CUST1486,2026-07-14 05:43:43,0,0.0,0.0,Low Risk,0
TXN00005549,CUST1063,2026-07-13 19:25:17,0,0.0,0.0,Low Risk,0
TXN00004303,CUST1482,2026-07-10 02:52:23,0,0.0,0.0,Low Risk,0
TXN00006955,CUST1338,2026-07-18 04:17:57,0,0.0,0.0,Low Risk,0
TXN00002835,CUST1023,2026-07-05 14:12:44,0,0.0,0.0,Low Risk,0
TXN00006152,CUST1374,2026-07-15 18:27:17,0,0.0,0.0,Low Risk,0
TXN00003241,CUST1235,2026-07-06 20:06:15,0,0.0,0.0,Low Risk,0
TXN00007127,CUST1404,2026-07-18 17:12:11,0,0.0,0.0,Low Risk,0
TXN00009053,CUST1296,2026-07-24 12:15:57,0,0.0,0.0,Low Risk,0
TXN00003955,CUST1214,2026-07-09 01:34:48,0,0.0,0.0,Low Risk,0
TXN00008448,CUST1068,2026-07-22 17:47:40,0,0.0,0.0,Low Risk,0
TXN00002540,CUST1406,2026-07-04 15:45:23,0,0.0,0.0,Low Risk,0
TXN00002077,CUST1065,2026-07-03 05:53:29,0,0.0,0.0,Low Risk,0
TXN00000210,CUST1223,2026-06-27 13:42:50,0,0.0,0.0,Low Risk,0
TXN00007185,CUST1170,2026-07-18 21:52:55,0,0.0,0.0,Low Risk,0
TXN00002916,CUST1315,2026-07-05 20:29:23,0,0.0,0.0,Low Risk,0
TXN00006645,CUST1002,2026-07-17 07:21:07,0,0.0,0.0,Low Risk,0
TXN00006129,CUST1419,2026-07-15 16:34:22,0,0.0,0.0,Low Risk,0
TXN00003565,CUST1214,2026-07-07 20:13:44,0,0.0,0.0,Low Risk,0
TXN00009550,CUST1257,2026-07-26 00:39:22,0,0.0,0.0,Low Risk,0
TXN00000002,CUST1058,2026-06-26 22:47:22,0,0.0,0.0,Low Risk,0
TXN00006368,CUST1244,2026-07-16 10:35:27,0,0.0,0.0,Low Risk,0
TXN00006595,CUST1323,2026-07-17 02:58:36,0,0.0,0.0,Low Risk,0
TXN00005735,CUST1340,2026-07-14 09:30:42,0,0.0,0.0,Low Risk,0
TXN00008183,CUST1460,2026-07-21 22:40:58,0,0.0,0.0,Low Risk,0
TXN00008253,CUST1187,2026-07-22 04:20:45,0,0.0,0.0,Low Risk,0
TXN00006958,CUST1259,2026-07-18 04:29:43,0,0.0,0.0,Low Risk,0
TXN00001298,CUST1061,2026-06-30 20:44:29,0,0.0,0.0,Low Risk,0
TXN00005060,CUST1352,2026-07-12 08:40:07,0,0.0,0.0,Low Risk,0
TXN00008790,CUST1278,2026-07-23 18:27:19,0,0.0,0.0,Low Risk,0
TXN00007348,CUST1231,2026-07-19 08:57:25,0,0.0,0.0,Low Risk,0
TXN00007354,CUST1200,2026-07-19 09:26:52,0,0.0,0.0,Low Risk,0
TXN00000574,CUST1283,2026-06-28 17:11:06,1,1.0,100.0,High Risk,1
TXN00004933,CUST1166,2026-07-11 23:48:22,0,0.0,0.0,Low Risk,0
TXN00001428,CUST1388,2026-07-01 06:34:41,0,0.0,0.0,Low Risk,0
TXN00006891,CUST1243,2026-07-18 00:30:23,0,0.0,0.0,Low Risk,0
TXN00002928,CUST1263,2026-07-05 21:15:21,0,0.0,0.0,Low Risk,0
TXN00004038,CUST1241,2026-07-09 06:55:44,0,0.0,0.0,Low Risk,0
TXN00009883,CUST1034,2026-07-27 00:43:52,0,0.0,0.0,Low Risk,0
TXN00007306,CUST1110,2026-07-19 06:08:15,0,0.0,0.0,Low Risk,0
TXN00004509,CUST1355,2026-07-10 17:20:53,0,0.0,0.0,Low Risk,0
TXN00009301,CUST1182,2026-07-25 06:22:06,0,0.0,0.0,Low Risk,0
TXN00000672,CUST1169,2026-06-29 00:19:10,0,0.0,0.0,Low Risk,0
TXN00001305,CUST1317,2026-06-30 21:14:49,0,0.0,0.0,Low Risk,0
TXN00000488,CUST1235,2026-06-28 10:27:57,0,0.0,0.0,Low Risk,0
TXN00008123,CUST1384,2026-07-21 17:59:28,0,0.0,0.0,Low Risk,0
TXN00004157,CUST1092,2026-07-09 15:42:29,0,0.0,0.0,Low Risk,0
TXN00000993,CUST1094,2026-06-29 22:53:21,0,0.0,0.0,Low Risk,0
TXN00005886,CUST1248,2026-07-14 21:20:11,0,0.0,0.0,Low Risk,0
TXN00008951,CUST1282,2026-07-24 04:43:30,0,0.0,0.0,Low Risk,0
TXN00002132,CUST1044,2026-07-03 09:47:42,0,0.0,0.0,Low Risk,0
TXN00007727,CUST1304,2026-07-20 12:16:58,0,0.0,0.0,Low Risk,0
TXN00001932,CUST1080,2026-07-02 19:07:33,0,0.0,0.0,Low Risk,0
TXN00006005,CUST1244,2026-07-15 06:45:43,0,0.0,0.0,Low Risk,0
TXN00006391,CUST1391,2026-07-16 12:02:44,0,0.0,0.0,Low Risk,0
TXN00004603,CUST1059,2026-07-11 00:11:46,0,0.0,0.0,Low Risk,0
TXN00001983,CUST1065,2026-07-02 22:57:20,0,0.0,0.0,Low Risk,0
TXN00009481,CUST1208,2026-07-25 19:19:31,0,0.0,0.0,Low Risk,0
TXN00005328,CUST1239,2026-07-13 03:20:44,0,0.0,0.0,Low Risk,0
TXN00006157,CUST1097,2026-07-15 18:45:04,0,0.0,0.0,Low Risk,0
TXN00003839,CUST1236,2026-07-08 16:58:16,0,0.0,0.0,Low Risk,0
TXN00004694,CUST1069,2026-07-11 06:24:25,0,0.0,0.0,Low Risk,0
TXN00009644,CUST1255,2026-07-26 07:13:34,0,0.0,0.0,Low Risk,0
TXN00001482,CUST1212,2026-07-01 10:28:53,0,0.0,0.0,Low Risk,0
TXN00007808,CUST1308,2026-07-20 18:35:40,0,0.0,0.0,Low Risk,0
TXN00007686,CUST1257,2026-07-20 09:11:17,0,0.0,0.0,Low Risk,0
TXN00004875,CUST1127,2026-07-11 19:23:14,0,0.0,0.0,Low Risk,0
TXN00002862,CUST1064,2026-07-05 16:30:41,0,0.0,0.0,Low Risk,0
TXN00001310,CUST1231,2026-06-30 21:36:22,0,0.0,0.0,Low Risk,0
TXN00002622,CUST1159,2026-07-04 22:40:14,0,0.0,0.0,Low Risk,0
TXN00001734,CUST1227,2026-07-02 05:27:02,0,0.0,0.0,Low Risk,0
TXN00009220,CUST1281,2026-07-25 00:29:03,0,0.0,0.0,Low Risk,0
TXN00004946,CUST1350,2026-07-12 00:44:13,0,0.0,0.0,Low Risk,0
TXN00009363,CUST1362,2026-07-25 10:41:53,0,0.0,0.0,Low Risk,0
TXN00002950,CUST1487,2026-07-05 22:48:10,0,0.0,0.0,Low Risk,0
TXN00005333,CUST1160,2026-07-13 03:40:34,0,0.0,0.0,Low Risk,0
TXN00003929,CUST1269,2026-07-08 23:38:36,0,0.0,0.0,Low Risk,0
TXN00009049,CUST1154,2026-07-24 11:56:54,0,0.0,0.0,Low Risk,0
TXN00006721,CUST1436,2026-07-17 12:56:58,0,0.0,0.0,Low Risk,0
TXN00001971,CUST1047,2026-07-02 22:07:47,0,0.0,0.0,Low Risk,0
TXN00002232,CUST1233,2026-07-03 17:05:32,0,0.0,0.0,Low Risk,0
TXN00004900,CUST1480,2026-07-11 21:15:19,0,0.0,0.0,Low Risk,0
TXN00000424,CUST1250,2026-06-28 06:03:27,0,0.0,0.0,Low Risk,0
TXN00007856,CUST1218,2026-07-20 22:08:03,0,0.0,0.0,Low Risk,0
TXN00007651,CUST1141,2026-07-20 07:02:56,0,0.0,0.0,Low Risk,0
TXN00005057,CUST1471,2026-07-12 08:24:12,0,0.0,0.0,Low Risk,0
TXN00009245,CUST1239,2026-07-25 02:20:45,0,0.0,0.0,Low Risk,0
TXN00001755,CUST1184,2026-07-02 06:38:15,0,0.0,0.0,Low Risk,0
TXN00005638,CUST1499,2026-07-14 02:21:25,0,0.0,0.0,Low Risk,0
TXN00003236,CUST1012,2026-07-06 19:35:59,0,0.0,0.0,Low Risk,0
TXN00001501,CUST1451,2026-07-01 11:41:07,0,0.0,0.0,Low Risk,0
TXN00004844,CUST1361,2026-07-11 16:43:18,0,0.0,0.0,Low Risk,0
TXN00003083,CUST1067,2026-07-06 08:49:02,0,0.0,0.0,Low Risk,0
TXN00008921,CUST1213,2026-07-24 02:43:21,0,0.0,0.0,Low Risk,0
TXN00007949,CUST1362,2026-07-21 04:52:23,0,0.0,0.0,Low Risk,0
TXN00001704,CUST1088,2026-07-02 03:09:17,0,0.0,0.0,Low Risk,0
TXN00004298,CUST1231,2026-07-10 02:22:58,0,0.0,0.0,Low Risk,0
TXN00008722,CUST1174,2026-07-23 13:23:43,0,0.0,0.0,Low Risk,0
TXN00003666,CUST1061,2026-07-08 04:27:35,0,0.0,0.0,Low Risk,0
TXN00008133,CUST1112,2026-07-21 18:46:32,0,0.0,0.0,Low Risk,0
TXN00000324,CUST1264,2026-06-27 22:18:21,0,0.0,0.0,Low Risk,0
TXN00003392,CUST1057,2026-07-07 07:16:01,0,0.0,0.0,Low Risk,0
TXN00004064,CUST1169,2026-07-09 08:35:36,0,0.0,0.0,Low Risk,0
TXN00008380,CUST1335,2026-07-22 13:18:53,0,0.0,0.0,Low Risk,0
TXN00009319,CUST1144,2026-07-25 07:46:51,0,0.0,0.0,Low Risk,0
TXN00006244,CUST1114,2026-07-16 01:21:37,0,0.0,0.0,Low Risk,0
TXN00000962,CUST1140,2026-06-29 20:45:11,0,0.0,0.0,Low Risk,0
TXN00002828,CUST1367,2026-07-05 13:52:19,0,0.0,0.0,Low Risk,0
TXN00009117,CUST1382,2026-07-24 17:32:11,0,0.0,0.0,Low Risk,0
TXN00008959,CUST1423,2026-07-24 05:12:27,0,0.0,0.0,Low Risk,0
TXN00000609,CUST1342,2026-06-28 19:48:23,0,0.0,0.0,Low Risk,0
TXN00005187,CUST1428,2026-07-12 18:00:48,0,0.0,0.0,Low Risk,0
TXN00003025,CUST1327,2026-07-06 04:17:41,0,0.0,0.0,Low Risk,0
TXN00007135,CUST1381,2026-07-18 17:41:43,0,0.0,0.0,Low Risk,0
TXN00003799,CUST1196,2026-07-08 14:16:35,0,0.0,0.0,Low Risk,0
TXN00006692,CUST1005,2026-07-17 10:44:11,0,0.0,0.0,Low Risk,0
TXN00007366,CUST1024,2026-07-19 10:19:02,0,0.0,0.0,Low Risk,0
TXN00006081,CUST1482,2026-07-15 12:30:22,0,0.0,0.0,Low Risk,0
TXN00003031,CUST1063,2026-07-06 05:01:57,0,0.0,0.0,Low Risk,0
TXN00004491,CUST1130,2026-07-10 16:10:08,0,0.0,0.0,Low Risk,0
TXN00005691,CUST1090,2026-07-14 06:47:17,1,1.0,100.0,High Risk,1
TXN00001114,CUST1425,2026-06-30 07:11:01,0,0.0,0.0,Low Risk,0
TXN00009872,CUST1275,2026-07-26 23:58:08,0,0.0,0.0,Low Risk,0
TXN00001137,CUST1166,2026-06-30 08:28:31,0,0.0,0.0,Low Risk,0
TXN00005043,CUST1036,2026-07-12 07:30:48,0,0.0,0.0,Low Risk,0
TXN00004841,CUST1276,2026-07-11 16:30:01,0,0.0,0.0,Low Risk,0
TXN00001410,CUST1014,2026-07-01 05:00:42,0,0.0,0.0,Low Risk,0
TXN00006518,CUST1157,2026-07-16 21:11:08,0,0.0,0.0,Low Risk,0
TXN00002702,CUST1333,2026-07-05 04:48:45,0,0.0,0.0,Low Risk,0
TXN00007290,CUST1043,2026-07-19 05:13:32,0,0.0,0.0,Low Risk,0
TXN00001001,CUST1173,2026-06-29 23:31:05,0,0.0,0.0,Low Risk,0
TXN00006359,CUST1098,2026-07-16 09:50:41,0,0.0,0.0,Low Risk,0
TXN00008200,CUST1028,2026-07-22 00:08:12,0,0.0,0.0,Low Risk,0
TXN00004786,CUST1422,2026-07-11 13:02:51,0,0.0,0.0,Low Risk,0
TXN00003425,CUST1089,2026-07-07 09:42:03,0,0.0,0.0,Low Risk,0
TXN00006648,CUST1046,2026-07-17 07:36:44,0,0.0,0.0,Low Risk,0
TXN00002421,CUST1156,2026-07-04 06:56:35,0,0.0,0.0,Low Risk,0
TXN00008913,CUST1128,2026-07-24 02:09:39,0,0.0,0.0,Low Risk,0
TXN00004361,CUST1198,2026-07-10 07:18:28,0,0.0,0.0,Low Risk,0
TXN00004861,CUST1471,2026-07-11 18:07:45,0,0.0,0.0,Low Risk,0
TXN00004576,CUST1044,2026-07-10 22:14:29,0,0.0,0.0,Low Risk,0
TXN00002413,CUST1322,2026-07-04 06:25:07,0,0.0,0.0,Low Risk,0
TXN00000903,CUST1140,2026-06-29 16:42:19,0,0.0,0.0,Low Risk,0
TXN00003740,CUST1349,2026-07-08 10:06:30,0,0.0,0.0,Low Risk,0
TXN00006926,CUST1131,2026-07-18 02:38:51,0,0.0,0.0,Low Risk,0
TXN00002456,CUST1415,2026-07-04 09:09:18,0,0.0,0.0,Low Risk,0
TXN00006125,CUST1460,2026-07-15 16:21:56,0,0.0,0.0,Low Risk,0
TXN00009062,CUST1451,2026-07-24 13:00:50,0,0.0,0.0,Low Risk,0
TXN00008912,CUST1337,2026-07-24 02:02:47,0,0.0,0.0,Low Risk,0
TXN00001107,CUST1251,2026-06-30 06:43:02,1,1.0,100.0,High Risk,1
TXN00001250,CUST1065,2026-06-30 17:07:35,0,0.0,0.0,Low Risk,0
TXN00001195,CUST1208,2026-06-30 13:09:06,0,0.0,0.0,Low Risk,0
TXN00005069,CUST1064,2026-07-12 09:15:53,0,0.0,0.0,Low Risk,0
TXN00003939,CUST1276,2026-07-09 00:25:29,0,0.0,0.0,Low Risk,0
TXN00001363,CUST1339,2026-07-01 02:00:19,0,0.0,0.0,Low Risk,0
TXN00004296,CUST1140,2026-07-10 02:13:46,0,0.0,0.0,Low Risk,0
TXN00008916,CUST1486,2026-07-24 02:20:16,0,0.0,0.0,Low Risk,0
TXN00005906,CUST1370,2026-07-14 22:51:19,0,0.0,0.0,Low Risk,0
TXN00002522,CUST1073,2026-07-04 14:36:19,0,0.0,0.0,Low Risk,0
TXN00005636,CUST1300,2026-07-14 02:19:37,0,0.0,0.0,Low Risk,0
TXN00004963,CUST1491,2026-07-12 02:10:25,0,0.0,0.0,Low Risk,0
TXN00001667,CUST1121,2026-07-02 00:30:48,0,0.0,0.0,Low Risk,0
TXN00000451,CUST1096,2026-06-28 08:02:17,0,0.0,0.0,Low Risk,0
TXN00001142,CUST1045,2026-06-30 08:50:41,0,0.0,0.0,Low Risk,0
TXN00001689,CUST1167,2026-07-02 02:01:26,0,0.0,0.0,Low Risk,0
TXN00000729,CUST1187,2026-06-29 04:03:41,0,0.0,0.0,Low Risk,0
TXN00004211,CUST1440,2026-07-09 19:57:54,0,0.0,0.0,Low Risk,0
TXN00002589,CUST1317,2026-07-04 19:48:29,0,0.0,0.0,Low Risk,0
TXN00001209,CUST1170,2026-06-30 14:13:40,0,0.0,0.0,Low Risk,0
TXN00008579,CUST1232,2026-07-23 03:21:14,0,0.0,0.0,Low Risk,0
TXN00001564,CUST1421,2026-07-01 16:36:48,0,0.0,0.0,Low Risk,0
TXN00004936,CUST1173,2026-07-11 23:58:46,0,0.0,0.0,Low Risk,0
TXN00005482,CUST1439,2026-07-13 14:38:05,0,0.0,0.0,Low Risk,0
TXN00007783,CUST1233,2026-07-20 16:44:31,0,0.0,0.0,Low Risk,0
TXN00008567,CUST1138,2026-07-23 02:22:59,0,0.0,0.0,Low Risk,0
TXN00000975,CUST1240,2026-06-29 21:40:34,0,0.0,0.0,Low Risk,0
TXN00007999,CUST1100,2026-07-21 08:12:44,0,0.0,0.0,Low Risk,0
TXN00004436,CUST1091,2026-07-10 12:18:13,0,0.0,0.0,Low Risk,0
TXN00007778,CUST1086,2026-07-20 16:22:45,0,0.0,0.0,Low Risk,0
TXN00004267,CUST1387,2026-07-10 00:06:54,0,0.0,0.0,Low Risk,0
TXN00007134,CUST1007,2026-07-18 17:36:10,0,0.0,0.0,Low Risk,0
TXN00006586,CUST1064,2026-07-17 02:27:25,0,0.0,0.0,Low Risk,0
TXN00005101,CUST1311,2026-07-12 11:55:41,0,0.0,0.0,Low Risk,0
TXN00004609,CUST1347,2026-07-11 00:23:35,0,0.0,0.0,Low Risk,0
TXN00001542,CUST1283,2026-07-01 15:18:46,0,0.0,0.0,Low Risk,0
TXN00002520,CUST1299,2026-07-04 14:24:25,0,0.0,0.0,Low Risk,0
TXN00007225,CUST1048,2026-07-19 00:43:50,0,0.0,0.0,Low Risk,0
TXN00006707,CUST1048,2026-07-17 12:14:19,0,0.0,0.0,Low Risk,0
TXN00000932,CUST1485,2026-06-29 18:56:29,0,0.0,0.0,Low Risk,0
TXN00001821,CUST1103,2026-07-02 11:27:00,0,0.0,0.0,Low Risk,0
TXN00004645,CUST1110,2026-07-11 02:34:38,0,0.0,0.0,Low Risk,0
TXN00003978,CUST1345,2026-07-09 03:15:41,0,0.0,0.0,Low Risk,0
TXN00003226,CUST1098,2026-07-06 18:39:58,0,0.0,0.0,Low Risk,0
TXN00004992,CUST1359,2026-07-12 04:01:22,0,0.0,0.0,Low Risk,0
TXN00008273,CUST1196,2026-07-22 05:45:45,0,0.0,0.0,Low Risk,0
TXN00008580,CUST1140,2026-07-23 03:23:05,0,0.0,0.0,Low Risk,0
TXN00006355,CUST1299,2026-07-16 09:30:41,0,0.0,0.0,Low Risk,0
TXN00000036,CUST1143,2026-06-27 00:50:50,0,0.0,0.0,Low Risk,0
TXN00001919,CUST1199,2026-07-02 18:07:30,0,0.0,0.0,Low Risk,0
TXN00009129,CUST1391,2026-07-24 18:03:11,0,0.0,0.0,Low Risk,0
TXN00007273,CUST1467,2026-07-19 03:46:01,0,0.0,0.0,Low Risk,0
TXN00005176,CUST1472,2026-07-12 17:09:21,0,0.0,0.0,Low Risk,0
TXN00002471,CUST1429,2026-07-04 10:11:53,0,0.0,0.0,Low Risk,0
TXN00001295,CUST1156,2026-06-30 20:37:25,0,0.0,0.0,Low Risk,0
TXN00002844,CUST1204,2026-07-05 15:08:05,0,0.0,0.0,Low Risk,0
TXN00000348,CUST1182,2026-06-28 00:09:54,0,0.0,0.0,Low Risk,0
TXN00008005,CUST1358,2026-07-21 08:45:32,0,0.0,0.0,Low Risk,0
TXN00007919,CUST1158,2026-07-21 02:42:38,0,0.0,0.0,Low Risk,0
TXN00007750,CUST1369,2026-07-20 13:57:51,0,0.0,0.0,Low Risk,0
TXN00007241,CUST1288,2026-07-19 01:36:38,0,0.0,0.0,Low Risk,0
TXN00007016,CUST1154,2026-07-18 08:43:20,0,0.0,0.0,Low Risk,0
TXN00007317,CUST1500,2026-07-19 06:46:59,0,0.0,0.0,Low Risk,0
TXN00005699,CUST1011,2026-07-14 07:21:36,0,0.0,0.0,Low Risk,0
TXN00002781,CUST1403,2026-07-05 10:36:53,0,0.0,0.0,Low Risk,0
TXN00007942,CUST1403,2026-07-21 04:14:00,0,0.0,0.0,Low Risk,0
TXN00001409,CUST1129,2026-07-01 05:00:21,0,0.0,0.0,Low Risk,0
TXN00005541,CUST1415,2026-07-13 18:58:20,0,0.0,0.0,Low Risk,0
TXN00005447,CUST1400,2026-07-13 12:24:01,0,0.0,0.0,Low Risk,0
TXN00009569,CUST1365,2026-07-26 01:57:40,0,0.0,0.0,Low Risk,0
TXN00004227,CUST1024,2026-07-09 21:03:51,0,0.0,0.0,Low Risk,0
TXN00008973,CUST1185,2026-07-24 06:12:36,0,0.0,0.0,Low Risk,0
TXN00000411,CUST1475,2026-06-28 05:03:52,0,0.0,0.0,Low Risk,0
TXN00000948,CUST1457,2026-06-29 19:52:20,0,0.0,0.0,Low Risk,0
TXN00002820,CUST1238,2026-07-05 13:17:51,0,0.0,0.0,Low Risk,0
TXN00006112,CUST1206,2026-07-15 15:20:24,0,0.0,0.0,Low Risk,0
TXN00009280,CUST1257,2026-07-25 04:57:12,0,0.0,0.0,Low Risk,0
TXN00007464,CUST1331,2026-07-19 17:38:37,0,0.0,0.0,Low Risk,0
TXN00003065,CUST1163,2026-07-06 07:16:09,0,0.0,0.0,Low Risk,0
TXN00006443,CUST1176,2026-07-16 15:47:20,0,0.0,0.0,Low Risk,0
TXN00002605,CUST1023,2026-07-04 21:11:49,0,0.0,0.0,Low Risk,0
TXN00000660,CUST1236,2026-06-28 23:20:49,0,0.0,0.0,Low Risk,0
TXN00009023,CUST1416,2026-07-24 10:00:44,0,0.0,0.0,Low Risk,0
TXN00000837,CUST1441,2026-06-29 12:05:26,0,0.0,0.0,Low Risk,0
TXN00003880,CUST1443,2026-07-08 19:51:11,0,0.0,0.0,Low Risk,0
TXN00009297,CUST1010,2026-07-25 06:08:35,0,0.0,0.0,Low Risk,0
TXN00008376,CUST1176,2026-07-22 12:54:49,0,0.0,0.0,Low Risk,0
TXN00005877,CUST1039,2026-07-14 20:22:48,0,0.0,0.0,Low Risk,0
TXN00004621,CUST1219,2026-07-11 01:11:48,1,1.0,100.0,High Risk,1
TXN00009531,CUST1424,2026-07-25 23:17:18,0,0.0,0.0,Low Risk,0
TXN00003471,CUST1294,2026-07-07 12:56:51,0,0.0,0.0,Low Risk,0
TXN00000194,CUST1441,2026-06-27 12:28:41,0,0.0,0.0,Low Risk,0
TXN00004314,CUST1152,2026-07-10 03:45:32,1,1.0,100.0,High Risk,1
TXN00003608,CUST1170,2026-07-07 23:39:34,0,0.0,0.0,Low Risk,0
TXN00004327,CUST1379,2026-07-10 04:48:39,0,0.0,0.0,Low Risk,0
TXN00003275,CUST1288,2026-07-06 22:23:47,0,0.0,0.0,Low Risk,0
TXN00003817,CUST1092,2026-07-08 15:35:37,0,0.0,0.0,Low Risk,0
TXN00000842,CUST1218,2026-06-29 12:21:39,0,0.0,0.0,Low Risk,0
TXN00002053,CUST1267,2026-07-03 03:59:04,0,0.0,0.0,Low Risk,0
TXN00007345,CUST1133,2026-07-19 08:50:21,0,0.0,0.0,Low Risk,0
TXN00004726,CUST1096,2026-07-11 08:45:10,0,0.0,0.0,Low Risk,0
TXN00009718,CUST1154,2026-07-26 12:44:10,0,0.0,0.0,Low Risk,0
TXN00008294,CUST1403,2026-07-22 07:08:10,0,0.0,0.0,Low Risk,0
TXN00006664,CUST1464,2026-07-17 08:44:47,0,0.0,0.0,Low Risk,0
TXN00003443,CUST1099,2026-07-07 10:51:36,0,0.0,0.0,Low Risk,0
TXN00003767,CUST1419,2026-07-08 11:44:45,0,0.0,0.0,Low Risk,0
TXN00002750,CUST1464,2026-07-05 08:14:04,0,0.0,0.0,Low Risk,0
TXN00004681,CUST1235,2026-07-11 05:20:53,0,0.0,0.0,Low Risk,0
TXN00001077,CUST1354,2026-06-30 04:47:09,0,0.0,0.0,Low Risk,0
TXN00008043,CUST1494,2026-07-21 11:56:47,0,0.0,0.0,Low Risk,0
TXN00003506,CUST1056,2026-07-07 15:46:39,0,0.0,0.0,Low Risk,0
TXN00007940,CUST1261,2026-07-21 04:03:50,0,0.0,0.0,Low Risk,0
TXN00009353,CUST1071,2026-07-25 09:55:44,0,0.0,0.0,Low Risk,0
TXN00006944,CUST1024,2026-07-18 03:38:45,0,0.0,0.0,Low Risk,0
TXN00008298,CUST1288,2026-07-22 07:32:37,0,0.0,0.0,Low Risk,0
TXN00003941,CUST1124,2026-07-09 00:31:52,0,0.0,0.0,Low Risk,0
TXN00005138,CUST1391,2026-07-12 14:53:33,0,0.0,0.0,Low Risk,0
TXN00001059,CUST1494,2026-06-30 03:39:34,0,0.0,0.0,Low Risk,0
TXN00007696,CUST1109,2026-07-20 09:55:32,0,0.0,0.0,Low Risk,0
TXN00000120,CUST1474,2026-06-27 07:09:05,0,0.0,0.0,Low Risk,0
TXN00003170,CUST1153,2026-07-06 14:44:52,0,0.0,0.0,Low Risk,0
TXN00005980,CUST1343,2026-07-15 04:56:51,0,0.0,0.0,Low Risk,0
TXN00004074,CUST1351,2026-07-09 09:17:19,0,0.0,0.0,Low Risk,0
TXN00005703,CUST1170,2026-07-14 07:30:16,0,0.0,0.0,Low Risk,0
TXN00006138,CUST1351,2026-07-15 17:20:15,0,0.0,0.0,Low Risk,0
TXN00003116,CUST1156,2026-07-06 11:01:10,0,0.0,0.0,Low Risk,0
TXN00008726,CUST1321,2026-07-23 13:49:12,0,0.0,0.0,Low Risk,0
TXN00001757,CUST1152,2026-07-02 06:47:34,0,0.0,0.0,Low Risk,0
TXN00000656,CUST1114,2026-06-28 23:09:34,0,0.0,0.0,Low Risk,0
TXN00002059,CUST1032,2026-07-03 04:29:24,0,0.0,0.0,Low Risk,0
TXN00005469,CUST1062,2026-07-13 13:51:29,0,0.0,0.0,Low Risk,0
TXN00004836,CUST1292,2026-07-11 16:00:20,0,0.0,0.0,Low Risk,0
TXN00001785,CUST1411,2026-07-02 08:59:15,0,0.0,0.0,Low Risk,0
TXN00003104,CUST1459,2026-07-06 10:15:53,0,0.0,0.0,Low Risk,0
TXN00007456,CUST1291,2026-07-19 17:06:31,0,0.0,0.0,Low Risk,0
TXN00009182,CUST1351,2026-07-24 21:43:41,0,0.0,0.0,Low Risk,0
TXN00005277,CUST1261,2026-07-12 23:53:32,1,1.0,100.0,High Risk,1
TXN00002504,CUST1049,2026-07-04 13:10:37,0,0.0,0.0,Low Risk,0
TXN00008939,CUST1206,2026-07-24 03:58:24,0,0.0,0.0,Low Risk,0
TXN00007111,CUST1200,2026-07-18 15:54:14,0,0.0,0.0,Low Risk,0
TXN00007139,CUST1445,2026-07-18 18:01:43,0,0.0,0.0,Low Risk,0
TXN00007994,CUST1337,2026-07-21 07:47:35,0,0.0,0.0,Low Risk,0
TXN00007822,CUST1277,2026-07-20 19:23:21,0,0.0,0.0,Low Risk,0
TXN00006295,CUST1053,2026-07-16 05:05:37,0,0.0,0.0,Low Risk,0
TXN00003732,CUST1275,2026-07-08 09:21:52,0,0.0,0.0,Low Risk,0
TXN00005442,CUST1120,2026-07-13 12:03:47,0,0.0,0.0,Low Risk,0
TXN00007147,CUST1325,2026-07-18 18:39:35,0,0.0,0.0,Low Risk,0
TXN00006572,CUST1025,2026-07-17 01:29:59,0,0.0,0.0,Low Risk,0
TXN00007068,CUST1217,2026-07-18 13:06:41,0,0.0,0.0,Low Risk,0
TXN00008624,CUST1075,2026-07-23 06:16:19,0,0.0,0.0,Low Risk,0
TXN00000211,CUST1081,2026-06-27 13:43:46,0,0.0,0.0,Low Risk,0
TXN00008704,CUST1497,2026-07-23 12:03:19,0,0.0,0.0,Low Risk,0
TXN00008530,CUST1004,2026-07-22 23:52:27,0,0.0,0.0,Low Risk,0
TXN00002625,CUST1402,2026-07-04 22:50:05,0,0.0,0.0,Low Risk,0
TXN00007552,CUST1457,2026-07-19 23:58:42,0,0.0,0.0,Low Risk,0
TXN00009265,CUST1198,2026-07-25 03:46:45,0,0.0,0.0,Low Risk,0
TXN00002424,CUST1303,2026-07-04 07:07:39,0,0.0,0.0,Low Risk,0
TXN00002190,CUST1393,2026-07-03 14:07:44,0,0.0,0.0,Low Risk,0
TXN00001208,CUST1282,2026-06-30 14:09:17,0,0.0,0.0,Low Risk,0
TXN00000136,CUST1206,2026-06-27 08:16:10,0,0.0,0.0,Low Risk,0
TXN00001644,CUST1355,2026-07-01 22:41:37,0,0.0,0.0,Low Risk,0
TXN00005219,CUST1360,2026-07-12 19:54:13,0,0.0,0.0,Low Risk,0
TXN00009979,CUST1240,2026-07-27 07:44:07,0,0.0,0.0,Low Risk,0
TXN00000148,CUST1256,2026-06-27 09:05:43,0,0.0,0.0,Low Risk,0
TXN00004889,CUST1039,2026-07-11 20:24:24,0,0.0,0.0,Low Risk,0
TXN00001054,CUST1368,2026-06-30 03:13:35,0,0.0,0.0,Low Risk,0
TXN00006214,CUST1251,2026-07-15 22:58:24,0,0.0,0.0,Low Risk,0
TXN00001028,CUST1016,2026-06-30 01:34:30,0,0.0,0.0,Low Risk,0
TXN00009228,CUST1010,2026-07-25 01:01:27,0,0.0,0.0,Low Risk,0
TXN00004138,CUST1273,2026-07-09 14:05:38,0,0.0,0.0,Low Risk,0
TXN00000629,CUST1091,2026-06-28 20:43:02,0,0.0,0.0,Low Risk,0
TXN00007706,CUST1118,2026-07-20 10:37:32,0,0.0,0.0,Low Risk,0
TXN00007539,CUST1440,2026-07-19 23:23:28,0,0.0,0.0,Low Risk,0
TXN00009611,CUST1290,2026-07-26 04:57:36,0,0.0,0.0,Low Risk,0
TXN00004852,CUST1461,2026-07-11 17:26:32,0,0.0,0.0,Low Risk,0
TXN00002809,CUST1069,2026-07-05 03:34:40,1,1.0,100.0,High Risk,1
TXN00004513,CUST1405,2026-07-10 17:41:20,0,0.0,0.0,Low Risk,0
TXN00004546,CUST1006,2026-07-10 19:59:53,0,0.0,0.0,Low Risk,0
TXN00005284,CUST1024,2026-07-13 00:27:21,0,0.0,0.0,Low Risk,0
TXN00007017,CUST1432,2026-07-18 08:51:06,0,0.0,0.0,Low Risk,0
TXN00006475,CUST1391,2026-07-16 17:46:16,0,0.0,0.0,Low Risk,0
TXN00003623,CUST1388,2026-07-08 00:56:04,0,0.0,0.0,Low Risk,0
TXN00007441,CUST1331,2026-07-19 15:51:59,0,0.0,0.0,Low Risk,0
TXN00005371,CUST1430,2026-07-13 06:53:37,0,0.0,0.0,Low Risk,0
TXN00009460,CUST1114,2026-07-25 17:31:36,0,0.0,0.0,Low Risk,0
TXN00006738,CUST1214,2026-07-17 13:51:47,0,0.0,0.0,Low Risk,0
TXN00001847,CUST1240,2026-07-02 13:26:38,0,0.0,0.0,Low Risk,0
TXN00002293,CUST1062,2026-07-03 21:08:16,0,0.0,0.0,Low Risk,0
TXN00008615,CUST1238,2026-07-23 05:41:10,0,0.0,0.0,Low Risk,0
TXN00004427,CUST1070,2026-07-10 02:47:31,1,1.0,100.0,High Risk,1
TXN00002636,CUST1394,2026-07-04 23:54:44,0,0.0,0.0,Low Risk,0
TXN00000553,CUST1251,2026-06-28 15:27:08,0,0.0,0.0,Low Risk,0
TXN00009215,CUST1105,2026-07-25 00:00:04,0,0.0,0.0,Low Risk,0
TXN00004350,CUST1053,2026-07-10 06:14:33,0,0.0,0.0,Low Risk,0
TXN00003125,CUST1298,2026-07-06 11:45:44,0,0.0,0.0,Low Risk,0
TXN00004182,CUST1154,2026-07-09 17:28:54,0,0.0,0.0,Low Risk,0
TXN00003827,CUST1012,2026-07-08 16:20:06,0,0.0,0.0,Low Risk,0
TXN00006347,CUST1152,2026-07-16 08:56:02,0,0.0,0.0,Low Risk,0
TXN00004574,CUST1472,2026-07-10 22:08:04,0,0.0,0.0,Low Risk,0
TXN00008414,CUST1108,2026-07-22 15:36:11,0,0.0,0.0,Low Risk,0
TXN00000010,CUST1053,2026-06-26 23:07:23,0,0.0,0.0,Low Risk,0
TXN00002020,CUST1404,2026-07-03 01:32:39,0,0.0,0.0,Low Risk,0
TXN00006795,CUST1339,2026-07-17 17:41:51,0,0.0,0.0,Low Risk,0
TXN00006719,CUST1198,2026-07-17 12:48:54,0,0.0,0.0,Low Risk,0
TXN00004530,CUST1086,2026-07-10 18:44:25,0,0.0,0.0,Low Risk,0
TXN00009749,CUST1323,2026-07-26 15:08:37,0,0.0,0.0,Low Risk,0
TXN00004398,CUST1370,2026-07-10 09:46:55,0,0.0,0.0,Low Risk,0
TXN00002748,CUST1057,2026-07-05 08:02:26,0,0.0,0.0,Low Risk,0
TXN00007925,CUST1377,2026-07-21 03:06:53,0,0.0,0.0,Low Risk,0
TXN00009066,CUST1477,2026-07-24 13:29:12,0,0.0,0.0,Low Risk,0
TXN00006584,CUST1228,2026-07-17 02:17:00,0,0.0,0.0,Low Risk,0
TXN00007562,CUST1394,2026-07-20 00:46:08,0,0.0,0.0,Low Risk,0
TXN00003721,CUST1040,2026-07-08 08:26:39,0,0.0,0.0,Low Risk,0
TXN00008488,CUST1159,2026-07-22 20:56:58,0,0.0,0.0,Low Risk,0
TXN00006689,CUST1389,2026-07-17 10:30:37,0,0.0,0.0,Low Risk,0
TXN00006032,CUST1099,2026-07-15 08:49:00,0,0.0,0.0,Low Risk,0
TXN00002817,CUST1426,2026-07-05 13:06:19,0,0.0,0.0,Low Risk,0
TXN00007030,CUST1320,2026-07-18 10:11:31,0,0.0,0.0,Low Risk,0
TXN00003011,CUST1178,2026-07-06 03:11:50,0,0.0,0.0,Low Risk,0
TXN00000108,CUST1332,2026-06-27 06:20:27,0,0.0,0.0,Low Risk,0
TXN00000426,CUST1098,2026-06-28 06:10:11,0,0.0,0.0,Low Risk,0
TXN00003063,CUST1065,2026-07-06 07:05:44,0,0.0,0.0,Low Risk,0
TXN00007154,CUST1280,2026-07-18 19:11:15,0,0.0,0.0,Low Risk,0
TXN00005514,CUST1007,2026-07-13 16:59:07,0,0.0,0.0,Low Risk,0
TXN00003691,CUST1245,2026-07-08 06:14:04,0,0.0,0.0,Low Risk,0
TXN00009824,CUST1352,2026-07-26 20:43:33,0,0.0,0.0,Low Risk,0
