transaction_id,customer_id,timestamp,amount,merchant_category,location,device_type,is_anomaly
TXN00000001,CUST1328,2026-06-26 22:40:37,200.0,cash_withdrawal,"chicago, us",atm,0
TXN00000002,CUST1058,2026-06-26 22:47:22,724.18,travel,"houston, us",web,0
TXN00000003,CUST1013,2026-06-26 22:51:17,207.51,online_retail,"chicago, us",mobile,0
TXN00000004,CUST1380,2026-06-26 22:57:10,47.93,grocery,"miami, us",pos,0
TXN00000005,CUST1141,2026-06-26 22:58:20,322.03,travel,"new york, us",pos,0
TXN00000006,CUST1126,2026-06-26 23:00:49,70.88,transfer,"chicago, us",mobile,0
TXN00000007,CUST1115,2026-06-26 23:02:15,300.0,cash_withdrawal,"chicago, us",atm,0
TXN00000008,CUST1072,2026-06-26 23:03:45,54.78,grocery,"houston, us",atm,0
TXN00000009,CUST1378,2026-06-26 23:06:15,18.98,online_retail,"houston, us",web,0
TXN00000010,CUST1053,2026-06-26 23:07:23,669.76,travel,"miami, us",web,0
TXN00000011,CUST1347,2026-06-26 23:07:40,20.0,cash_withdrawal,"chicago, us",atm,0
TXN00000012,CUST1380,2026-06-26 23:16:00,60.0,cash_withdrawal,"new york, us",atm,0
TXN00000013,CUST1457,2026-06-26 23:21:28,60.21,dining,"chicago, us",pos,0
TXN00000014,CUST1280,2026-06-26 23:26:24,41.29,grocery,"los angeles, us",web,0
TXN00000015,CUST1045,2026-06-26 23:30:57,300.0,cash_withdrawal,"new york, us",atm,0
TXN00000016,CUST1303,2026-06-26 23:31:59,80.78,transfer,"new york, us",web,0
TXN00000017,CUST1217,2026-06-26 23:33:54,468.71,travel,"miami, us",pos,0
TXN00000018,CUST1017,2026-06-26 23:38:41,128.83,transfer,"los angeles, us",mobile,0
TXN00000019,CUST1016,2026-06-26 23:41:50,1.0,dining,"chicago, us",mobile,0
TXN00000020,CUST1048,2026-06-26 23:46:41,59.01,dining,"miami, us",mobile,0
TXN00000021,CUST1112,2026-06-26 23:49:34,56.33,dining,"new york, us",mobile,0
TXN00000022,CUST1120,2026-06-26 23:52:02,32.54,online_retail,"miami, us",web,0
TXN00000023,CUST1259,2026-06-26 23:53:24,9.52,dining,"miami, us",pos,0
TXN00000024,CUST1309,2026-06-27 00:01:36,123.65,transfer,"houston, us",mobile,0
TXN00000025,CUST1014,2026-06-27 00:07:46,25.93,dining,"los angeles, us",mobile,0
TXN00000026,CUST1288,2026-06-27 00:14:47,1.0,dining,"chicago, us",atm,0
TXN00000027,CUST1102,2026-06-27 00:17:22,27.41,dining,"houston, us",pos,0
TXN00000028,CUST1367,2026-06-27 00:22:25,58.97,grocery,"chicago, us",mobile,0
TXN00000029,CUST1333,2026-06-27 00:24:40,88.39,grocery,"miami, us",mobile,0
TXN00000030,CUST1360,2026-06-27 00:26:17,55.91,grocery,"chicago, us",pos,0
TXN00000031,CUST1280,2026-06-27 00:27:03,630.55,travel,"miami, us",mobile,0
TXN00000032,CUST1215,2026-06-27 00:29:52,42.27,grocery,"houston, us",mobile,0
TXN00000033,CUST1113,2026-06-27 00:35:15,41.0,grocery,"miami, us",atm,0
TXN00000034,CUST1230,2026-06-27 00:43:01,25.42,online_retail,"miami, us",web,0
TXN00000035,CUST1302,2026-06-27 00:46:04,365.83,transfer,"miami, us",atm,0
TXN00000036,CUST1143,2026-06-27 00:50:50,64.21,grocery,"miami, us",pos,0
TXN00000037,CUST1415,2026-06-27 00:54:47,19.57,dining,"los angeles, us",pos,0
TXN00000038,CUST1446,2026-06-27 00:55:22,36.76,dining,"new york, us",web,0
TXN00000039,CUST1004,2026-06-27 00:56:38,466.59,travel,"chicago, us",mobile,0
TXN00000040,CUST1389,2026-06-27 00:57:02,20.0,cash_withdrawal,"chicago, us",atm,0
TXN00000041,CUST1413,2026-06-27 01:01:13,40.0,cash_withdrawal,"houston, us",atm,0
TXN00000042,CUST1082,2026-06-27 01:09:05,49.92,grocery,"miami, us",web,0
TXN00000043,CUST1358,2026-06-27 01:15:00,46.56,grocery,"houston, us",web,0
TXN00000044,CUST1217,2026-06-27 01:15:35,47.79,dining,"chicago, us",pos,0
TXN00000045,CUST1175,2026-06-27 01:16:39,283.72,travel,"houston, us",web,0
TXN00000046,CUST1143,2026-06-27 01:20:05,240.23,transfer,"los angeles, us",web,0
TXN00000047,CUST1080,2026-06-27 01:20:42,128.68,online_retail,"los angeles, us",web,0
TXN00000048,CUST1111,2026-06-27 01:21:36,300.0,cash_withdrawal,"houston, us",atm,0
TXN00000049,CUST1491,2026-06-27 01:25:24,66.38,grocery,"new york, us",atm,0
TXN00000050,CUST1391,2026-06-27 01:28:54,53.28,grocery,"new york, us",web,0
TXN00000051,CUST1173,2026-06-27 01:30:35,100.0,cash_withdrawal,"houston, us",atm,0
TXN00000052,CUST1053,2026-06-27 01:36:45,820.44,travel,"miami, us",web,0
TXN00000053,CUST1048,2026-06-27 01:42:00,392.42,online_retail,"chicago, us",mobile,0
TXN00000054,CUST1195,2026-06-27 01:49:46,20.0,cash_withdrawal,"new york, us",atm,0
TXN00000055,CUST1050,2026-06-27 01:54:59,37.69,dining,"houston, us",atm,0
TXN00000056,CUST1184,2026-06-27 02:00:31,167.64,transfer,"houston, us",pos,0
TXN00000057,CUST1434,2026-06-27 02:07:49,114.97,transfer,"los angeles, us",web,0
TXN00000058,CUST1177,2026-06-27 02:13:52,200.0,cash_withdrawal,"new york, us",atm,0
TXN00000059,CUST1310,2026-06-27 02:20:00,274.68,online_retail,"miami, us",mobile,0
TXN00000060,CUST1136,2026-06-27 02:23:58,524.72,travel,"houston, us",pos,0
TXN00000061,CUST1414,2026-06-27 02:29:23,300.0,cash_withdrawal,"miami, us",atm,0
TXN00000062,CUST1023,2026-06-27 02:32:35,76.18,online_retail,"los angeles, us",mobile,0
TXN00000063,CUST1374,2026-06-27 02:35:24,59.47,online_retail,"miami, us",mobile,0
TXN00000064,CUST1236,2026-06-27 02:38:24,317.36,travel,"chicago, us",web,0
TXN00000065,CUST1275,2026-06-27 02:45:32,253.07,online_retail,"los angeles, us",mobile,0
TXN00000066,CUST1064,2026-06-27 02:47:23,200.0,cash_withdrawal,"chicago, us",atm,0
TXN00000067,CUST1499,2026-06-27 02:53:38,42.69,dining,"los angeles, us",mobile,0
TXN00000068,CUST1473,2026-06-27 03:00:16,430.77,travel,"houston, us",web,0
TXN00000069,CUST1194,2026-06-27 03:06:09,52.23,dining,"chicago, us",mobile,0
TXN00000070,CUST1041,2026-06-27 03:13:13,21.66,transfer,"chicago, us",web,0
TXN00000071,CUST1283,2026-06-27 03:17:56,200.0,cash_withdrawal,"los angeles, us",atm,0
TXN00000072,CUST1151,2026-06-27 03:18:46,263.48,online_retail,"miami, us",web,0
TXN00000073,CUST1425,2026-06-27 03:27:14,15602.86,online_retail,"los angeles, us",mobile,1
TXN00000074,CUST1322,2026-06-27 03:35:16,100.0,cash_withdrawal,"houston, us",atm,0
TXN00000075,CUST1317,2026-06-27 03:41:52,823.58,travel,"chicago, us",mobile,0
TXN00000076,CUST1454,2026-06-27 03:48:33,21.54,online_retail,"houston, us",mobile,0
TXN00000077,CUST1442,2026-06-27 03:52:41,76.58,online_retail,"los angeles, us",mobile,0
TXN00000078,CUST1186,2026-06-27 03:57:41,28.47,online_retail,"chicago, us",web,0
TXN00000079,CUST1296,2026-06-27 03:58:58,61.32,grocery,"new york, us",pos,0
TXN00000080,CUST1099,2026-06-27 03:59:55,46.63,dining,"chicago, us",atm,0
TXN00000081,CUST1361,2026-06-27 04:07:01,300.0,cash_withdrawal,"new york, us",atm,0
TXN00000082,CUST1036,2026-06-27 04:14:01,59.51,dining,"new york, us",atm,0
TXN00000083,CUST1024,2026-06-27 04:22:01,140.55,transfer,"miami, us",pos,0
TXN00000084,CUST1339,2026-06-27 04:28:08,300.0,cash_withdrawal,"new york, us",atm,0
TXN00000085,CUST1117,2026-06-27 04:32:17,39.7,transfer,"new york, us",web,0
TXN00000086,CUST1396,2026-06-27 04:33:16,323.42,travel,"los angeles, us",web,0
TXN00000087,CUST1149,2026-06-27 04:37:19,32.06,grocery,"houston, us",web,0
TXN00000088,CUST1041,2026-06-27 04:40:07,56.25,dining,"los angeles, us",web,0
TXN00000089,CUST1438,2026-06-27 04:46:07,337.34,online_retail,"miami, us",web,0
TXN00000090,CUST1120,2026-06-27 04:51:46,12083.22,online_retail,"miami, us",web,1
TXN00000091,CUST1444,2026-06-27 04:57:59,29.11,online_retail,"houston, us",mobile,0
TXN00000092,CUST1052,2026-06-27 05:04:41,394.74,transfer,"miami, us",web,0
TXN00000093,CUST1195,2026-06-27 05:08:49,939.06,travel,"miami, us",web,0
TXN00000094,CUST1143,2026-06-27 05:12:59,55.42,grocery,"chicago, us",atm,0
TXN00000095,CUST1233,2026-06-27 05:15:07,462.17,transfer,"houston, us",pos,0
TXN00000096,CUST1326,2026-06-27 05:23:22,70.76,dining,"new york, us",web,0
TXN00000097,CUST1428,2026-06-27 05:25:26,107.45,dining,"houston, us",atm,0
TXN00000098,CUST1187,2026-06-27 05:26:49,187.34,transfer,"houston, us",mobile,0
TXN00000099,CUST1084,2026-06-27 05:34:19,21.59,dining,"new york, us",pos,0
TXN00000100,CUST1190,2026-06-27 05:42:07,27.72,transfer,"los angeles, us",atm,0
TXN00000101,CUST1182,2026-06-27 05:47:32,245.31,travel,"miami, us",atm,0
TXN00000102,CUST1108,2026-06-27 05:49:54,116.57,online_retail,"chicago, us",mobile,0
TXN00000103,CUST1344,2026-06-27 05:57:51,860.62,travel,"new york, us",pos,0
TXN00000104,CUST1137,2026-06-27 06:01:07,35.61,dining,"houston, us",atm,0
TXN00000105,CUST1360,2026-06-27 06:04:37,689.28,travel,"houston, us",pos,0
TXN00000106,CUST1480,2026-06-27 06:06:20,69.56,dining,"houston, us",web,0
TXN00000107,CUST1350,2026-06-27 06:12:28,48.97,online_retail,"chicago, us",mobile,0
TXN00000108,CUST1332,2026-06-27 06:20:27,40.0,cash_withdrawal,"miami, us",atm,0
TXN00000109,CUST1037,2026-06-27 06:26:17,44.03,transfer,"new york, us",pos,0
TXN00000110,CUST1312,2026-06-27 06:29:16,20.0,cash_withdrawal,"new york, us",atm,0
TXN00000111,CUST1326,2026-06-27 06:36:09,61.32,online_retail,"chicago, us",mobile,0
TXN00000112,CUST1088,2026-06-27 06:43:39,20.0,cash_withdrawal,"new york, us",atm,0
TXN00000113,CUST1274,2026-06-27 06:51:20,29.63,dining,"miami, us",web,0
TXN00000114,CUST1374,2026-06-27 06:54:16,100.0,cash_withdrawal,"los angeles, us",atm,0
TXN00000115,CUST1126,2026-06-27 06:58:18,57.52,grocery,"chicago, us",pos,0
TXN00000116,CUST1084,2026-06-27 07:02:37,300.0,cash_withdrawal,"los angeles, us",atm,0
TXN00000117,CUST1237,2026-06-27 07:03:02,317.73,online_retail,"new york, us",web,0
TXN00000118,CUST1195,2026-06-27 07:03:45,889.55,travel,"new york, us",web,0
TXN00000119,CUST1139,2026-06-27 07:07:58,254.2,online_retail,"los angeles, us",web,0
TXN00000120,CUST1474,2026-06-27 07:09:05,81.95,transfer,"new york, us",atm,0
TXN00000121,CUST1328,2026-06-27 07:12:14,51.46,grocery,"chicago, us",mobile,0
TXN00000122,CUST1353,2026-06-27 07:16:29,300.0,cash_withdrawal,"houston, us",atm,0
TXN00000123,CUST1286,2026-06-27 07:20:35,514.2,transfer,"miami, us",web,0
TXN00000124,CUST1113,2026-06-27 07:27:58,100.0,cash_withdrawal,"los angeles, us",atm,0
TXN00000125,CUST1351,2026-06-27 07:29:35,59.37,dining,"chicago, us",atm,0
TXN00000126,CUST1167,2026-06-27 07:32:09,349.64,online_retail,"chicago, us",mobile,0
TXN00000127,CUST1432,2026-06-27 07:38:52,67.41,online_retail,"chicago, us",mobile,0
TXN00000128,CUST1394,2026-06-27 07:42:00,535.84,travel,"new york, us",web,0
TXN00000129,CUST1398,2026-06-27 07:47:19,60.0,cash_withdrawal,"houston, us",atm,0
TXN00000130,CUST1029,2026-06-27 07:52:23,187.12,transfer,"miami, us",web,0
TXN00000131,CUST1118,2026-06-27 07:53:38,508.04,travel,"houston, us",pos,0
TXN00000132,CUST1421,2026-06-27 07:58:08,531.15,transfer,"new york, us",atm,0
TXN00000133,CUST1017,2026-06-27 07:59:10,305.7,online_retail,"houston, us",web,0
TXN00000134,CUST1413,2026-06-27 08:02:47,601.28,travel,"miami, us",mobile,0
TXN00000135,CUST1162,2026-06-27 08:09:55,35.31,dining,"los angeles, us",mobile,0
TXN00000136,CUST1206,2026-06-27 08:16:10,28.77,grocery,"los angeles, us",atm,0
TXN00000137,CUST1138,2026-06-27 08:23:07,29.15,online_retail,"los angeles, us",mobile,0
TXN00000138,CUST1034,2026-06-27 08:24:11,494.84,travel,"miami, us",web,0
TXN00000139,CUST1109,2026-06-27 08:27:07,713.23,travel,"chicago, us",atm,0
TXN00000140,CUST1468,2026-06-27 08:32:01,36.68,dining,"los angeles, us",mobile,0
TXN00000141,CUST1483,2026-06-27 08:37:43,200.0,cash_withdrawal,"houston, us",atm,0
TXN00000142,CUST1291,2026-06-27 08:38:29,44.3,dining,"los angeles, us",atm,0
TXN00000143,CUST1449,2026-06-27 08:45:24,1.0,dining,"los angeles, us",pos,0
TXN00000144,CUST1368,2026-06-27 08:48:08,364.24,travel,"miami, us",mobile,0
TXN00000145,CUST1162,2026-06-27 08:52:50,950.99,travel,"new york, us",atm,0
TXN00000146,CUST1109,2026-06-27 08:56:56,545.17,online_retail,"los angeles, us",web,0
TXN00000147,CUST1336,2026-06-27 09:00:31,120.31,travel,"new york, us",mobile,0
TXN00000148,CUST1256,2026-06-27 09:05:43,593.37,travel,"los angeles, us",atm,0
TXN00000149,CUST1203,2026-06-27 09:09:24,100.0,cash_withdrawal,"houston, us",atm,0
TXN00000150,CUST1453,2026-06-27 09:11:36,9272.61,online_retail,"chicago, us",mobile,1
TXN00000151,CUST1469,2026-06-27 09:17:03,60.0,cash_withdrawal,"miami, us",atm,0
TXN00000152,CUST1330,2026-06-27 09:19:17,51.54,grocery,"chicago, us",web,0
TXN00000153,CUST1235,2026-06-27 09:24:07,229.56,transfer,"chicago, us",pos,0
TXN00000154,CUST1074,2026-06-27 09:25:38,43.51,grocery,"chicago, us",web,0
TXN00000155,CUST1136,2026-06-27 09:34:06,35.86,transfer,"houston, us",mobile,0
TXN00000156,CUST1072,2026-06-27 09:38:22,57.17,grocery,"los angeles, us",atm,0
TXN00000157,CUST1127,2026-06-27 09:41:48,51.08,online_retail,"chicago, us",web,0
TXN00000158,CUST1382,2026-06-27 09:42:31,33.48,online_retail,"miami, us",mobile,0
TXN00000159,CUST1288,2026-06-27 09:45:35,110.84,online_retail,"miami, us",mobile,0
TXN00000160,CUST1276,2026-06-27 09:47:31,646.61,online_retail,"chicago, us",web,0
TXN00000161,CUST1135,2026-06-27 09:54:37,51.57,online_retail,"los angeles, us",mobile,0
TXN00000162,CUST1383,2026-06-27 10:00:42,535.24,travel,"miami, us",pos,0
TXN00000163,CUST1300,2026-06-27 10:05:54,885.71,travel,"chicago, us",web,0
TXN00000164,CUST1220,2026-06-27 10:09:44,61.28,grocery,"new york, us",web,0
TXN00000165,CUST1460,2026-06-27 10:16:35,55.82,dining,"miami, us",mobile,0
TXN00000166,CUST1299,2026-06-27 10:25:06,200.0,cash_withdrawal,"houston, us",atm,0
TXN00000167,CUST1205,2026-06-27 10:28:58,200.0,cash_withdrawal,"chicago, us",atm,0
TXN00000168,CUST1186,2026-06-27 10:33:58,157.56,transfer,"miami, us",atm,0
TXN00000169,CUST1113,2026-06-27 10:40:51,160.08,online_retail,"los angeles, us",web,0
TXN00000170,CUST1071,2026-06-27 10:43:56,40.0,cash_withdrawal,"los angeles, us",atm,0
TXN00000171,CUST1261,2026-06-27 10:48:44,160.58,online_retail,"chicago, us",web,0
TXN00000172,CUST1253,2026-06-27 10:54:49,125.11,online_retail,"los angeles, us",mobile,0
TXN00000173,CUST1047,2026-06-27 10:56:59,372.65,travel,"chicago, us",pos,0
TXN00000174,CUST1387,2026-06-27 10:58:37,24.19,online_retail,"los angeles, us",mobile,0
TXN00000175,CUST1025,2026-06-27 11:04:26,476.64,travel,"houston, us",pos,0
TXN00000176,CUST1441,2026-06-27 11:10:18,60.0,cash_withdrawal,"miami, us",atm,0
TXN00000177,CUST1057,2026-06-27 11:11:07,40.0,cash_withdrawal,"los angeles, us",atm,0
TXN00000178,CUST1079,2026-06-27 11:17:35,58.46,dining,"los angeles, us",atm,0
TXN00000179,CUST1322,2026-06-27 11:25:41,1026.65,travel,"chicago, us",mobile,0
TXN00000180,CUST1082,2026-06-27 11:31:55,818.4,travel,"chicago, us",web,0
TXN00000181,CUST1406,2026-06-27 11:36:58,40.18,dining,"houston, us",pos,0
TXN00000182,CUST1349,2026-06-27 11:44:16,44.52,grocery,"miami, us",web,0
TXN00000183,CUST1217,2026-06-27 11:48:35,59.74,grocery,"new york, us",web,0
TXN00000184,CUST1306,2026-06-27 11:49:43,40.0,cash_withdrawal,"new york, us",atm,0
TXN00000185,CUST1033,2026-06-27 11:54:56,15.54,dining,"new york, us",pos,0
TXN00000186,CUST1198,2026-06-27 12:00:11,20.0,cash_withdrawal,"miami, us",atm,0
TXN00000187,CUST1196,2026-06-27 12:04:18,77.48,transfer,"chicago, us",atm,0
TXN00000188,CUST1306,2026-06-27 12:07:14,372.26,transfer,"chicago, us",pos,0
TXN00000189,CUST1240,2026-06-27 12:12:08,20.0,cash_withdrawal,"houston, us",atm,0
TXN00000190,CUST1271,2026-06-27 12:13:07,166.69,transfer,"houston, us",atm,0
TXN00000191,CUST1129,2026-06-27 12:20:17,848.1,transfer,"miami, us",mobile,0
TXN00000192,CUST1498,2026-06-27 12:24:14,32.19,online_retail,"miami, us",web,0
TXN00000193,CUST1284,2026-06-27 12:25:54,38.25,grocery,"los angeles, us",mobile,0
TXN00000194,CUST1441,2026-06-27 12:28:41,397.93,online_retail,"new york, us",mobile,0
TXN00000195,CUST1483,2026-06-27 12:37:00,324.75,online_retail,"chicago, us",web,0
TXN00000196,CUST1006,2026-06-27 12:40:37,33.56,dining,"los angeles, us",mobile,0
TXN00000197,CUST1349,2026-06-27 12:41:22,109.5,transfer,"chicago, us",web,0
TXN00000198,CUST1370,2026-06-27 12:46:38,300.0,cash_withdrawal,"chicago, us",atm,0
TXN00000199,CUST1059,2026-06-27 12:47:43,343.63,transfer,"houston, us",atm,0
TXN00000200,CUST1350,2026-06-27 12:53:43,529.85,transfer,"new york, us",mobile,0
TXN00000201,CUST1454,2026-06-27 13:00:49,40.0,cash_withdrawal,"chicago, us",atm,0
TXN00000202,CUST1275,2026-06-27 13:06:04,940.97,travel,"new york, us",pos,0
TXN00000203,CUST1385,2026-06-27 13:12:48,103.06,transfer,"miami, us",atm,0
TXN00000204,CUST1137,2026-06-27 13:19:57,49.32,transfer,"new york, us",pos,0
TXN00000205,CUST1394,2026-06-27 13:23:21,90.78,dining,"new york, us",pos,0
TXN00000206,CUST1329,2026-06-27 13:26:18,702.54,transfer,"new york, us",atm,0
TXN00000207,CUST1175,2026-06-27 13:30:41,356.02,online_retail,"los angeles, us",web,0
TXN00000208,CUST1058,2026-06-27 13:36:21,300.0,cash_withdrawal,"new york, us",atm,0
TXN00000209,CUST1151,2026-06-27 13:42:09,160.4,online_retail,"los angeles, us",mobile,0
TXN00000210,CUST1223,2026-06-27 13:42:50,144.21,transfer,"los angeles, us",pos,0
TXN00000211,CUST1081,2026-06-27 13:43:46,148.87,transfer,"los angeles, us",web,0
TXN00000212,CUST1233,2026-06-27 13:45:47,730.49,travel,"chicago, us",web,0
TXN00000213,CUST1002,2026-06-27 13:52:55,60.0,cash_withdrawal,"houston, us",atm,0
TXN00000214,CUST1489,2026-06-27 13:54:16,54.45,grocery,"chicago, us",web,0
TXN00000215,CUST1370,2026-06-27 14:02:00,45.01,dining,"chicago, us",atm,0
TXN00000216,CUST1449,2026-06-27 14:07:07,686.61,travel,"chicago, us",pos,0
TXN00000217,CUST1369,2026-06-27 14:14:59,328.19,transfer,"miami, us",atm,0
TXN00000218,CUST1135,2026-06-27 14:21:35,46.37,transfer,"los angeles, us",mobile,0
TXN00000219,CUST1498,2026-06-27 14:27:10,100.0,cash_withdrawal,"los angeles, us",atm,0
TXN00000220,CUST1257,2026-06-27 14:34:14,54.4,grocery,"houston, us",pos,0
TXN00000221,CUST1391,2026-06-27 14:34:24,21.52,transfer,"chicago, us",web,0
TXN00000222,CUST1092,2026-06-27 14:41:01,200.0,cash_withdrawal,"chicago, us",atm,0
TXN00000223,CUST1260,2026-06-27 14:42:26,39.28,grocery,"chicago, us",web,0
TXN00000224,CUST1468,2026-06-27 14:48:14,36.3,online_retail,"new york, us",web,0
TXN00000225,CUST1055,2026-06-27 14:49:40,1066.44,travel,"miami, us",pos,0
TXN00000226,CUST1446,2026-06-27 14:53:41,718.46,travel,"miami, us",mobile,0
TXN00000227,CUST1321,2026-06-27 14:58:23,168.32,online_retail,"chicago, us",web,0
TXN00000228,CUST1153,2026-06-27 15:01:02,783.63,travel,"chicago, us",pos,0
TXN00000229,CUST1431,2026-06-27 15:04:31,50.62,online_retail,"los angeles, us",mobile,0
TXN00000230,CUST1328,2026-06-27 15:09:56,361.38,travel,"miami, us",web,0
TXN00000231,CUST1260,2026-06-27 15:15:01,889.65,travel,"miami, us",atm,0
TXN00000232,CUST1312,2026-06-27 15:18:59,334.63,transfer,"houston, us",atm,0
TXN00000233,CUST1102,2026-06-27 15:20:49,37.69,grocery,"chicago, us",pos,0
TXN00000234,CUST1079,2026-06-27 15:22:44,706.12,travel,"houston, us",pos,0
TXN00000235,CUST1192,2026-06-27 15:28:42,64.11,grocery,"miami, us",mobile,0
TXN00000236,CUST1391,2026-06-27 15:36:21,22.65,dining,"miami, us",atm,0
TXN00000237,CUST1083,2026-06-27 15:39:13,52.19,grocery,"miami, us",web,0
TXN00000238,CUST1277,2026-06-27 15:41:56,300.0,cash_withdrawal,"miami, us",atm,0
TXN00000239,CUST1489,2026-06-27 15:46:57,40.0,cash_withdrawal,"los angeles, us",atm,0
TXN00000240,CUST1399,2026-06-27 15:53:53,78.76,online_retail,"new york, us",mobile,0
TXN00000241,CUST1473,2026-06-27 16:01:50,36.66,grocery,"chicago, us",atm,0
TXN00000242,CUST1272,2026-06-27 16:07:47,396.05,travel,"new york, us",web,0
TXN00000243,CUST1471,2026-06-27 16:10:32,48.84,grocery,"chicago, us",pos,0
TXN00000244,CUST1001,2026-06-27 16:18:32,55.12,grocery,"los angeles, us",atm,0
TXN00000245,CUST1307,2026-06-27 16:26:44,54.15,grocery,"los angeles, us",pos,0
TXN00000246,CUST1166,2026-06-27 16:34:53,16922.17,online_retail,"new york, us",mobile,1
TXN00000247,CUST1251,2026-06-27 16:38:45,806.8,travel,"los angeles, us",atm,0
TXN00000248,CUST1010,2026-06-27 16:45:02,1283.61,travel,"los angeles, us",mobile,0
TXN00000249,CUST1058,2026-06-27 16:53:35,41.88,dining,"los angeles, us",atm,0
TXN00000250,CUST1476,2026-06-27 17:01:33,11.87,dining,"houston, us",atm,0
TXN00000251,CUST1186,2026-06-27 17:04:39,39.31,dining,"houston, us",mobile,0
TXN00000252,CUST1450,2026-06-27 17:13:16,40.0,cash_withdrawal,"los angeles, us",atm,0
TXN00000253,CUST1426,2026-06-27 17:14:11,20.74,dining,"miami, us",mobile,0
TXN00000254,CUST1414,2026-06-27 17:19:19,844.3,travel,"new york, us",web,0
TXN00000255,CUST1158,2026-06-27 17:19:33,50.63,grocery,"new york, us",web,0
TXN00000256,CUST1123,2026-06-27 17:24:56,39.24,online_retail,"chicago, us",mobile,0
TXN00000257,CUST1030,2026-06-27 17:33:31,565.68,travel,"los angeles, us",pos,0
TXN00000258,CUST1124,2026-06-27 17:38:02,866.32,transfer,"houston, us",mobile,0
TXN00000259,CUST1450,2026-06-27 17:41:38,568.97,travel,"los angeles, us",web,0
TXN00000260,CUST1291,2026-06-27 17:49:01,20.0,cash_withdrawal,"houston, us",atm,0
TXN00000261,CUST1485,2026-06-27 17:50:16,54.81,dining,"new york, us",atm,0
TXN00000262,CUST1041,2026-06-27 17:57:42,520.13,online_retail,"los angeles, us",mobile,0
TXN00000263,CUST1044,2026-06-27 18:00:22,100.0,cash_withdrawal,"houston, us",atm,0
TXN00000264,CUST1375,2026-06-27 04:01:03,7763.53,transfer,"houston, us",atm,1
TXN00000265,CUST1249,2026-06-27 18:04:22,30.95,dining,"new york, us",atm,0
TXN00000266,CUST1418,2026-06-27 18:12:13,794.26,travel,"chicago, us",pos,0
TXN00000267,CUST1036,2026-06-27 18:17:04,65.68,grocery,"houston, us",atm,0
TXN00000268,CUST1390,2026-06-27 18:25:29,67.17,online_retail,"los angeles, us",web,0
TXN00000269,CUST1273,2026-06-27 18:26:06,75.72,transfer,"miami, us",pos,0
TXN00000270,CUST1393,2026-06-27 18:26:16,300.0,cash_withdrawal,"houston, us",atm,0
TXN00000271,CUST1065,2026-06-27 18:32:26,514.46,travel,"chicago, us",mobile,0
TXN00000272,CUST1066,2026-06-27 18:37:22,777.53,travel,"houston, us",pos,0
TXN00000273,CUST1338,2026-06-27 18:44:32,300.0,cash_withdrawal,"chicago, us",atm,0
TXN00000274,CUST1244,2026-06-27 18:53:03,41.85,dining,"chicago, us",mobile,0
TXN00000275,CUST1485,2026-06-27 18:56:16,59.45,grocery,"chicago, us",pos,0
TXN00000276,CUST1282,2026-06-27 18:57:22,1040.73,travel,"chicago, us",pos,0
TXN00000277,CUST1085,2026-06-27 19:04:52,20.0,cash_withdrawal,"chicago, us",atm,0
TXN00000278,CUST1136,2026-06-27 19:07:26,300.0,cash_withdrawal,"houston, us",atm,0
TXN00000279,CUST1271,2026-06-27 19:14:59,25.33,online_retail,"miami, us",web,0
TXN00000280,CUST1447,2026-06-27 19:15:24,50.87,grocery,"houston, us",atm,0
TXN00000281,CUST1311,2026-06-27 19:17:34,17.14,dining,"houston, us",web,0
TXN00000282,CUST1217,2026-06-27 19:21:25,649.58,transfer,"miami, us",atm,0
TXN00000283,CUST1494,2026-06-27 19:27:34,57.45,dining,"chicago, us",mobile,0
TXN00000284,CUST1109,2026-06-27 19:32:46,383.69,transfer,"new york, us",atm,0
TXN00000285,CUST1476,2026-06-27 19:36:17,153.65,transfer,"new york, us",pos,0
TXN00000286,CUST1277,2026-06-27 19:41:47,124.27,transfer,"chicago, us",atm,0
TXN00000287,CUST1387,2026-06-27 19:44:39,65.99,grocery,"chicago, us",mobile,0
TXN00000288,CUST1374,2026-06-27 19:50:53,728.76,travel,"new york, us",web,0
TXN00000289,CUST1354,2026-06-27 19:54:18,50.28,dining,"miami, us",web,0
TXN00000290,CUST1103,2026-06-27 19:57:55,312.69,online_retail,"chicago, us",mobile,0
TXN00000291,CUST1366,2026-06-27 20:01:20,605.98,travel,"chicago, us",web,0
TXN00000292,CUST1160,2026-06-27 20:05:12,228.86,transfer,"new york, us",atm,0
TXN00000293,CUST1205,2026-06-27 20:10:01,500.28,transfer,"chicago, us",pos,0
TXN00000294,CUST1344,2026-06-27 20:11:59,14749.46,transfer,"houston, us",web,1
TXN00000295,CUST1333,2026-06-27 20:17:48,817.98,travel,"miami, us",pos,0
TXN00000296,CUST1192,2026-06-27 20:19:26,64.31,grocery,"new york, us",pos,0
TXN00000297,CUST1225,2026-06-27 20:23:39,60.0,cash_withdrawal,"miami, us",atm,0
TXN00000298,CUST1461,2026-06-27 20:25:00,100.0,cash_withdrawal,"miami, us",atm,0
TXN00000299,CUST1265,2026-06-27 20:26:46,762.85,travel,"houston, us",mobile,0
TXN00000300,CUST1232,2026-06-27 20:31:40,33.69,dining,"chicago, us",atm,0
TXN00000301,CUST1062,2026-06-27 20:35:06,161.28,transfer,"houston, us",web,0
TXN00000302,CUST1127,2026-06-27 20:42:27,61.38,grocery,"houston, us",pos,0
TXN00000303,CUST1116,2026-06-27 20:50:30,49.61,transfer,"miami, us",mobile,0
TXN00000304,CUST1033,2026-06-27 20:53:44,60.0,cash_withdrawal,"new york, us",atm,0
TXN00000305,CUST1174,2026-06-27 21:01:04,60.0,cash_withdrawal,"chicago, us",atm,0
TXN00000306,CUST1011,2026-06-27 21:04:47,30.29,dining,"houston, us",atm,0
TXN00000307,CUST1302,2026-06-27 21:06:15,200.0,cash_withdrawal,"los angeles, us",atm,0
TXN00000308,CUST1284,2026-06-27 21:08:52,100.0,cash_withdrawal,"houston, us",atm,0
TXN00000309,CUST1118,2026-06-27 21:16:28,103.99,online_retail,"chicago, us",mobile,0
TXN00000310,CUST1302,2026-06-27 21:22:21,620.47,travel,"miami, us",web,0
TXN00000311,CUST1113,2026-06-27 21:23:35,127.34,online_retail,"new york, us",mobile,0
TXN00000312,CUST1004,2026-06-27 21:24:53,60.64,online_retail,"miami, us",mobile,0
TXN00000313,CUST1037,2026-06-27 21:25:08,43.78,grocery,"houston, us",atm,0
TXN00000314,CUST1363,2026-06-27 21:25:54,51.2,grocery,"houston, us",pos,0
TXN00000315,CUST1324,2026-06-27 21:31:35,22.14,dining,"new york, us",pos,0
TXN00000316,CUST1031,2026-06-27 21:31:53,100.0,cash_withdrawal,"los angeles, us",atm,0
TXN00000317,CUST1118,2026-06-27 21:33:16,516.3,travel,"houston, us",pos,0
TXN00000318,CUST1035,2026-06-27 21:39:35,990.1,travel,"los angeles, us",web,0
TXN00000319,CUST1464,2026-06-27 21:47:18,46.47,online_retail,"miami, us",mobile,0
TXN00000320,CUST1017,2026-06-27 21:51:37,312.57,transfer,"los angeles, us",mobile,0
TXN00000321,CUST1441,2026-06-27 21:57:23,46.76,transfer,"houston, us",atm,0
TXN00000322,CUST1170,2026-06-27 22:01:16,35.92,transfer,"new york, us",web,0
TXN00000323,CUST1037,2026-06-27 22:09:45,200.0,cash_withdrawal,"new york, us",atm,0
TXN00000324,CUST1264,2026-06-27 22:18:21,247.37,transfer,"houston, us",mobile,0
TXN00000325,CUST1122,2026-06-27 22:19:40,51.93,grocery,"los angeles, us",atm,0
TXN00000326,CUST1143,2026-06-27 22:20:33,82.88,dining,"new york, us",atm,0
TXN00000327,CUST1343,2026-06-27 22:21:53,59.51,grocery,"los angeles, us",atm,0
TXN00000328,CUST1249,2026-06-27 22:27:31,19.62,grocery,"los angeles, us",atm,0
TXN00000329,CUST1110,2026-06-27 22:34:33,52.8,grocery,"chicago, us",web,0
TXN00000330,CUST1277,2026-06-27 22:38:15,247.85,online_retail,"los angeles, us",mobile,0
TXN00000331,CUST1068,2026-06-27 22:45:45,114.76,transfer,"miami, us",atm,0
TXN00000332,CUST1371,2026-06-27 22:49:48,38.11,grocery,"houston, us",mobile,0
TXN00000333,CUST1479,2026-06-27 22:57:35,37.71,dining,"los angeles, us",web,0
TXN00000334,CUST1452,2026-06-27 23:04:28,13.85,online_retail,"new york, us",web,0
TXN00000335,CUST1293,2026-06-27 23:10:34,407.05,travel,"miami, us",atm,0
TXN00000336,CUST1296,2026-06-27 23:15:53,38.55,online_retail,"houston, us",mobile,0
TXN00000337,CUST1243,2026-06-27 23:23:59,20.0,cash_withdrawal,"miami, us",atm,0
TXN00000338,CUST1125,2026-06-27 23:27:46,300.0,cash_withdrawal,"new york, us",atm,0
TXN00000339,CUST1402,2026-06-27 23:33:15,71.04,transfer,"new york, us",pos,0
TXN00000340,CUST1243,2026-06-27 23:34:57,106.4,transfer,"new york, us",pos,0
TXN00000341,CUST1414,2026-06-27 23:38:59,300.0,cash_withdrawal,"houston, us",atm,0
TXN00000342,CUST1209,2026-06-27 23:43:29,129.52,online_retail,"new york, us",web,0
TXN00000343,CUST1098,2026-06-27 23:47:16,20.0,cash_withdrawal,"los angeles, us",atm,0
TXN00000344,CUST1049,2026-06-27 23:52:08,396.15,transfer,"chicago, us",web,0
TXN00000345,CUST1050,2026-06-27 23:59:17,1015.33,travel,"los angeles, us",pos,0
TXN00000346,CUST1338,2026-06-28 00:03:17,343.82,transfer,"new york, us",atm,0
TXN00000347,CUST1221,2026-06-28 00:06:43,694.32,travel,"los angeles, us",pos,0
TXN00000348,CUST1182,2026-06-28 00:09:54,303.81,transfer,"houston, us",pos,0
TXN00000349,CUST1217,2026-06-28 00:11:59,183.21,transfer,"chicago, us",pos,0
TXN00000350,CUST1211,2026-06-28 00:13:44,74.77,grocery,"los angeles, us",pos,0
TXN00000351,CUST1240,2026-06-28 00:17:31,25.39,dining,"miami, us",pos,0
TXN00000352,CUST1443,2026-06-28 00:22:50,14.4,dining,"los angeles, us",pos,0
TXN00000353,CUST1374,2026-06-28 00:23:03,540.65,travel,"chicago, us",web,0
TXN00000354,CUST1028,2026-06-28 00:28:08,50.89,transfer,"los angeles, us",web,0
TXN00000355,CUST1345,2026-06-28 00:32:33,1068.0,travel,"chicago, us",web,0
TXN00000356,CUST1335,2026-06-28 00:39:56,1.38,grocery,"miami, us",pos,0
TXN00000357,CUST1331,2026-06-28 00:46:20,38.53,online_retail,"chicago, us",mobile,0
TXN00000358,CUST1051,2026-06-28 00:48:31,190.67,transfer,"miami, us",atm,0
TXN00000359,CUST1032,2026-06-28 00:54:45,34.63,grocery,"chicago, us",web,0
TXN00000360,CUST1207,2026-06-28 00:59:11,60.0,cash_withdrawal,"miami, us",atm,0
TXN00000361,CUST1373,2026-06-28 01:01:38,1008.1,travel,"los angeles, us",atm,0
TXN00000362,CUST1174,2026-06-28 01:05:18,242.46,travel,"new york, us",mobile,0
TXN00000363,CUST1410,2026-06-28 01:13:22,31.2,dining,"los angeles, us",web,0
TXN00000364,CUST1442,2026-06-28 01:18:11,300.0,cash_withdrawal,"new york, us",atm,0
TXN00000365,CUST1056,2026-06-28 01:23:16,42.61,dining,"houston, us",atm,0
TXN00000366,CUST1128,2026-06-28 01:26:33,160.82,transfer,"new york, us",web,0
TXN00000367,CUST1099,2026-06-28 01:27:00,41.17,dining,"new york, us",atm,0
TXN00000368,CUST1098,2026-06-28 01:35:30,86.96,dining,"miami, us",mobile,0
TXN00000369,CUST1275,2026-06-28 01:35:59,300.0,cash_withdrawal,"miami, us",atm,0
TXN00000370,CUST1230,2026-06-28 01:40:59,301.2,online_retail,"houston, us",web,0
TXN00000371,CUST1072,2026-06-28 01:45:16,342.49,transfer,"los angeles, us",web,0
TXN00000372,CUST1217,2026-06-28 01:51:26,73.36,transfer,"houston, us",web,0
TXN00000373,CUST1094,2026-06-28 01:54:44,60.0,cash_withdrawal,"miami, us",atm,0
TXN00000374,CUST1143,2026-06-28 01:55:51,41.95,transfer,"los angeles, us",mobile,0
TXN00000375,CUST1237,2026-06-28 02:00:58,46.96,grocery,"miami, us",pos,0
TXN00000376,CUST1128,2026-06-28 02:05:14,50.91,grocery,"los angeles, us",atm,0
TXN00000377,CUST1448,2026-06-28 02:13:36,20.0,cash_withdrawal,"chicago, us",atm,0
TXN00000378,CUST1473,2026-06-28 02:19:39,142.2,online_retail,"los angeles, us",mobile,0
TXN00000379,CUST1039,2026-06-28 02:20:29,432.59,online_retail,"houston, us",web,0
TXN00000380,CUST1227,2026-06-28 02:21:51,40.0,cash_withdrawal,"miami, us",atm,0
TXN00000381,CUST1414,2026-06-28 02:28:14,20.0,cash_withdrawal,"miami, us",atm,0
TXN00000382,CUST1442,2026-06-28 02:34:38,138.52,online_retail,"houston, us",web,0
TXN00000383,CUST1439,2026-06-28 02:39:17,167.39,transfer,"miami, us",atm,0
TXN00000384,CUST1282,2026-06-28 02:47:50,27.7,dining,"houston, us",pos,0
TXN00000385,CUST1051,2026-06-28 02:55:19,81.67,grocery,"chicago, us",atm,0
TXN00000386,CUST1026,2026-06-28 03:03:52,256.64,transfer,"chicago, us",pos,0
TXN00000387,CUST1334,2026-06-28 03:10:26,47.72,grocery,"chicago, us",pos,0
TXN00000388,CUST1277,2026-06-28 03:17:14,60.0,cash_withdrawal,"houston, us",atm,0
TXN00000389,CUST1429,2026-06-28 03:19:47,58.82,grocery,"houston, us",mobile,0
TXN00000390,CUST1008,2026-06-28 03:23:55,100.0,cash_withdrawal,"houston, us",atm,0
TXN00000391,CUST1497,2026-06-28 03:28:29,497.36,online_retail,"houston, us",mobile,0
TXN00000392,CUST1048,2026-06-28 03:29:19,478.39,travel,"chicago, us",web,0
TXN00000393,CUST1475,2026-06-28 03:33:56,67.62,online_retail,"los angeles, us",web,0
TXN00000394,CUST1386,2026-06-28 03:41:41,44.15,dining,"chicago, us",atm,0
TXN00000395,CUST1435,2026-06-28 03:47:03,28.21,dining,"miami, us",web,0
TXN00000396,CUST1122,2026-06-28 03:47:58,62.74,grocery,"chicago, us",web,0
TXN00000397,CUST1086,2026-06-28 03:50:13,689.25,travel,"los angeles, us",web,0
TXN00000398,CUST1209,2026-06-28 03:54:24,39.61,grocery,"chicago, us",atm,0
TXN00000399,CUST1249,2026-06-28 03:59:56,824.9,travel,"chicago, us",web,0
TXN00000400,CUST1247,2026-06-28 04:06:25,676.82,travel,"chicago, us",pos,0
TXN00000401,CUST1110,2026-06-28 04:12:14,56.26,dining,"chicago, us",pos,0
TXN00000402,CUST1443,2026-06-28 04:20:35,757.41,travel,"miami, us",atm,0
TXN00000403,CUST1206,2026-06-28 04:26:27,59.7,online_retail,"houston, us",web,0
TXN00000404,CUST1463,2026-06-28 04:27:16,51.03,dining,"los angeles, us",atm,0
TXN00000405,CUST1031,2026-06-28 04:33:16,256.63,online_retail,"los angeles, us",web,0
TXN00000406,CUST1085,2026-06-28 04:38:50,25.8,dining,"chicago, us",pos,0
TXN00000407,CUST1195,2026-06-28 04:43:36,594.77,travel,"houston, us",pos,0
TXN00000408,CUST1002,2026-06-28 04:50:34,159.57,transfer,"los angeles, us",web,0
TXN00000409,CUST1200,2026-06-28 04:55:40,629.33,travel,"chicago, us",mobile,0
TXN00000410,CUST1136,2026-06-28 04:58:29,39.96,grocery,"chicago, us",atm,0
TXN00000411,CUST1475,2026-06-28 05:03:52,100.0,cash_withdrawal,"new york, us",atm,0
TXN00000412,CUST1402,2026-06-28 05:04:29,890.48,travel,"houston, us",web,0
TXN00000413,CUST1402,2026-06-28 05:12:21,200.0,cash_withdrawal,"houston, us",atm,0
TXN00000414,CUST1233,2026-06-28 05:15:26,410.52,online_retail,"chicago, us",mobile,0
TXN00000415,CUST1147,2026-06-28 05:20:09,545.58,travel,"chicago, us",mobile,0
TXN00000416,CUST1217,2026-06-28 05:26:57,436.94,transfer,"new york, us",pos,0
TXN00000417,CUST1357,2026-06-28 05:27:12,441.39,transfer,"houston, us",web,0
TXN00000418,CUST1491,2026-06-28 05:31:22,60.0,cash_withdrawal,"miami, us",atm,0
TXN00000419,CUST1375,2026-06-28 05:35:24,26.33,online_retail,"houston, us",web,0
TXN00000420,CUST1402,2026-06-28 05:39:56,300.0,cash_withdrawal,"chicago, us",atm,0
TXN00000421,CUST1285,2026-06-28 05:47:49,61.98,dining,"new york, us",web,0
TXN00000422,CUST1339,2026-06-28 05:51:59,359.27,online_retail,"chicago, us",mobile,0
TXN00000423,CUST1368,2026-06-28 05:57:02,926.37,travel,"los angeles, us",web,0
TXN00000424,CUST1250,2026-06-28 06:03:27,50.32,grocery,"houston, us",pos,0
TXN00000425,CUST1080,2026-06-28 06:06:26,135.72,transfer,"chicago, us",pos,0
TXN00000426,CUST1098,2026-06-28 06:10:11,348.82,online_retail,"los angeles, us",web,0
TXN00000427,CUST1152,2026-06-28 06:13:21,681.04,travel,"houston, us",atm,0
TXN00000428,CUST1112,2026-06-28 06:21:42,20.0,cash_withdrawal,"miami, us",atm,0
TXN00000429,CUST1496,2026-06-28 06:30:12,100.0,cash_withdrawal,"new york, us",atm,0
TXN00000430,CUST1030,2026-06-28 06:37:10,37.4,dining,"miami, us",atm,0
TXN00000431,CUST1297,2026-06-28 06:39:50,41.94,dining,"new york, us",mobile,0
TXN00000432,CUST1377,2026-06-28 06:42:28,20.0,cash_withdrawal,"miami, us",atm,0
TXN00000433,CUST1278,2026-06-28 06:44:03,20.0,cash_withdrawal,"miami, us",atm,0
TXN00000434,CUST1032,2026-06-28 06:44:31,300.0,cash_withdrawal,"los angeles, us",atm,0
TXN00000435,CUST1383,2026-06-28 06:50:36,319.77,transfer,"houston, us",pos,0
TXN00000436,CUST1161,2026-06-28 06:58:38,198.5,transfer,"los angeles, us",pos,0
TXN00000437,CUST1030,2026-06-28 07:03:53,124.11,transfer,"miami, us",pos,0
TXN00000438,CUST1026,2026-06-28 07:10:26,139.55,transfer,"houston, us",mobile,0
TXN00000439,CUST1300,2026-06-28 07:13:11,51.9,dining,"new york, us",atm,0
TXN00000440,CUST1245,2026-06-28 07:19:33,67.37,grocery,"chicago, us",atm,0
TXN00000441,CUST1258,2026-06-28 07:26:24,61.87,grocery,"miami, us",pos,0
TXN00000442,CUST1471,2026-06-28 07:31:22,490.46,transfer,"los angeles, us",pos,0
TXN00000443,CUST1437,2026-06-28 07:33:45,487.65,transfer,"miami, us",web,0
TXN00000444,CUST1272,2026-06-28 07:34:26,49.82,grocery,"los angeles, us",pos,0
TXN00000445,CUST1081,2026-06-28 07:39:58,18.89,online_retail,"miami, us",web,0
TXN00000446,CUST1030,2026-06-28 07:44:10,60.0,cash_withdrawal,"new york, us",atm,0
TXN00000447,CUST1492,2026-06-28 07:49:16,22.05,dining,"los angeles, us",web,0
TXN00000448,CUST1261,2026-06-28 07:50:52,18.65,grocery,"houston, us",pos,0
TXN00000449,CUST1042,2026-06-28 07:55:55,76.56,grocery,"chicago, us",mobile,0
TXN00000450,CUST1436,2026-06-28 07:56:31,522.73,travel,"new york, us",atm,0
TXN00000451,CUST1096,2026-06-28 08:02:17,57.35,transfer,"los angeles, us",atm,0
TXN00000452,CUST1036,2026-06-28 08:10:54,800.95,travel,"houston, us",web,0
TXN00000453,CUST1305,2026-06-28 08:13:33,703.23,travel,"miami, us",mobile,0
TXN00000454,CUST1035,2026-06-28 08:20:37,41.54,grocery,"miami, us",mobile,0
TXN00000455,CUST1346,2026-06-28 08:27:04,37.67,grocery,"new york, us",atm,0
TXN00000456,CUST1442,2026-06-28 08:32:33,44.87,dining,"chicago, us",atm,0
TXN00000457,CUST1121,2026-06-28 08:32:56,23.18,online_retail,"miami, us",mobile,0
TXN00000458,CUST1207,2026-06-28 08:35:32,20.0,cash_withdrawal,"houston, us",atm,0
TXN00000459,CUST1062,2026-06-28 08:39:50,491.67,travel,"houston, us",atm,0
TXN00000460,CUST1483,2026-06-28 08:40:42,268.78,online_retail,"chicago, us",mobile,0
TXN00000461,CUST1456,2026-06-28 08:41:56,193.75,online_retail,"houston, us",mobile,0
TXN00000462,CUST1292,2026-06-28 08:46:24,45.45,transfer,"new york, us",atm,0
TXN00000463,CUST1127,2026-06-28 08:47:13,23.3,online_retail,"chicago, us",mobile,0
TXN00000464,CUST1297,2026-06-28 08:54:38,53.06,grocery,"los angeles, us",mobile,0
TXN00000465,CUST1305,2026-06-28 09:01:29,67.32,grocery,"los angeles, us",atm,0
TXN00000466,CUST1021,2026-06-28 09:04:01,451.32,online_retail,"miami, us",web,0
TXN00000467,CUST1318,2026-06-28 09:06:20,1300.63,transfer,"chicago, us",pos,0
TXN00000468,CUST1042,2026-06-28 09:07:37,42.84,grocery,"houston, us",web,0
TXN00000469,CUST1215,2026-06-28 09:13:02,40.0,cash_withdrawal,"los angeles, us",atm,0
TXN00000470,CUST1337,2026-06-28 09:15:35,219.98,online_retail,"los angeles, us",web,0
TXN00000471,CUST1299,2026-06-28 09:18:05,25.63,dining,"houston, us",pos,0
TXN00000472,CUST1290,2026-06-28 09:25:34,35.73,dining,"miami, us",pos,0
TXN00000473,CUST1268,2026-06-28 09:27:55,235.19,online_retail,"chicago, us",web,0
TXN00000474,CUST1162,2026-06-28 09:28:12,132.6,online_retail,"los angeles, us",mobile,0
TXN00000475,CUST1479,2026-06-28 09:34:41,814.41,travel,"miami, us",web,0
TXN00000476,CUST1134,2026-06-28 09:35:48,27.68,online_retail,"chicago, us",web,0
TXN00000477,CUST1105,2026-06-28 09:41:07,111.78,online_retail,"new york, us",mobile,0
TXN00000478,CUST1343,2026-06-28 09:42:46,560.02,travel,"miami, us",atm,0
TXN00000479,CUST1367,2026-06-28 09:50:41,300.0,cash_withdrawal,"new york, us",atm,0
TXN00000480,CUST1161,2026-06-28 09:55:53,595.37,travel,"chicago, us",web,0
TXN00000481,CUST1123,2026-06-28 10:02:21,60.0,cash_withdrawal,"miami, us",atm,0
TXN00000482,CUST1136,2026-06-28 10:03:48,18.69,online_retail,"houston, us",mobile,0
TXN00000483,CUST1203,2026-06-28 10:09:35,40.0,cash_withdrawal,"los angeles, us",atm,0
TXN00000484,CUST1068,2026-06-28 10:13:33,45.67,grocery,"los angeles, us",web,0
TXN00000485,CUST1344,2026-06-28 10:16:52,57.95,transfer,"new york, us",atm,0
TXN00000486,CUST1331,2026-06-28 10:23:55,20.0,cash_withdrawal,"los angeles, us",atm,0
TXN00000487,CUST1154,2026-06-28 10:25:34,54.84,grocery,"chicago, us",pos,0
TXN00000488,CUST1235,2026-06-28 10:27:57,393.19,travel,"miami, us",pos,0
TXN00000489,CUST1162,2026-06-28 10:34:47,57.79,grocery,"chicago, us",atm,0
TXN00000490,CUST1476,2026-06-28 10:40:55,72.99,grocery,"miami, us",mobile,0
TXN00000491,CUST1385,2026-06-28 10:43:05,572.81,travel,"new york, us",web,0
TXN00000492,CUST1480,2026-06-28 10:47:23,60.47,online_retail,"los angeles, us",web,0
TXN00000493,CUST1038,2026-06-28 10:49:05,56.03,grocery,"los angeles, us",atm,0
TXN00000494,CUST1005,2026-06-28 10:56:04,100.0,cash_withdrawal,"houston, us",atm,0
TXN00000495,CUST1235,2026-06-28 11:00:44,44.85,grocery,"miami, us",atm,0
TXN00000496,CUST1319,2026-06-28 11:08:15,56.87,grocery,"houston, us",pos,0
TXN00000497,CUST1289,2026-06-28 11:08:41,505.43,online_retail,"chicago, us",mobile,0
TXN00000498,CUST1052,2026-06-28 11:11:46,53.36,grocery,"chicago, us",pos,0
TXN00000499,CUST1038,2026-06-28 11:20:19,603.15,travel,"miami, us",atm,0
TXN00000500,CUST1276,2026-06-28 11:21:12,43.0,transfer,"chicago, us",pos,0
TXN00000501,CUST1110,2026-06-28 11:29:37,49.47,dining,"houston, us",mobile,0
TXN00000502,CUST1260,2026-06-28 11:31:01,50.82,grocery,"new york, us",web,0
TXN00000503,CUST1136,2026-06-28 11:36:15,121.07,online_retail,"new york, us",mobile,0
TXN00000504,CUST1068,2026-06-28 11:44:23,69.02,dining,"chicago, us",atm,0
TXN00000505,CUST1478,2026-06-28 11:51:33,100.92,online_retail,"miami, us",web,0
TXN00000506,CUST1179,2026-06-28 11:53:01,40.0,cash_withdrawal,"los angeles, us",atm,0
TXN00000507,CUST1452,2026-06-28 12:00:19,64.39,grocery,"new york, us",web,0
TXN00000508,CUST1036,2026-06-28 12:04:42,64.01,dining,"miami, us",web,0
TXN00000509,CUST1451,2026-06-28 12:11:17,200.0,cash_withdrawal,"new york, us",atm,0
TXN00000510,CUST1126,2026-06-28 12:19:55,76.32,dining,"miami, us",web,0
TXN00000511,CUST1190,2026-06-28 12:23:36,40.0,cash_withdrawal,"chicago, us",atm,0
TXN00000512,CUST1146,2026-06-28 12:30:20,714.27,transfer,"los angeles, us",web,0
TXN00000513,CUST1081,2026-06-28 12:33:46,33.95,transfer,"los angeles, us",atm,0
TXN00000514,CUST1225,2026-06-28 12:35:57,37.78,dining,"new york, us",atm,0
TXN00000515,CUST1427,2026-06-28 12:41:45,100.0,cash_withdrawal,"houston, us",atm,0
TXN00000516,CUST1279,2026-06-28 12:45:40,64.64,grocery,"chicago, us",mobile,0
TXN00000517,CUST1361,2026-06-28 12:52:01,310.38,transfer,"miami, us",pos,0
TXN00000518,CUST1155,2026-06-28 12:57:37,117.46,transfer,"miami, us",mobile,0
TXN00000519,CUST1314,2026-06-28 12:59:12,560.57,travel,"los angeles, us",web,0
TXN00000520,CUST1414,2026-06-28 13:01:09,29.67,grocery,"los angeles, us",atm,0
TXN00000521,CUST1335,2026-06-28 13:06:14,150.79,transfer,"houston, us",atm,0
TXN00000522,CUST1271,2026-06-28 13:12:39,38.61,grocery,"chicago, us",mobile,0
TXN00000523,CUST1005,2026-06-28 13:20:00,43.01,dining,"los angeles, us",atm,0
TXN00000524,CUST1342,2026-06-28 13:23:06,1119.49,transfer,"miami, us",web,0
TXN00000525,CUST1419,2026-06-28 13:23:43,21.31,grocery,"chicago, us",pos,0
TXN00000526,CUST1284,2026-06-28 13:29:21,17206.93,online_retail,"miami, us",web,1
TXN00000527,CUST1154,2026-06-28 13:31:46,100.0,cash_withdrawal,"los angeles, us",atm,0
TXN00000528,CUST1478,2026-06-28 13:38:22,47.25,dining,"new york, us",atm,0
TXN00000529,CUST1340,2026-06-28 13:45:31,366.3,transfer,"chicago, us",pos,0
TXN00000530,CUST1054,2026-06-28 13:46:40,36.62,online_retail,"houston, us",mobile,0
TXN00000531,CUST1481,2026-06-28 13:47:16,269.94,travel,"houston, us",web,0
TXN00000532,CUST1450,2026-06-28 13:48:51,829.71,transfer,"houston, us",pos,0
TXN00000533,CUST1069,2026-06-28 13:52:58,311.56,online_retail,"new york, us",mobile,0
TXN00000534,CUST1136,2026-06-28 13:56:32,33.88,transfer,"houston, us",atm,0
TXN00000535,CUST1060,2026-06-28 14:00:45,28.02,transfer,"new york, us",pos,0
TXN00000536,CUST1456,2026-06-28 14:03:29,161.7,transfer,"chicago, us",pos,0
TXN00000537,CUST1055,2026-06-28 14:07:42,76.63,dining,"houston, us",pos,0
TXN00000538,CUST1381,2026-06-28 14:14:14,259.55,online_retail,"new york, us",web,0
TXN00000539,CUST1284,2026-06-28 14:22:29,171.72,travel,"los angeles, us",atm,0
TXN00000540,CUST1080,2026-06-28 14:29:04,938.47,travel,"chicago, us",mobile,0
TXN00000541,CUST1140,2026-06-28 14:37:06,1071.11,transfer,"houston, us",atm,0
TXN00000542,CUST1145,2026-06-28 14:41:48,573.77,transfer,"houston, us",mobile,0
TXN00000543,CUST1310,2026-06-28 14:43:57,300.0,cash_withdrawal,"new york, us",atm,0
TXN00000544,CUST1108,2026-06-28 14:47:21,283.33,online_retail,"los angeles, us",mobile,0
TXN00000545,CUST1368,2026-06-28 14:53:20,209.72,transfer,"miami, us",atm,0
TXN00000546,CUST1176,2026-06-28 14:59:31,180.75,transfer,"new york, us",pos,0
TXN00000547,CUST1105,2026-06-28 15:03:00,572.84,travel,"houston, us",mobile,0
TXN00000548,CUST1352,2026-06-28 15:07:12,620.13,transfer,"houston, us",mobile,0
TXN00000549,CUST1325,2026-06-28 15:09:36,49.17,grocery,"new york, us",pos,0
TXN00000550,CUST1437,2026-06-28 15:11:00,601.31,travel,"new york, us",atm,0
TXN00000551,CUST1136,2026-06-28 15:15:41,40.94,dining,"chicago, us",pos,0
TXN00000552,CUST1259,2026-06-28 15:23:16,43.25,grocery,"chicago, us",atm,0
TXN00000553,CUST1251,2026-06-28 15:27:08,52.46,dining,"houston, us",pos,0
TXN00000554,CUST1129,2026-06-28 15:27:24,33.99,grocery,"los angeles, us",pos,0
TXN00000555,CUST1464,2026-06-28 15:30:01,37.15,dining,"los angeles, us",atm,0
TXN00000556,CUST1465,2026-06-28 15:38:05,42.41,dining,"chicago, us",web,0
TXN00000557,CUST1434,2026-06-28 15:45:03,50.29,dining,"new york, us",mobile,0
TXN00000558,CUST1027,2026-06-28 15:49:02,54.23,dining,"miami, us",atm,0
TXN00000559,CUST1048,2026-06-28 15:52:27,318.84,travel,"los angeles, us",pos,0
TXN00000560,CUST1325,2026-06-28 15:58:24,216.47,travel,"chicago, us",pos,0
TXN00000561,CUST1217,2026-06-28 16:01:15,65.55,dining,"los angeles, us",web,0
TXN00000562,CUST1425,2026-06-28 16:09:37,28.08,online_retail,"los angeles, us",mobile,0
TXN00000563,CUST1142,2026-06-28 16:14:18,354.03,transfer,"miami, us",pos,0
TXN00000564,CUST1023,2026-06-28 16:20:17,40.0,cash_withdrawal,"houston, us",atm,0
TXN00000565,CUST1002,2026-06-28 16:28:36,120.19,online_retail,"los angeles, us",web,0
TXN00000566,CUST1171,2026-06-28 16:29:07,300.0,cash_withdrawal,"houston, us",atm,0
TXN00000567,CUST1395,2026-06-28 16:30:06,51.72,grocery,"chicago, us",pos,0
TXN00000568,CUST1067,2026-06-28 16:38:05,987.82,travel,"new york, us",pos,0
TXN00000569,CUST1327,2026-06-28 16:42:47,296.77,online_retail,"chicago, us",web,0
TXN00000570,CUST1135,2026-06-28 16:48:23,130.41,online_retail,"los angeles, us",web,0
TXN00000571,CUST1083,2026-06-28 16:51:34,60.53,dining,"new york, us",atm,0
TXN00000572,CUST1380,2026-06-28 16:59:53,174.99,transfer,"los angeles, us",web,0
TXN00000573,CUST1227,2026-06-28 17:07:15,641.52,travel,"los angeles, us",web,0
TXN00000574,CUST1283,2026-06-28 17:11:06,7010.23,transfer,"miami, us",mobile,1
TXN00000575,CUST1362,2026-06-28 17:16:28,972.26,travel,"miami, us",web,0
TXN00000576,CUST1219,2026-06-28 17:24:28,200.0,cash_withdrawal,"houston, us",atm,0
TXN00000577,CUST1288,2026-06-28 17:30:11,819.46,travel,"chicago, us",pos,0
TXN00000578,CUST1005,2026-06-28 17:37:40,31.33,dining,"houston, us",pos,0
TXN00000579,CUST1058,2026-06-28 17:40:09,44.87,grocery,"chicago, us",pos,0
TXN00000580,CUST1039,2026-06-28 17:43:10,24.4,transfer,"los angeles, us",pos,0
TXN00000581,CUST1484,2026-06-28 17:45:38,149.51,transfer,"los angeles, us",web,0
TXN00000582,CUST1453,2026-06-28 17:48:04,300.0,cash_withdrawal,"houston, us",atm,0
TXN00000583,CUST1354,2026-06-28 17:55:04,143.71,online_retail,"miami, us",web,0
TXN00000584,CUST1463,2026-06-28 17:56:04,169.39,transfer,"miami, us",web,0
TXN00000585,CUST1077,2026-06-28 17:58:24,20.0,cash_withdrawal,"houston, us",atm,0
TXN00000586,CUST1280,2026-06-28 18:04:09,821.52,travel,"miami, us",atm,0
TXN00000587,CUST1019,2026-06-28 18:09:18,47.94,grocery,"new york, us",atm,0
TXN00000588,CUST1428,2026-06-28 18:12:48,74.22,online_retail,"chicago, us",mobile,0
TXN00000589,CUST1190,2026-06-28 18:16:54,72.54,grocery,"new york, us",pos,0
TXN00000590,CUST1299,2026-06-28 18:23:39,171.52,transfer,"chicago, us",pos,0
TXN00000591,CUST1283,2026-06-28 18:29:34,311.93,transfer,"new york, us",atm,0
TXN00000592,CUST1076,2026-06-28 18:36:07,51.11,grocery,"houston, us",web,0
TXN00000593,CUST1221,2026-06-28 18:38:20,5.93,dining,"miami, us",pos,0
TXN00000594,CUST1066,2026-06-28 18:44:45,200.0,cash_withdrawal,"houston, us",atm,0
TXN00000595,CUST1022,2026-06-28 18:50:39,300.0,cash_withdrawal,"miami, us",atm,0
TXN00000596,CUST1158,2026-06-28 18:55:50,102.19,online_retail,"miami, us",web,0
TXN00000597,CUST1187,2026-06-28 19:02:34,38.89,dining,"miami, us",mobile,0
TXN00000598,CUST1461,2026-06-28 19:04:23,597.05,online_retail,"miami, us",web,0
TXN00000599,CUST1478,2026-06-28 19:08:59,223.55,transfer,"los angeles, us",web,0
TXN00000600,CUST1408,2026-06-28 19:12:01,40.0,cash_withdrawal,"los angeles, us",atm,0
TXN00000601,CUST1498,2026-06-28 19:17:57,880.67,travel,"new york, us",pos,0
TXN00000602,CUST1441,2026-06-28 19:24:00,239.7,travel,"miami, us",atm,0
TXN00000603,CUST1021,2026-06-28 19:32:38,569.27,travel,"houston, us",web,0
TXN00000604,CUST1461,2026-06-28 19:34:20,48.87,grocery,"new york, us",pos,0
TXN00000605,CUST1184,2026-06-28 19:37:10,61.39,transfer,"houston, us",pos,0
TXN00000606,CUST1108,2026-06-28 19:42:00,55.5,grocery,"chicago, us",atm,0
TXN00000607,CUST1350,2026-06-28 19:42:15,21.2,dining,"new york, us",pos,0
TXN00000608,CUST1128,2026-06-28 19:48:09,40.11,online_retail,"miami, us",mobile,0
TXN00000609,CUST1342,2026-06-28 19:48:23,20.0,cash_withdrawal,"miami, us",atm,0
TXN00000610,CUST1053,2026-06-28 19:55:38,54.95,dining,"new york, us",web,0
TXN00000611,CUST1182,2026-06-28 02:56:22,4580.75,cash_withdrawal,"chicago, us",mobile,1
TXN00000612,CUST1400,2026-06-28 19:56:38,200.0,cash_withdrawal,"chicago, us",atm,0
TXN00000613,CUST1287,2026-06-28 20:00:18,45.64,grocery,"los angeles, us",atm,0
TXN00000614,CUST1453,2026-06-28 20:01:18,35.21,grocery,"chicago, us",mobile,0
TXN00000615,CUST1448,2026-06-28 20:05:56,57.56,grocery,"miami, us",pos,0
TXN00000616,CUST1209,2026-06-28 20:06:59,467.44,travel,"los angeles, us",web,0
TXN00000617,CUST1499,2026-06-28 20:12:59,401.78,travel,"new york, us",mobile,0
TXN00000618,CUST1318,2026-06-28 20:16:57,39.22,online_retail,"chicago, us",mobile,0
TXN00000619,CUST1384,2026-06-28 20:20:06,47.87,transfer,"los angeles, us",web,0
TXN00000620,CUST1080,2026-06-28 20:22:08,573.24,travel,"los angeles, us",web,0
TXN00000621,CUST1474,2026-06-28 20:28:29,19.3,dining,"houston, us",atm,0
TXN00000622,CUST1477,2026-06-28 20:31:04,44.66,online_retail,"miami, us",web,0
TXN00000623,CUST1122,2026-06-28 20:33:22,41.15,dining,"los angeles, us",web,0
TXN00000624,CUST1443,2026-06-28 20:35:10,29.3,travel,"los angeles, us",atm,0
TXN00000625,CUST1084,2026-06-28 20:35:37,185.87,online_retail,"houston, us",web,0
TXN00000626,CUST1500,2026-06-28 20:35:59,16.02,online_retail,"chicago, us",mobile,0
TXN00000627,CUST1410,2026-06-28 20:41:26,501.95,transfer,"los angeles, us",pos,0
TXN00000628,CUST1416,2026-06-28 20:42:23,425.07,travel,"los angeles, us",pos,0
TXN00000629,CUST1091,2026-06-28 20:43:02,653.49,travel,"houston, us",atm,0
TXN00000630,CUST1452,2026-06-28 20:51:12,571.92,travel,"new york, us",atm,0
TXN00000631,CUST1212,2026-06-28 20:56:26,100.0,cash_withdrawal,"miami, us",atm,0
TXN00000632,CUST1013,2026-06-28 21:02:12,544.76,travel,"chicago, us",mobile,0
TXN00000633,CUST1092,2026-06-28 21:09:59,256.14,online_retail,"los angeles, us",web,0
TXN00000634,CUST1378,2026-06-28 21:17:16,300.0,cash_withdrawal,"miami, us",atm,0
TXN00000635,CUST1474,2026-06-28 21:19:17,433.81,transfer,"chicago, us",mobile,0
TXN00000636,CUST1171,2026-06-28 21:27:33,40.6,online_retail,"chicago, us",mobile,0
TXN00000637,CUST1401,2026-06-28 21:32:49,20.0,cash_withdrawal,"houston, us",atm,0
TXN00000638,CUST1477,2026-06-28 21:38:25,40.0,cash_withdrawal,"miami, us",atm,0
TXN00000639,CUST1211,2026-06-28 21:39:37,90.47,transfer,"new york, us",web,0
TXN00000640,CUST1411,2026-06-28 21:45:49,45.87,grocery,"los angeles, us",pos,0
TXN00000641,CUST1343,2026-06-28 21:54:09,15.47,grocery,"houston, us",web,0
TXN00000642,CUST1443,2026-06-28 21:55:20,20.0,cash_withdrawal,"new york, us",atm,0
TXN00000643,CUST1377,2026-06-28 21:56:14,27.27,grocery,"new york, us",pos,0
TXN00000644,CUST1416,2026-06-28 22:03:42,11938.02,online_retail,"los angeles, us",mobile,1
TXN00000645,CUST1128,2026-06-28 22:09:01,67.34,dining,"houston, us",mobile,0
TXN00000646,CUST1137,2026-06-28 22:10:17,40.0,cash_withdrawal,"miami, us",atm,0
TXN00000647,CUST1082,2026-06-28 22:13:39,812.85,travel,"miami, us",pos,0
TXN00000648,CUST1404,2026-06-28 22:19:25,696.73,transfer,"chicago, us",atm,0
TXN00000649,CUST1360,2026-06-28 22:26:06,353.02,travel,"houston, us",atm,0
TXN00000650,CUST1056,2026-06-28 22:33:56,96.18,grocery,"houston, us",pos,0
TXN00000651,CUST1196,2026-06-28 22:39:37,54.01,transfer,"houston, us",mobile,0
TXN00000652,CUST1447,2026-06-28 22:44:36,879.89,travel,"los angeles, us",web,0
TXN00000653,CUST1020,2026-06-28 22:51:37,98.97,online_retail,"new york, us",web,0
TXN00000654,CUST1440,2026-06-28 23:00:02,198.39,travel,"new york, us",web,0
TXN00000655,CUST1241,2026-06-28 23:01:46,53.05,grocery,"chicago, us",atm,0
TXN00000656,CUST1114,2026-06-28 23:09:34,24.87,dining,"chicago, us",pos,0
TXN00000657,CUST1103,2026-06-28 23:10:40,13.04,online_retail,"houston, us",web,0
TXN00000658,CUST1419,2026-06-28 23:16:46,100.0,cash_withdrawal,"los angeles, us",atm,0
TXN00000659,CUST1471,2026-06-28 23:18:30,68.31,online_retail,"houston, us",mobile,0
TXN00000660,CUST1236,2026-06-28 23:20:49,28.67,grocery,"new york, us",atm,0
TXN00000661,CUST1180,2026-06-28 23:23:29,91.27,transfer,"new york, us",web,0
TXN00000662,CUST1157,2026-06-28 23:27:38,24.54,dining,"houston, us",web,0
TXN00000663,CUST1421,2026-06-28 23:33:26,341.81,online_retail,"miami, us",web,0
TXN00000664,CUST1408,2026-06-28 23:41:35,290.12,transfer,"chicago, us",mobile,0
TXN00000665,CUST1447,2026-06-28 23:42:23,44.74,grocery,"chicago, us",pos,0
TXN00000666,CUST1117,2026-06-28 23:48:00,61.11,dining,"houston, us",web,0
TXN00000667,CUST1115,2026-06-28 23:52:02,113.51,online_retail,"houston, us",mobile,0
TXN00000668,CUST1013,2026-06-29 00:00:04,53.07,dining,"miami, us",mobile,0
TXN00000669,CUST1338,2026-06-29 00:02:35,47.28,transfer,"los angeles, us",pos,0
TXN00000670,CUST1099,2026-06-29 00:09:18,1193.58,travel,"new york, us",atm,0
TXN00000671,CUST1205,2026-06-29 00:13:06,65.22,grocery,"miami, us",pos,0
TXN00000672,CUST1169,2026-06-29 00:19:10,43.39,grocery,"miami, us",pos,0
TXN00000673,CUST1143,2026-06-29 00:27:02,60.95,transfer,"new york, us",atm,0
TXN00000674,CUST1443,2026-06-29 00:32:53,60.06,online_retail,"miami, us",web,0
TXN00000675,CUST1036,2026-06-29 00:39:37,71.64,dining,"chicago, us",mobile,0
TXN00000676,CUST1496,2026-06-29 00:46:21,77.67,online_retail,"los angeles, us",web,0
TXN00000677,CUST1396,2026-06-29 00:49:16,20.0,cash_withdrawal,"houston, us",atm,0
TXN00000678,CUST1143,2026-06-29 00:51:37,165.73,online_retail,"los angeles, us",web,0
TXN00000679,CUST1180,2026-06-29 00:53:09,136.87,online_retail,"new york, us",mobile,0
TXN00000680,CUST1329,2026-06-29 00:59:58,152.06,transfer,"houston, us",pos,0
TXN00000681,CUST1261,2026-06-29 01:00:45,606.92,travel,"houston, us",web,0
TXN00000682,CUST1205,2026-06-29 01:03:16,60.0,cash_withdrawal,"chicago, us",atm,0
TXN00000683,CUST1348,2026-06-29 01:10:03,101.24,transfer,"houston, us",atm,0
TXN00000684,CUST1432,2026-06-29 01:10:44,51.91,grocery,"houston, us",pos,0
TXN00000685,CUST1275,2026-06-29 01:14:09,26.99,dining,"los angeles, us",atm,0
TXN00000686,CUST1170,2026-06-29 01:17:37,42.69,grocery,"chicago, us",mobile,0
TXN00000687,CUST1481,2026-06-29 01:20:37,28.15,dining,"los angeles, us",mobile,0
TXN00000688,CUST1015,2026-06-29 01:21:17,77.12,transfer,"miami, us",web,0
TXN00000689,CUST1060,2026-06-29 01:23:39,37.04,grocery,"chicago, us",web,0
TXN00000690,CUST1450,2026-06-29 01:31:58,1.0,travel,"houston, us",atm,0
TXN00000691,CUST1497,2026-06-29 01:39:04,771.16,travel,"houston, us",atm,0
TXN00000692,CUST1134,2026-06-29 01:41:29,47.81,dining,"houston, us",web,0
TXN00000693,CUST1092,2026-06-29 01:43:10,48.73,grocery,"los angeles, us",web,0
TXN00000694,CUST1298,2026-06-29 01:47:05,40.0,cash_withdrawal,"miami, us",atm,0
TXN00000695,CUST1493,2026-06-29 01:47:50,659.33,travel,"miami, us",atm,0
TXN00000696,CUST1136,2026-06-29 01:52:11,45.47,dining,"los angeles, us",atm,0
TXN00000697,CUST1020,2026-06-29 02:00:42,54.74,online_retail,"miami, us",mobile,0
TXN00000698,CUST1056,2026-06-29 02:08:47,100.0,cash_withdrawal,"new york, us",atm,0
TXN00000699,CUST1306,2026-06-29 02:10:39,50.02,dining,"miami, us",web,0
TXN00000700,CUST1223,2026-06-29 02:16:01,100.0,cash_withdrawal,"los angeles, us",atm,0
TXN00000701,CUST1177,2026-06-29 02:19:32,407.56,online_retail,"los angeles, us",mobile,0
TXN00000702,CUST1374,2026-06-29 02:21:13,35.34,grocery,"chicago, us",web,0
TXN00000703,CUST1403,2026-06-29 02:26:53,40.0,cash_withdrawal,"los angeles, us",atm,0
TXN00000704,CUST1161,2026-06-29 02:31:14,1110.83,travel,"los angeles, us",web,0
TXN00000705,CUST1224,2026-06-29 02:32:19,1004.9,travel,"chicago, us",mobile,0
TXN00000706,CUST1311,2026-06-29 02:33:42,59.27,online_retail,"new york, us",web,0
TXN00000707,CUST1262,2026-06-29 02:38:28,16542.39,online_retail,"new york, us",mobile,1
TXN00000708,CUST1060,2026-06-29 02:45:11,28.71,dining,"los angeles, us",web,0
TXN00000709,CUST1198,2026-06-29 02:49:01,19.96,dining,"new york, us",pos,0
TXN00000710,CUST1461,2026-06-29 02:51:02,45.6,dining,"miami, us",atm,0
TXN00000711,CUST1296,2026-06-29 02:56:26,103.28,transfer,"los angeles, us",pos,0
TXN00000712,CUST1098,2026-06-29 03:02:05,40.0,cash_withdrawal,"los angeles, us",atm,0
TXN00000713,CUST1131,2026-06-29 03:03:09,28.3,online_retail,"miami, us",mobile,0
TXN00000714,CUST1023,2026-06-29 03:11:06,300.0,cash_withdrawal,"houston, us",atm,0
TXN00000715,CUST1363,2026-06-29 03:15:02,1.0,dining,"los angeles, us",mobile,0
TXN00000716,CUST1224,2026-06-29 03:21:18,27.14,grocery,"houston, us",mobile,0
TXN00000717,CUST1001,2026-06-29 03:23:40,61.97,grocery,"houston, us",atm,0
TXN00000718,CUST1267,2026-06-29 03:24:42,32.91,grocery,"new york, us",pos,0
TXN00000719,CUST1474,2026-06-29 03:25:09,200.0,cash_withdrawal,"los angeles, us",atm,0
TXN00000720,CUST1413,2026-06-29 03:25:56,108.42,online_retail,"houston, us",mobile,0
TXN00000721,CUST1276,2026-06-29 03:26:42,124.08,online_retail,"chicago, us",web,0
TXN00000722,CUST1352,2026-06-29 03:31:44,60.0,cash_withdrawal,"houston, us",atm,0
TXN00000723,CUST1369,2026-06-29 03:38:06,17.98,online_retail,"los angeles, us",mobile,0
TXN00000724,CUST1482,2026-06-29 03:40:24,71.56,online_retail,"chicago, us",mobile,0
TXN00000725,CUST1380,2026-06-29 03:47:11,100.0,cash_withdrawal,"los angeles, us",atm,0
TXN00000726,CUST1378,2026-06-29 03:51:09,45.35,dining,"los angeles, us",pos,0
TXN00000727,CUST1344,2026-06-29 03:51:28,31.65,online_retail,"houston, us",mobile,0
TXN00000728,CUST1101,2026-06-29 03:59:17,19.82,online_retail,"los angeles, us",mobile,0
TXN00000729,CUST1187,2026-06-29 04:03:41,449.51,travel,"chicago, us",mobile,0
TXN00000730,CUST1221,2026-06-29 04:05:07,363.24,transfer,"houston, us",mobile,0
TXN00000731,CUST1036,2026-06-29 04:10:51,224.21,online_retail,"los angeles, us",web,0
TXN00000732,CUST1486,2026-06-29 04:16:28,145.82,online_retail,"chicago, us",mobile,0
TXN00000733,CUST1341,2026-06-29 04:16:38,790.06,travel,"houston, us",atm,0
TXN00000734,CUST1472,2026-06-29 04:24:45,211.36,transfer,"chicago, us",atm,0
TXN00000735,CUST1170,2026-06-29 04:25:14,100.0,cash_withdrawal,"houston, us",atm,0
TXN00000736,CUST1320,2026-06-29 04:31:04,23.45,grocery,"chicago, us",pos,0
TXN00000737,CUST1161,2026-06-29 04:34:33,341.84,travel,"chicago, us",pos,0
TXN00000738,CUST1340,2026-06-29 04:36:59,642.43,travel,"new york, us",pos,0
TXN00000739,CUST1435,2026-06-29 04:38:26,39.99,online_retail,"new york, us",web,0
TXN00000740,CUST1064,2026-06-29 04:44:34,20.32,online_retail,"los angeles, us",web,0
TXN00000741,CUST1369,2026-06-29 04:47:32,212.71,online_retail,"los angeles, us",web,0
TXN00000742,CUST1461,2026-06-29 04:55:25,138.16,online_retail,"new york, us",web,0
TXN00000743,CUST1154,2026-06-29 04:58:55,41.79,dining,"miami, us",mobile,0
TXN00000744,CUST1260,2026-06-29 05:03:59,573.22,transfer,"houston, us",pos,0
TXN00000745,CUST1159,2026-06-29 05:04:10,32.58,online_retail,"miami, us",web,0
TXN00000746,CUST1342,2026-06-29 05:08:43,41.08,grocery,"los angeles, us",mobile,0
TXN00000747,CUST1210,2026-06-29 05:14:55,73.61,transfer,"new york, us",mobile,0
TXN00000748,CUST1168,2026-06-29 05:23:06,73.83,transfer,"los angeles, us",web,0
TXN00000749,CUST1207,2026-06-29 05:29:50,262.77,online_retail,"houston, us",mobile,0
TXN00000750,CUST1357,2026-06-29 05:34:11,58.82,grocery,"houston, us",web,0
TXN00000751,CUST1152,2026-06-29 05:38:25,672.44,travel,"miami, us",web,0
TXN00000752,CUST1284,2026-06-29 05:42:18,153.34,transfer,"miami, us",mobile,0
TXN00000753,CUST1066,2026-06-29 05:45:54,20.0,cash_withdrawal,"new york, us",atm,0
TXN00000754,CUST1099,2026-06-29 05:53:16,81.13,grocery,"chicago, us",web,0
TXN00000755,CUST1216,2026-06-29 05:59:38,40.0,cash_withdrawal,"new york, us",atm,0
TXN00000756,CUST1341,2026-06-29 06:06:27,324.58,online_retail,"los angeles, us",web,0
TXN00000757,CUST1482,2026-06-29 06:13:32,68.02,grocery,"los angeles, us",atm,0
TXN00000758,CUST1195,2026-06-29 06:20:24,60.0,cash_withdrawal,"miami, us",atm,0
TXN00000759,CUST1347,2026-06-29 06:21:09,193.48,transfer,"chicago, us",web,0
TXN00000760,CUST1384,2026-06-29 06:25:55,31.84,dining,"los angeles, us",mobile,0
TXN00000761,CUST1463,2026-06-29 06:28:00,161.94,transfer,"chicago, us",pos,0
TXN00000762,CUST1090,2026-06-29 06:28:11,103.17,online_retail,"new york, us",web,0
TXN00000763,CUST1316,2026-06-29 06:31:37,127.59,transfer,"new york, us",atm,0
TXN00000764,CUST1292,2026-06-29 06:39:55,433.03,transfer,"houston, us",mobile,0
TXN00000765,CUST1155,2026-06-29 06:45:57,229.58,transfer,"new york, us",pos,0
TXN00000766,CUST1208,2026-06-29 06:53:05,46.54,dining,"miami, us",mobile,0
TXN00000767,CUST1281,2026-06-29 06:59:54,165.3,transfer,"chicago, us",atm,0
TXN00000768,CUST1427,2026-06-29 07:04:10,545.22,travel,"chicago, us",atm,0
TXN00000769,CUST1001,2026-06-29 07:05:22,823.1,travel,"chicago, us",web,0
TXN00000770,CUST1156,2026-06-29 07:10:22,51.43,grocery,"new york, us",pos,0
TXN00000771,CUST1147,2026-06-29 07:15:06,378.8,travel,"chicago, us",atm,0
TXN00000772,CUST1108,2026-06-29 07:23:14,671.74,travel,"houston, us",web,0
TXN00000773,CUST1221,2026-06-29 07:31:51,641.3,travel,"houston, us",mobile,0
TXN00000774,CUST1403,2026-06-29 07:35:04,51.38,dining,"houston, us",web,0
TXN00000775,CUST1297,2026-06-29 07:38:04,71.17,online_retail,"houston, us",web,0
TXN00000776,CUST1311,2026-06-29 07:44:03,55.08,grocery,"los angeles, us",mobile,0
TXN00000777,CUST1336,2026-06-29 07:46:48,496.18,travel,"los angeles, us",pos,0
TXN00000778,CUST1165,2026-06-29 07:50:23,155.17,online_retail,"houston, us",mobile,0
TXN00000779,CUST1239,2026-06-29 07:51:01,60.0,cash_withdrawal,"los angeles, us",atm,0
TXN00000780,CUST1227,2026-06-29 07:56:34,300.0,cash_withdrawal,"houston, us",atm,0
TXN00000781,CUST1227,2026-06-29 08:04:54,64.49,grocery,"houston, us",mobile,0
TXN00000782,CUST1346,2026-06-29 08:10:35,243.1,online_retail,"new york, us",mobile,0
TXN00000783,CUST1110,2026-06-29 08:11:31,60.0,cash_withdrawal,"los angeles, us",atm,0
TXN00000784,CUST1262,2026-06-29 08:14:48,620.51,travel,"los angeles, us",atm,0
TXN00000785,CUST1243,2026-06-29 08:19:31,30.81,dining,"los angeles, us",pos,0
TXN00000786,CUST1407,2026-06-29 08:26:57,105.7,transfer,"miami, us",atm,0
TXN00000787,CUST1462,2026-06-29 08:35:18,40.0,cash_withdrawal,"miami, us",atm,0
TXN00000788,CUST1492,2026-06-29 08:38:22,428.71,transfer,"chicago, us",web,0
TXN00000789,CUST1408,2026-06-29 08:39:13,387.54,travel,"new york, us",mobile,0
TXN00000790,CUST1377,2026-06-29 08:46:33,617.89,travel,"los angeles, us",web,0
TXN00000791,CUST1087,2026-06-29 08:50:38,451.22,transfer,"los angeles, us",pos,0
TXN00000792,CUST1338,2026-06-29 08:57:17,480.59,travel,"chicago, us",pos,0
TXN00000793,CUST1044,2026-06-29 09:03:59,33.05,dining,"los angeles, us",web,0
TXN00000794,CUST1146,2026-06-29 09:06:37,536.54,transfer,"miami, us",web,0
TXN00000795,CUST1264,2026-06-29 09:12:18,40.0,cash_withdrawal,"los angeles, us",atm,0
TXN00000796,CUST1340,2026-06-29 09:14:11,807.28,travel,"new york, us",pos,0
TXN00000797,CUST1325,2026-06-29 09:15:51,27.59,online_retail,"houston, us",web,0
TXN00000798,CUST1318,2026-06-29 09:20:44,291.06,online_retail,"miami, us",mobile,0
TXN00000799,CUST1172,2026-06-29 09:21:14,60.91,transfer,"chicago, us",mobile,0
TXN00000800,CUST1048,2026-06-29 09:29:39,69.3,grocery,"chicago, us",web,0
TXN00000801,CUST1420,2026-06-29 09:33:05,34.36,online_retail,"houston, us",web,0
TXN00000802,CUST1488,2026-06-29 09:38:53,49.06,online_retail,"chicago, us",mobile,0
TXN00000803,CUST1385,2026-06-29 09:40:40,488.84,travel,"miami, us",web,0
TXN00000804,CUST1121,2026-06-29 09:43:23,59.28,dining,"houston, us",pos,0
TXN00000805,CUST1345,2026-06-29 09:49:29,40.0,cash_withdrawal,"los angeles, us",atm,0
TXN00000806,CUST1159,2026-06-29 09:52:58,200.0,cash_withdrawal,"new york, us",atm,0
TXN00000807,CUST1116,2026-06-29 10:00:46,163.73,online_retail,"los angeles, us",mobile,0
TXN00000808,CUST1413,2026-06-29 10:01:50,843.39,travel,"houston, us",mobile,0
TXN00000809,CUST1102,2026-06-29 10:07:22,56.2,grocery,"los angeles, us",pos,0
TXN00000810,CUST1076,2026-06-29 10:13:24,107.03,transfer,"houston, us",mobile,0
TXN00000811,CUST1013,2026-06-29 10:16:37,78.15,grocery,"houston, us",atm,0
TXN00000812,CUST1024,2026-06-29 10:20:56,100.0,cash_withdrawal,"chicago, us",atm,0
TXN00000813,CUST1126,2026-06-29 10:21:49,18.83,dining,"houston, us",pos,0
TXN00000814,CUST1244,2026-06-29 10:29:32,100.0,cash_withdrawal,"chicago, us",atm,0
TXN00000815,CUST1313,2026-06-29 10:35:05,42.31,grocery,"chicago, us",mobile,0
TXN00000816,CUST1436,2026-06-29 10:38:59,43.41,dining,"miami, us",atm,0
TXN00000817,CUST1394,2026-06-29 10:45:25,56.71,dining,"houston, us",mobile,0
TXN00000818,CUST1038,2026-06-29 10:47:12,173.67,transfer,"chicago, us",atm,0
TXN00000819,CUST1234,2026-06-29 10:48:33,20.0,cash_withdrawal,"chicago, us",atm,0
TXN00000820,CUST1213,2026-06-29 10:49:01,20.0,cash_withdrawal,"miami, us",atm,0
TXN00000821,CUST1454,2026-06-29 10:50:49,205.97,transfer,"los angeles, us",atm,0
TXN00000822,CUST1323,2026-06-29 10:51:11,451.42,online_retail,"los angeles, us",web,0
TXN00000823,CUST1295,2026-06-29 10:57:29,54.2,grocery,"los angeles, us",mobile,0
TXN00000824,CUST1100,2026-06-29 11:02:42,17.49,dining,"chicago, us",mobile,0
TXN00000825,CUST1368,2026-06-29 11:04:54,115.75,online_retail,"houston, us",mobile,0
TXN00000826,CUST1357,2026-06-29 11:09:14,100.0,cash_withdrawal,"houston, us",atm,0
TXN00000827,CUST1197,2026-06-29 11:12:43,20.0,cash_withdrawal,"los angeles, us",atm,0
TXN00000828,CUST1254,2026-06-29 11:13:25,151.8,online_retail,"chicago, us",web,0
TXN00000829,CUST1205,2026-06-29 11:20:20,25.48,transfer,"miami, us",mobile,0
TXN00000830,CUST1125,2026-06-29 11:25:06,637.01,transfer,"los angeles, us",atm,0
TXN00000831,CUST1076,2026-06-29 11:30:45,51.64,grocery,"los angeles, us",web,0
TXN00000832,CUST1336,2026-06-29 11:33:32,60.89,grocery,"miami, us",pos,0
TXN00000833,CUST1353,2026-06-29 11:37:57,377.86,transfer,"houston, us",mobile,0
TXN00000834,CUST1003,2026-06-29 11:42:40,44.34,dining,"houston, us",mobile,0
TXN00000835,CUST1458,2026-06-29 11:51:04,69.65,transfer,"houston, us",mobile,0
TXN00000836,CUST1385,2026-06-29 11:58:21,20.0,cash_withdrawal,"los angeles, us",atm,0
TXN00000837,CUST1441,2026-06-29 12:05:26,710.53,travel,"new york, us",pos,0
TXN00000838,CUST1395,2026-06-29 12:09:26,60.0,cash_withdrawal,"miami, us",atm,0
TXN00000839,CUST1454,2026-06-29 12:17:50,78.23,grocery,"houston, us",web,0
TXN00000840,CUST1055,2026-06-29 12:18:08,92.78,online_retail,"miami, us",mobile,0
TXN00000841,CUST1399,2026-06-29 12:18:36,66.91,dining,"miami, us",atm,0
TXN00000842,CUST1218,2026-06-29 12:21:39,52.76,grocery,"miami, us",pos,0
TXN00000843,CUST1113,2026-06-29 12:22:17,42.0,dining,"chicago, us",atm,0
TXN00000844,CUST1091,2026-06-29 12:25:19,38.2,dining,"houston, us",mobile,0
TXN00000845,CUST1412,2026-06-29 12:32:12,56.05,transfer,"miami, us",atm,0
TXN00000846,CUST1491,2026-06-29 12:38:31,638.38,online_retail,"new york, us",mobile,0
TXN00000847,CUST1357,2026-06-29 12:39:02,567.72,transfer,"los angeles, us",web,0
TXN00000848,CUST1266,2026-06-29 12:42:39,59.94,transfer,"chicago, us",web,0
TXN00000849,CUST1238,2026-06-29 12:43:49,55.62,dining,"chicago, us",atm,0
TXN00000850,CUST1026,2026-06-29 12:45:47,780.89,transfer,"los angeles, us",pos,0
TXN00000851,CUST1286,2026-06-29 12:52:50,315.91,online_retail,"chicago, us",web,0
TXN00000852,CUST1128,2026-06-29 12:58:34,88.08,grocery,"chicago, us",web,0
TXN00000853,CUST1470,2026-06-29 13:04:25,172.75,transfer,"houston, us",pos,0
TXN00000854,CUST1435,2026-06-29 13:09:02,730.99,travel,"miami, us",web,0
TXN00000855,CUST1063,2026-06-29 13:13:06,560.5,travel,"miami, us",pos,0
TXN00000856,CUST1234,2026-06-29 13:21:17,507.14,transfer,"los angeles, us",mobile,0
TXN00000857,CUST1069,2026-06-29 13:27:14,10.7,online_retail,"new york, us",web,0
TXN00000858,CUST1411,2026-06-29 13:34:49,31.46,dining,"new york, us",pos,0
TXN00000859,CUST1238,2026-06-29 13:42:26,141.71,transfer,"miami, us",web,0
TXN00000860,CUST1342,2026-06-29 13:47:10,57.04,dining,"los angeles, us",web,0
TXN00000861,CUST1272,2026-06-29 13:48:36,777.18,transfer,"chicago, us",mobile,0
TXN00000862,CUST1287,2026-06-29 13:55:05,147.55,transfer,"new york, us",pos,0
TXN00000863,CUST1305,2026-06-29 14:00:11,73.92,online_retail,"chicago, us",web,0
TXN00000864,CUST1163,2026-06-29 14:02:20,15.19,grocery,"new york, us",mobile,0
TXN00000865,CUST1487,2026-06-29 14:10:23,516.05,travel,"los angeles, us",mobile,0
TXN00000866,CUST1387,2026-06-29 14:11:09,96.31,transfer,"los angeles, us",atm,0
TXN00000867,CUST1457,2026-06-29 14:11:37,300.0,cash_withdrawal,"miami, us",atm,0
TXN00000868,CUST1227,2026-06-29 14:18:03,100.34,online_retail,"miami, us",mobile,0
TXN00000869,CUST1314,2026-06-29 14:19:25,65.55,transfer,"los angeles, us",web,0
TXN00000870,CUST1418,2026-06-29 14:23:45,78.22,transfer,"houston, us",mobile,0
TXN00000871,CUST1369,2026-06-29 14:29:29,1017.26,travel,"houston, us",atm,0
TXN00000872,CUST1457,2026-06-29 14:29:48,113.48,online_retail,"miami, us",web,0
TXN00000873,CUST1259,2026-06-29 14:33:59,56.09,dining,"chicago, us",atm,0
TXN00000874,CUST1219,2026-06-29 14:41:53,36.86,dining,"new york, us",pos,0
TXN00000875,CUST1426,2026-06-29 14:49:53,66.21,grocery,"los angeles, us",atm,0
TXN00000876,CUST1465,2026-06-29 14:55:19,320.12,transfer,"new york, us",atm,0
TXN00000877,CUST1281,2026-06-29 14:55:52,23.95,transfer,"houston, us",web,0
TXN00000878,CUST1229,2026-06-29 14:58:06,346.78,transfer,"new york, us",pos,0
TXN00000879,CUST1460,2026-06-29 15:04:15,60.0,cash_withdrawal,"houston, us",atm,0
TXN00000880,CUST1082,2026-06-29 15:09:57,40.0,cash_withdrawal,"chicago, us",atm,0
TXN00000881,CUST1381,2026-06-29 15:11:13,3.1,dining,"miami, us",web,0
TXN00000882,CUST1442,2026-06-29 15:11:30,78.82,transfer,"chicago, us",atm,0
TXN00000883,CUST1244,2026-06-29 15:13:08,400.22,travel,"chicago, us",atm,0
TXN00000884,CUST1231,2026-06-29 15:18:41,36.71,dining,"los angeles, us",atm,0
TXN00000885,CUST1133,2026-06-29 15:19:16,600.17,travel,"chicago, us",atm,0
TXN00000886,CUST1385,2026-06-29 15:27:09,43.17,dining,"los angeles, us",pos,0
TXN00000887,CUST1127,2026-06-29 15:29:56,291.45,transfer,"houston, us",atm,0
TXN00000888,CUST1431,2026-06-29 15:37:06,40.83,transfer,"los angeles, us",mobile,0
TXN00000889,CUST1327,2026-06-29 15:44:02,435.84,transfer,"los angeles, us",pos,0
TXN00000890,CUST1142,2026-06-29 15:45:01,90.68,transfer,"los angeles, us",web,0
TXN00000891,CUST1393,2026-06-29 15:49:04,48.28,grocery,"houston, us",mobile,0
TXN00000892,CUST1399,2026-06-29 15:54:26,41.74,online_retail,"miami, us",web,0
TXN00000893,CUST1267,2026-06-29 15:56:03,20.0,cash_withdrawal,"chicago, us",atm,0
TXN00000894,CUST1249,2026-06-29 16:03:20,31.17,transfer,"los angeles, us",web,0
TXN00000895,CUST1321,2026-06-29 16:08:32,43.1,dining,"houston, us",mobile,0
TXN00000896,CUST1123,2026-06-29 16:09:14,91.4,dining,"miami, us",atm,0
TXN00000897,CUST1141,2026-06-29 16:16:22,323.22,travel,"los angeles, us",pos,0
TXN00000898,CUST1226,2026-06-29 16:23:30,40.39,transfer,"new york, us",web,0
TXN00000899,CUST1040,2026-06-29 16:24:34,536.26,travel,"los angeles, us",web,0
TXN00000900,CUST1366,2026-06-29 16:25:42,20.0,cash_withdrawal,"houston, us",atm,0
TXN00000901,CUST1147,2026-06-29 16:30:06,121.47,online_retail,"chicago, us",web,0
TXN00000902,CUST1121,2026-06-29 16:35:20,70.08,dining,"los angeles, us",mobile,0
TXN00000903,CUST1140,2026-06-29 16:42:19,18.82,grocery,"new york, us",mobile,0
TXN00000904,CUST1172,2026-06-29 16:47:44,133.02,online_retail,"los angeles, us",web,0
TXN00000905,CUST1164,2026-06-29 16:49:46,70.61,transfer,"new york, us",mobile,0
TXN00000906,CUST1458,2026-06-29 16:50:28,40.12,online_retail,"houston, us",mobile,0
TXN00000907,CUST1277,2026-06-29 16:57:29,306.84,online_retail,"miami, us",mobile,0
TXN00000908,CUST1042,2026-06-29 16:59:22,15.19,dining,"los angeles, us",pos,0
TXN00000909,CUST1071,2026-06-29 17:03:10,100.0,cash_withdrawal,"miami, us",atm,0
TXN00000910,CUST1078,2026-06-29 17:06:12,896.27,transfer,"houston, us",mobile,0
TXN00000911,CUST1119,2026-06-29 17:13:17,11.85,dining,"new york, us",pos,0
TXN00000912,CUST1197,2026-06-29 17:20:34,405.55,travel,"miami, us",mobile,0
TXN00000913,CUST1356,2026-06-29 17:29:06,200.0,cash_withdrawal,"chicago, us",atm,0
TXN00000914,CUST1079,2026-06-29 17:35:33,329.85,transfer,"houston, us",mobile,0
TXN00000915,CUST1362,2026-06-29 17:41:30,509.53,travel,"new york, us",atm,0
TXN00000916,CUST1110,2026-06-29 17:45:05,35.47,online_retail,"new york, us",web,0
TXN00000917,CUST1033,2026-06-29 17:48:01,397.6,transfer,"new york, us",atm,0
TXN00000918,CUST1213,2026-06-29 17:49:12,38.61,dining,"los angeles, us",atm,0
TXN00000919,CUST1209,2026-06-29 17:57:41,38.22,dining,"miami, us",atm,0
TXN00000920,CUST1170,2026-06-29 18:03:41,607.5,travel,"new york, us",mobile,0
TXN00000921,CUST1278,2026-06-29 18:08:45,300.0,cash_withdrawal,"new york, us",atm,0
TXN00000922,CUST1239,2026-06-29 18:13:34,423.88,travel,"new york, us",web,0
TXN00000923,CUST1213,2026-06-29 18:14:54,354.32,transfer,"miami, us",atm,0
TXN00000924,CUST1032,2026-06-29 18:17:48,300.0,cash_withdrawal,"new york, us",atm,0
TXN00000925,CUST1106,2026-06-29 18:25:06,12.99,online_retail,"miami, us",mobile,0
TXN00000926,CUST1427,2026-06-29 18:33:29,417.92,travel,"chicago, us",web,0
TXN00000927,CUST1216,2026-06-29 18:40:25,60.0,cash_withdrawal,"houston, us",atm,0
TXN00000928,CUST1200,2026-06-29 18:42:24,51.48,grocery,"new york, us",web,0
TXN00000929,CUST1464,2026-06-29 18:49:05,48.04,grocery,"new york, us",atm,0
TXN00000930,CUST1395,2026-06-29 18:49:38,79.0,transfer,"los angeles, us",atm,0
TXN00000931,CUST1300,2026-06-29 18:54:51,31.67,grocery,"los angeles, us",pos,0
TXN00000932,CUST1485,2026-06-29 18:56:29,100.0,cash_withdrawal,"los angeles, us",atm,0
TXN00000933,CUST1357,2026-06-29 18:59:30,51.42,transfer,"new york, us",mobile,0
TXN00000934,CUST1011,2026-06-29 19:00:12,60.69,grocery,"miami, us",mobile,0
TXN00000935,CUST1439,2026-06-29 19:01:23,56.28,dining,"houston, us",mobile,0
TXN00000936,CUST1451,2026-06-29 19:03:53,600.75,transfer,"chicago, us",mobile,0
TXN00000937,CUST1392,2026-06-29 19:05:15,275.99,online_retail,"chicago, us",mobile,0
TXN00000938,CUST1295,2026-06-29 19:11:52,364.9,travel,"new york, us",mobile,0
TXN00000939,CUST1195,2026-06-29 19:15:34,171.84,transfer,"chicago, us",atm,0
TXN00000940,CUST1245,2026-06-29 19:17:10,33.78,grocery,"los angeles, us",mobile,0
TXN00000941,CUST1004,2026-06-29 19:23:16,62.04,online_retail,"miami, us",web,0
TXN00000942,CUST1483,2026-06-29 19:26:35,753.98,travel,"miami, us",pos,0
TXN00000943,CUST1181,2026-06-29 19:31:28,182.56,travel,"new york, us",web,0
TXN00000944,CUST1153,2026-06-29 19:33:02,344.78,online_retail,"miami, us",web,0
TXN00000945,CUST1386,2026-06-29 19:36:56,76.47,grocery,"chicago, us",web,0
TXN00000946,CUST1200,2026-06-29 19:39:10,469.32,travel,"new york, us",pos,0
TXN00000947,CUST1437,2026-06-29 19:47:13,55.05,online_retail,"new york, us",mobile,0
TXN00000948,CUST1457,2026-06-29 19:52:20,81.63,online_retail,"chicago, us",web,0
TXN00000949,CUST1489,2026-06-29 19:52:50,65.74,grocery,"houston, us",web,0
TXN00000950,CUST1428,2026-06-29 19:54:08,210.84,travel,"houston, us",atm,0
TXN00000951,CUST1215,2026-06-29 19:55:09,59.09,grocery,"houston, us",mobile,0
TXN00000952,CUST1276,2026-06-29 20:02:04,30.79,grocery,"miami, us",web,0
TXN00000953,CUST1383,2026-06-29 20:09:27,130.46,online_retail,"houston, us",web,0
TXN00000954,CUST1377,2026-06-29 20:15:00,76.32,grocery,"houston, us",pos,0
TXN00000955,CUST1280,2026-06-29 20:20:23,4.93,dining,"houston, us",mobile,0
TXN00000956,CUST1410,2026-06-29 20:23:45,454.79,online_retail,"chicago, us",mobile,0
TXN00000957,CUST1309,2026-06-29 20:30:33,452.68,transfer,"chicago, us",atm,0
TXN00000958,CUST1460,2026-06-29 20:32:03,41.83,grocery,"los angeles, us",atm,0
TXN00000959,CUST1113,2026-06-29 20:32:21,100.0,cash_withdrawal,"los angeles, us",atm,0
TXN00000960,CUST1250,2026-06-29 20:40:01,60.0,cash_withdrawal,"houston, us",atm,0
TXN00000961,CUST1113,2026-06-29 20:44:20,842.96,travel,"miami, us",mobile,0
TXN00000962,CUST1140,2026-06-29 20:45:11,20.0,cash_withdrawal,"los angeles, us",atm,0
TXN00000963,CUST1224,2026-06-29 20:45:24,251.31,online_retail,"chicago, us",mobile,0
TXN00000964,CUST1249,2026-06-29 20:45:37,592.26,travel,"chicago, us",pos,0
TXN00000965,CUST1015,2026-06-29 20:47:18,60.0,cash_withdrawal,"chicago, us",atm,0
TXN00000966,CUST1200,2026-06-29 20:55:22,509.1,travel,"miami, us",atm,0
TXN00000967,CUST1173,2026-06-29 20:56:17,113.87,transfer,"miami, us",web,0
TXN00000968,CUST1343,2026-06-29 21:02:28,127.01,online_retail,"houston, us",mobile,0
TXN00000969,CUST1348,2026-06-29 21:08:11,300.0,cash_withdrawal,"new york, us",atm,0
TXN00000970,CUST1409,2026-06-29 21:13:24,38.86,dining,"chicago, us",pos,0
TXN00000971,CUST1208,2026-06-29 21:21:08,29.78,grocery,"chicago, us",pos,0
TXN00000972,CUST1371,2026-06-29 21:23:43,40.0,cash_withdrawal,"chicago, us",atm,0
TXN00000973,CUST1085,2026-06-29 21:27:26,61.15,grocery,"chicago, us",atm,0
TXN00000974,CUST1431,2026-06-29 21:33:31,100.0,cash_withdrawal,"los angeles, us",atm,0
TXN00000975,CUST1240,2026-06-29 21:40:34,52.56,grocery,"chicago, us",web,0
TXN00000976,CUST1471,2026-06-29 21:47:29,36.32,dining,"miami, us",pos,0
TXN00000977,CUST1066,2026-06-29 21:54:14,604.61,travel,"miami, us",web,0
TXN00000978,CUST1319,2026-06-29 21:58:27,76.51,transfer,"chicago, us",web,0
TXN00000979,CUST1274,2026-06-29 22:04:31,115.36,transfer,"chicago, us",web,0
TXN00000980,CUST1014,2026-06-29 22:05:45,686.9,travel,"chicago, us",web,0
TXN00000981,CUST1465,2026-06-29 22:07:40,25.57,transfer,"chicago, us",atm,0
TXN00000982,CUST1202,2026-06-29 22:09:03,25.56,grocery,"chicago, us",mobile,0
TXN00000983,CUST1304,2026-06-29 22:14:40,737.97,travel,"miami, us",atm,0
TXN00000984,CUST1289,2026-06-29 22:17:08,13312.67,online_retail,"houston, us",mobile,1
TXN00000985,CUST1340,2026-06-29 22:21:45,200.0,cash_withdrawal,"chicago, us",atm,0
TXN00000986,CUST1014,2026-06-29 22:25:45,857.29,travel,"los angeles, us",pos,0
TXN00000987,CUST1043,2026-06-29 22:29:25,718.15,travel,"houston, us",mobile,0
TXN00000988,CUST1330,2026-06-29 22:31:37,664.01,travel,"chicago, us",mobile,0
TXN00000989,CUST1220,2026-06-29 22:39:47,147.64,online_retail,"chicago, us",web,0
TXN00000990,CUST1070,2026-06-29 22:41:26,174.06,online_retail,"chicago, us",web,0
TXN00000991,CUST1444,2026-06-29 22:46:48,59.65,dining,"los angeles, us",mobile,0
TXN00000992,CUST1237,2026-06-29 22:52:52,77.85,transfer,"houston, us",web,0
TXN00000993,CUST1094,2026-06-29 22:53:21,757.46,transfer,"miami, us",mobile,0
TXN00000994,CUST1026,2026-06-29 22:58:36,371.3,dining,"tokyo, jp",mobile,1
TXN00000995,CUST1134,2026-06-29 23:00:18,55.75,grocery,"miami, us",pos,0
TXN00000996,CUST1195,2026-06-29 23:06:35,1.0,dining,"los angeles, us",web,0
TXN00000997,CUST1168,2026-06-29 23:11:00,60.0,cash_withdrawal,"los angeles, us",atm,0
TXN00000998,CUST1109,2026-06-29 23:16:23,513.0,travel,"los angeles, us",mobile,0
TXN00000999,CUST1233,2026-06-29 23:24:39,148.63,online_retail,"miami, us",mobile,0
TXN00001000,CUST1168,2026-06-29 23:25:34,52.23,online_retail,"new york, us",web,0
TXN00001001,CUST1173,2026-06-29 23:31:05,52.98,grocery,"los angeles, us",atm,0
TXN00001002,CUST1390,2026-06-29 23:38:18,27.14,grocery,"los angeles, us",pos,0
TXN00001003,CUST1451,2026-06-29 23:45:08,38.02,grocery,"chicago, us",atm,0
TXN00001004,CUST1195,2026-06-29 23:47:52,100.0,cash_withdrawal,"houston, us",atm,0
TXN00001005,CUST1143,2026-06-29 23:51:00,75.93,online_retail,"new york, us",mobile,0
TXN00001006,CUST1386,2026-06-29 23:54:44,356.03,travel,"los angeles, us",atm,0
TXN00001007,CUST1488,2026-06-29 23:54:56,863.41,travel,"new york, us",pos,0
TXN00001008,CUST1426,2026-06-29 23:59:51,270.69,transfer,"houston, us",atm,0
TXN00001009,CUST1216,2026-06-30 00:02:01,60.0,cash_withdrawal,"chicago, us",atm,0
TXN00001010,CUST1130,2026-06-30 00:03:49,200.0,cash_withdrawal,"houston, us",atm,0
TXN00001011,CUST1428,2026-06-30 00:04:59,40.0,cash_withdrawal,"chicago, us",atm,0
TXN00001012,CUST1042,2026-06-30 00:13:34,106.95,online_retail,"miami, us",mobile,0
TXN00001013,CUST1241,2026-06-30 00:18:15,723.33,travel,"los angeles, us",web,0
TXN00001014,CUST1010,2026-06-30 00:26:45,646.21,travel,"chicago, us",web,0
TXN00001015,CUST1384,2026-06-30 00:27:43,37.12,grocery,"houston, us",atm,0
TXN00001016,CUST1277,2026-06-30 00:33:09,29.5,transfer,"miami, us",web,0
TXN00001017,CUST1027,2026-06-30 00:36:24,55.63,online_retail,"houston, us",web,0
TXN00001018,CUST1488,2026-06-30 00:43:55,54.01,dining,"chicago, us",atm,0
TXN00001019,CUST1180,2026-06-30 00:50:34,456.09,travel,"houston, us",atm,0
TXN00001020,CUST1115,2026-06-30 00:59:09,42.44,dining,"chicago, us",web,0
TXN00001021,CUST1333,2026-06-30 01:03:55,91.2,dining,"houston, us",web,0
TXN00001022,CUST1036,2026-06-30 01:08:24,300.0,cash_withdrawal,"miami, us",atm,0
TXN00001023,CUST1400,2026-06-30 01:10:26,48.56,grocery,"new york, us",atm,0
TXN00001024,CUST1491,2026-06-30 01:14:33,67.24,grocery,"new york, us",web,0
TXN00001025,CUST1334,2026-06-30 01:21:17,53.82,transfer,"miami, us",mobile,0
TXN00001026,CUST1021,2026-06-30 01:26:47,60.0,cash_withdrawal,"houston, us",atm,0
TXN00001027,CUST1387,2026-06-30 01:32:34,39.45,grocery,"houston, us",pos,0
TXN00001028,CUST1016,2026-06-30 01:34:30,52.7,grocery,"los angeles, us",atm,0
TXN00001029,CUST1487,2026-06-30 01:37:01,20.0,cash_withdrawal,"los angeles, us",atm,0
TXN00001030,CUST1127,2026-06-30 01:37:38,20.0,cash_withdrawal,"miami, us",atm,0
TXN00001031,CUST1103,2026-06-30 01:39:27,225.25,transfer,"los angeles, us",pos,0
TXN00001032,CUST1430,2026-06-30 01:40:34,516.29,travel,"los angeles, us",web,0
TXN00001033,CUST1011,2026-06-30 01:47:31,40.6,grocery,"miami, us",mobile,0
TXN00001034,CUST1319,2026-06-30 01:48:57,52.43,online_retail,"chicago, us",web,0
TXN00001035,CUST1079,2026-06-30 01:54:57,1053.11,travel,"miami, us",pos,0
TXN00001036,CUST1123,2026-06-30 02:02:19,57.5,grocery,"miami, us",web,0
TXN00001037,CUST1065,2026-06-30 02:10:44,187.97,online_retail,"chicago, us",web,0
TXN00001038,CUST1243,2026-06-30 02:18:40,20.0,cash_withdrawal,"miami, us",atm,0
TXN00001039,CUST1343,2026-06-30 02:22:52,57.65,online_retail,"houston, us",web,0
TXN00001040,CUST1059,2026-06-30 02:27:16,733.15,travel,"los angeles, us",web,0
TXN00001041,CUST1289,2026-06-30 02:28:56,60.0,cash_withdrawal,"miami, us",atm,0
TXN00001042,CUST1486,2026-06-30 02:30:27,159.28,travel,"los angeles, us",atm,0
TXN00001043,CUST1112,2026-06-30 02:36:20,24.41,online_retail,"los angeles, us",web,0
TXN00001044,CUST1239,2026-06-30 02:44:22,383.9,online_retail,"new york, us",mobile,0
TXN00001045,CUST1359,2026-06-30 02:44:54,62.88,dining,"houston, us",atm,0
TXN00001046,CUST1132,2026-06-30 02:45:31,270.16,travel,"miami, us",atm,0
TXN00001047,CUST1393,2026-06-30 02:51:11,543.44,travel,"miami, us",pos,0
TXN00001048,CUST1189,2026-06-30 02:54:27,300.0,cash_withdrawal,"houston, us",atm,0
TXN00001049,CUST1086,2026-06-30 02:57:02,100.0,cash_withdrawal,"los angeles, us",atm,0
TXN00001050,CUST1311,2026-06-30 02:58:59,866.14,travel,"los angeles, us",mobile,0
TXN00001051,CUST1311,2026-06-30 03:02:51,60.0,cash_withdrawal,"chicago, us",atm,0
TXN00001052,CUST1494,2026-06-30 03:05:09,629.9,travel,"houston, us",atm,0
TXN00001053,CUST1383,2026-06-30 03:08:10,207.64,online_retail,"chicago, us",mobile,0
TXN00001054,CUST1368,2026-06-30 03:13:35,256.42,online_retail,"los angeles, us",mobile,0
TXN00001055,CUST1059,2026-06-30 03:20:37,69.29,grocery,"houston, us",web,0
TXN00001056,CUST1399,2026-06-30 03:28:22,61.24,dining,"houston, us",web,0
TXN00001057,CUST1420,2026-06-30 03:35:00,43.19,grocery,"houston, us",pos,0
TXN00001058,CUST1084,2026-06-30 03:39:02,758.24,travel,"houston, us",pos,0
TXN00001059,CUST1494,2026-06-30 03:39:34,218.36,travel,"los angeles, us",atm,0
TXN00001060,CUST1160,2026-06-30 03:40:37,49.13,grocery,"los angeles, us",mobile,0
TXN00001061,CUST1056,2026-06-30 03:47:06,669.33,online_retail,"chicago, us",mobile,0
TXN00001062,CUST1297,2026-06-30 03:47:42,885.04,transfer,"houston, us",mobile,0
TXN00001063,CUST1014,2026-06-30 03:55:45,56.37,dining,"miami, us",atm,0
TXN00001064,CUST1476,2026-06-30 04:00:30,633.46,travel,"new york, us",pos,0
TXN00001065,CUST1160,2026-06-30 04:02:10,48.93,dining,"miami, us",web,0
TXN00001066,CUST1295,2026-06-30 04:03:40,19565.87,transfer,"miami, us",mobile,1
TXN00001067,CUST1347,2026-06-30 04:10:32,40.0,cash_withdrawal,"miami, us",atm,0
TXN00001068,CUST1465,2026-06-30 04:10:56,546.68,travel,"houston, us",pos,0
TXN00001069,CUST1491,2026-06-30 04:15:14,590.11,travel,"chicago, us",pos,0
TXN00001070,CUST1193,2026-06-30 04:19:47,307.12,online_retail,"miami, us",web,0
TXN00001071,CUST1204,2026-06-30 04:20:56,770.38,travel,"houston, us",mobile,0
TXN00001072,CUST1483,2026-06-30 04:21:42,300.0,cash_withdrawal,"miami, us",atm,0
TXN00001073,CUST1367,2026-06-30 04:29:30,43.02,grocery,"houston, us",pos,0
TXN00001074,CUST1102,2026-06-30 04:31:40,821.63,travel,"chicago, us",web,0
TXN00001075,CUST1039,2026-06-30 04:37:59,28.92,grocery,"new york, us",atm,0
TXN00001076,CUST1304,2026-06-30 04:41:56,57.52,grocery,"new york, us",mobile,0
TXN00001077,CUST1354,2026-06-30 04:47:09,34.36,grocery,"los angeles, us",atm,0
TXN00001078,CUST1426,2026-06-30 04:52:15,919.48,travel,"los angeles, us",atm,0
TXN00001079,CUST1322,2026-06-30 04:55:11,34.78,dining,"los angeles, us",mobile,0
TXN00001080,CUST1125,2026-06-30 04:58:55,52.02,grocery,"new york, us",pos,0
TXN00001081,CUST1053,2026-06-30 05:00:46,66.81,online_retail,"los angeles, us",mobile,0
TXN00001082,CUST1357,2026-06-30 05:07:18,71.7,grocery,"houston, us",mobile,0
TXN00001083,CUST1396,2026-06-30 05:13:14,649.14,travel,"chicago, us",pos,0
TXN00001084,CUST1155,2026-06-30 05:21:03,60.64,dining,"miami, us",pos,0
TXN00001085,CUST1436,2026-06-30 05:23:59,10.29,dining,"miami, us",web,0
TXN00001086,CUST1351,2026-06-30 05:26:06,671.41,transfer,"miami, us",pos,0
TXN00001087,CUST1308,2026-06-30 05:32:54,29.76,grocery,"los angeles, us",mobile,0
TXN00001088,CUST1413,2026-06-30 05:34:00,51.71,dining,"chicago, us",pos,0
TXN00001089,CUST1062,2026-06-30 05:36:56,27.41,transfer,"houston, us",mobile,0
TXN00001090,CUST1408,2026-06-30 05:39:02,41.65,dining,"chicago, us",mobile,0
TXN00001091,CUST1290,2026-06-30 05:40:02,40.0,cash_withdrawal,"los angeles, us",atm,0
TXN00001092,CUST1401,2026-06-30 05:42:13,65.98,grocery,"houston, us",web,0
TXN00001093,CUST1022,2026-06-30 05:48:40,859.4,transfer,"miami, us",pos,0
TXN00001094,CUST1178,2026-06-30 05:52:21,905.79,travel,"houston, us",pos,0
TXN00001095,CUST1273,2026-06-30 05:59:56,39.75,grocery,"los angeles, us",atm,0
TXN00001096,CUST1220,2026-06-30 06:01:48,174.21,transfer,"new york, us",pos,0
TXN00001097,CUST1339,2026-06-30 06:05:10,108.05,online_retail,"houston, us",mobile,0
TXN00001098,CUST1190,2026-06-30 06:12:56,63.8,grocery,"houston, us",atm,0
TXN00001099,CUST1036,2026-06-30 06:14:58,46.28,dining,"chicago, us",mobile,0
TXN00001100,CUST1260,2026-06-30 06:15:45,179.54,travel,"houston, us",atm,0
TXN00001101,CUST1332,2026-06-30 06:19:56,160.35,travel,"houston, us",web,0
TXN00001102,CUST1175,2026-06-30 06:25:05,40.0,cash_withdrawal,"chicago, us",atm,0
TXN00001103,CUST1007,2026-06-30 06:29:23,22.55,dining,"miami, us",atm,0
TXN00001104,CUST1435,2026-06-30 06:30:00,27.56,online_retail,"new york, us",web,0
TXN00001105,CUST1216,2026-06-30 06:37:45,75.69,online_retail,"los angeles, us",mobile,0
TXN00001106,CUST1422,2026-06-30 06:41:38,60.79,online_retail,"los angeles, us",web,0
TXN00001107,CUST1251,2026-06-30 06:43:02,9444.62,transfer,"los angeles, us",mobile,1
TXN00001108,CUST1055,2026-06-30 06:45:02,55.87,dining,"chicago, us",mobile,0
TXN00001109,CUST1222,2026-06-30 06:53:07,1.33,dining,"chicago, us",mobile,0
TXN00001110,CUST1492,2026-06-30 06:58:29,20.0,cash_withdrawal,"new york, us",atm,0
TXN00001111,CUST1186,2026-06-30 07:02:31,31.89,grocery,"los angeles, us",atm,0
TXN00001112,CUST1326,2026-06-30 07:04:12,332.36,travel,"new york, us",pos,0
TXN00001113,CUST1457,2026-06-30 07:07:40,200.0,cash_withdrawal,"new york, us",atm,0
TXN00001114,CUST1425,2026-06-30 07:11:01,53.65,dining,"los angeles, us",mobile,0
TXN00001115,CUST1236,2026-06-30 07:12:20,36.69,dining,"los angeles, us",mobile,0
TXN00001116,CUST1363,2026-06-30 07:16:24,37.62,grocery,"chicago, us",mobile,0
TXN00001117,CUST1079,2026-06-30 07:22:42,86.19,dining,"los angeles, us",atm,0
TXN00001118,CUST1223,2026-06-30 07:24:31,26.72,dining,"miami, us",pos,0
TXN00001119,CUST1091,2026-06-30 07:30:04,74.83,transfer,"houston, us",atm,0
TXN00001120,CUST1376,2026-06-30 07:33:17,52.5,grocery,"chicago, us",pos,0
TXN00001121,CUST1268,2026-06-30 07:41:46,723.11,travel,"los angeles, us",web,0
TXN00001122,CUST1495,2026-06-30 07:44:14,150.37,online_retail,"miami, us",web,0
TXN00001123,CUST1334,2026-06-30 07:46:07,207.51,travel,"los angeles, us",web,0
TXN00001124,CUST1139,2026-06-30 07:49:08,41.48,dining,"chicago, us",pos,0
TXN00001125,CUST1316,2026-06-30 07:50:23,78.27,transfer,"houston, us",atm,0
TXN00001126,CUST1414,2026-06-30 07:50:49,94.73,transfer,"miami, us",pos,0
TXN00001127,CUST1471,2026-06-30 07:56:53,58.33,grocery,"houston, us",mobile,0
TXN00001128,CUST1276,2026-06-30 08:01:54,444.28,travel,"los angeles, us",pos,0
TXN00001129,CUST1397,2026-06-30 08:02:34,74.65,online_retail,"chicago, us",mobile,0
TXN00001130,CUST1248,2026-06-30 08:05:07,955.13,travel,"houston, us",atm,0
TXN00001131,CUST1239,2026-06-30 08:06:26,28.59,dining,"houston, us",web,0
TXN00001132,CUST1224,2026-06-30 08:07:32,377.24,transfer,"houston, us",pos,0
TXN00001133,CUST1423,2026-06-30 08:14:58,300.0,cash_withdrawal,"los angeles, us",atm,0
TXN00001134,CUST1375,2026-06-30 08:19:06,7308.44,online_retail,"houston, us",web,1
TXN00001135,CUST1304,2026-06-30 08:23:10,28.96,dining,"los angeles, us",mobile,0
TXN00001136,CUST1138,2026-06-30 08:26:54,59.49,grocery,"miami, us",atm,0
TXN00001137,CUST1166,2026-06-30 08:28:31,53.04,grocery,"los angeles, us",atm,0
TXN00001138,CUST1437,2026-06-30 08:35:10,144.82,online_retail,"chicago, us",mobile,0
TXN00001139,CUST1126,2026-06-30 08:38:15,9.69,dining,"chicago, us",mobile,0
TXN00001140,CUST1426,2026-06-30 08:40:17,40.0,cash_withdrawal,"los angeles, us",atm,0
TXN00001141,CUST1479,2026-06-30 08:48:00,280.31,transfer,"miami, us",pos,0
TXN00001142,CUST1045,2026-06-30 08:50:41,200.0,cash_withdrawal,"miami, us",atm,0
TXN00001143,CUST1143,2026-06-30 08:56:00,40.81,grocery,"houston, us",mobile,0
TXN00001144,CUST1452,2026-06-30 08:57:30,678.79,transfer,"miami, us",pos,0
TXN00001145,CUST1231,2026-06-30 09:04:24,503.07,travel,"new york, us",pos,0
TXN00001146,CUST1125,2026-06-30 09:11:20,735.87,travel,"miami, us",mobile,0
TXN00001147,CUST1385,2026-06-30 09:16:56,870.9,travel,"houston, us",web,0
TXN00001148,CUST1238,2026-06-30 09:25:13,40.0,cash_withdrawal,"houston, us",atm,0
TXN00001149,CUST1292,2026-06-30 09:30:36,260.12,transfer,"new york, us",web,0
TXN00001150,CUST1313,2026-06-30 09:38:29,60.0,cash_withdrawal,"houston, us",atm,0
TXN00001151,CUST1343,2026-06-30 09:40:06,40.0,cash_withdrawal,"new york, us",atm,0
TXN00001152,CUST1195,2026-06-30 09:45:11,555.76,travel,"los angeles, us",atm,0
TXN00001153,CUST1173,2026-06-30 09:53:37,10590.33,transfer,"chicago, us",mobile,1
TXN00001154,CUST1015,2026-06-30 09:58:30,110.23,transfer,"chicago, us",mobile,0
TXN00001155,CUST1254,2026-06-30 10:05:57,40.0,cash_withdrawal,"miami, us",atm,0
TXN00001156,CUST1436,2026-06-30 10:08:04,24.03,dining,"new york, us",web,0
TXN00001157,CUST1167,2026-06-30 10:08:58,591.72,travel,"miami, us",pos,0
TXN00001158,CUST1094,2026-06-30 10:12:38,45.36,transfer,"los angeles, us",mobile,0
TXN00001159,CUST1250,2026-06-30 10:20:06,47.3,online_retail,"chicago, us",web,0
TXN00001160,CUST1109,2026-06-30 10:24:43,182.45,online_retail,"new york, us",web,0
TXN00001161,CUST1182,2026-06-30 10:29:03,43.76,transfer,"chicago, us",web,0
TXN00001162,CUST1409,2026-06-30 10:36:34,591.56,transfer,"chicago, us",atm,0
TXN00001163,CUST1133,2026-06-30 10:38:34,1048.64,travel,"los angeles, us",web,0
TXN00001164,CUST1175,2026-06-30 10:43:46,1.0,dining,"chicago, us",mobile,0
TXN00001165,CUST1144,2026-06-30 10:47:58,36.95,grocery,"new york, us",mobile,0
TXN00001166,CUST1451,2026-06-30 10:55:16,144.62,online_retail,"chicago, us",web,0
TXN00001167,CUST1306,2026-06-30 10:59:22,477.64,travel,"chicago, us",mobile,0
TXN00001168,CUST1360,2026-06-30 11:01:54,100.0,cash_withdrawal,"miami, us",atm,0
TXN00001169,CUST1451,2026-06-30 11:02:11,359.98,transfer,"miami, us",pos,0
TXN00001170,CUST1142,2026-06-30 11:08:34,60.88,dining,"new york, us",pos,0
TXN00001171,CUST1285,2026-06-30 11:12:23,25.41,grocery,"miami, us",pos,0
TXN00001172,CUST1006,2026-06-30 11:18:49,20.0,cash_withdrawal,"new york, us",atm,0
TXN00001173,CUST1265,2026-06-30 11:26:25,49.25,dining,"los angeles, us",web,0
TXN00001174,CUST1486,2026-06-30 11:28:41,652.67,transfer,"chicago, us",mobile,0
TXN00001175,CUST1098,2026-06-30 11:30:57,747.66,travel,"houston, us",mobile,0
TXN00001176,CUST1044,2026-06-30 11:33:54,877.18,travel,"los angeles, us",web,0
TXN00001177,CUST1124,2026-06-30 11:37:46,590.3,transfer,"houston, us",mobile,0
TXN00001178,CUST1369,2026-06-30 11:42:52,625.89,transfer,"los angeles, us",atm,0
TXN00001179,CUST1209,2026-06-30 11:44:55,805.12,travel,"houston, us",pos,0
TXN00001180,CUST1251,2026-06-30 11:52:41,57.61,grocery,"new york, us",mobile,0
TXN00001181,CUST1285,2026-06-30 12:00:45,189.34,online_retail,"miami, us",mobile,0
TXN00001182,CUST1389,2026-06-30 12:05:57,361.96,transfer,"chicago, us",pos,0
TXN00001183,CUST1124,2026-06-30 12:14:11,154.59,online_retail,"chicago, us",mobile,0
TXN00001184,CUST1354,2026-06-30 12:15:37,219.58,online_retail,"miami, us",web,0
TXN00001185,CUST1244,2026-06-30 12:23:34,558.22,travel,"houston, us",pos,0
TXN00001186,CUST1331,2026-06-30 12:28:37,71.22,online_retail,"chicago, us",web,0
TXN00001187,CUST1365,2026-06-30 12:36:26,636.68,travel,"chicago, us",mobile,0
TXN00001188,CUST1252,2026-06-30 12:36:38,214.1,online_retail,"chicago, us",web,0
TXN00001189,CUST1230,2026-06-30 12:40:21,692.17,travel,"los angeles, us",pos,0
TXN00001190,CUST1406,2026-06-30 12:48:52,501.67,travel,"new york, us",pos,0
TXN00001191,CUST1009,2026-06-30 12:49:24,40.57,dining,"chicago, us",atm,0
TXN00001192,CUST1048,2026-06-30 12:49:54,65.57,dining,"chicago, us",web,0
TXN00001193,CUST1151,2026-06-30 12:58:31,52.87,grocery,"miami, us",mobile,0
TXN00001194,CUST1114,2026-06-30 13:02:41,159.87,online_retail,"chicago, us",mobile,0
TXN00001195,CUST1208,2026-06-30 13:09:06,55.13,online_retail,"los angeles, us",web,0
TXN00001196,CUST1355,2026-06-30 13:15:49,160.77,online_retail,"los angeles, us",web,0
TXN00001197,CUST1125,2026-06-30 13:20:17,200.0,cash_withdrawal,"new york, us",atm,0
TXN00001198,CUST1157,2026-06-30 13:20:44,200.0,cash_withdrawal,"miami, us",atm,0
TXN00001199,CUST1340,2026-06-30 13:24:31,300.0,cash_withdrawal,"chicago, us",atm,0
TXN00001200,CUST1298,2026-06-30 13:29:12,611.61,travel,"new york, us",pos,0
TXN00001201,CUST1189,2026-06-30 13:32:43,973.78,travel,"new york, us",pos,0
TXN00001202,CUST1243,2026-06-30 13:36:58,26.97,online_retail,"los angeles, us",web,0
TXN00001203,CUST1284,2026-06-30 13:44:02,20.0,cash_withdrawal,"new york, us",atm,0
TXN00001204,CUST1272,2026-06-30 13:51:00,224.71,online_retail,"houston, us",mobile,0
TXN00001205,CUST1177,2026-06-30 13:57:06,126.89,online_retail,"chicago, us",web,0
TXN00001206,CUST1218,2026-06-30 14:04:16,40.0,cash_withdrawal,"new york, us",atm,0
TXN00001207,CUST1382,2026-06-30 14:05:16,53.2,grocery,"miami, us",mobile,0
TXN00001208,CUST1282,2026-06-30 14:09:17,504.49,online_retail,"houston, us",web,0
TXN00001209,CUST1170,2026-06-30 14:13:40,68.13,grocery,"los angeles, us",web,0
TXN00001210,CUST1181,2026-06-30 14:15:53,413.3,online_retail,"miami, us",mobile,0
TXN00001211,CUST1360,2026-06-30 14:16:45,52.45,transfer,"los angeles, us",atm,0
TXN00001212,CUST1233,2026-06-30 14:21:40,425.24,online_retail,"houston, us",web,0
TXN00001213,CUST1139,2026-06-30 14:28:15,239.63,travel,"los angeles, us",pos,0
TXN00001214,CUST1157,2026-06-30 14:28:31,488.39,travel,"miami, us",atm,0
TXN00001215,CUST1129,2026-06-30 14:34:35,43.88,dining,"chicago, us",web,0
TXN00001216,CUST1119,2026-06-30 14:40:59,63.71,online_retail,"houston, us",mobile,0
TXN00001217,CUST1062,2026-06-30 14:44:37,509.26,travel,"new york, us",mobile,0
TXN00001218,CUST1370,2026-06-30 14:52:53,52.62,grocery,"chicago, us",web,0
TXN00001219,CUST1099,2026-06-30 14:54:54,281.8,transfer,"miami, us",mobile,0
TXN00001220,CUST1162,2026-06-30 14:56:11,67.93,grocery,"los angeles, us",mobile,0
TXN00001221,CUST1062,2026-06-30 14:59:24,27.15,grocery,"new york, us",mobile,0
TXN00001222,CUST1381,2026-06-30 15:02:05,41.62,grocery,"los angeles, us",pos,0
TXN00001223,CUST1275,2026-06-30 15:04:17,20.0,cash_withdrawal,"los angeles, us",atm,0
TXN00001224,CUST1487,2026-06-30 15:09:58,445.97,transfer,"new york, us",atm,0
TXN00001225,CUST1391,2026-06-30 15:10:54,55.66,grocery,"houston, us",web,0
TXN00001226,CUST1354,2026-06-30 15:11:12,27.47,transfer,"new york, us",pos,0
TXN00001227,CUST1095,2026-06-30 15:15:27,991.38,travel,"houston, us",pos,0
TXN00001228,CUST1099,2026-06-30 15:21:19,49.01,grocery,"los angeles, us",web,0
TXN00001229,CUST1111,2026-06-30 15:24:05,41.67,grocery,"los angeles, us",atm,0
TXN00001230,CUST1379,2026-06-30 15:25:37,77.62,dining,"houston, us",mobile,0
TXN00001231,CUST1248,2026-06-30 15:31:47,238.0,travel,"houston, us",web,0
TXN00001232,CUST1142,2026-06-30 15:35:52,36.8,online_retail,"houston, us",mobile,0
TXN00001233,CUST1371,2026-06-30 15:43:21,247.57,online_retail,"chicago, us",web,0
TXN00001234,CUST1302,2026-06-30 15:48:23,17.02,grocery,"houston, us",mobile,0
TXN00001235,CUST1390,2026-06-30 15:54:55,20.0,cash_withdrawal,"miami, us",atm,0
TXN00001236,CUST1269,2026-06-30 16:00:03,19.58,dining,"los angeles, us",atm,0
TXN00001237,CUST1306,2026-06-30 16:00:25,54.17,dining,"houston, us",atm,0
TXN00001238,CUST1145,2026-06-30 16:08:54,660.95,travel,"los angeles, us",atm,0
TXN00001239,CUST1052,2026-06-30 16:12:56,169.42,online_retail,"los angeles, us",mobile,0
TXN00001240,CUST1427,2026-06-30 16:17:03,200.0,cash_withdrawal,"los angeles, us",atm,0
TXN00001241,CUST1100,2026-06-30 16:23:48,115.76,transfer,"chicago, us",pos,0
TXN00001242,CUST1152,2026-06-30 16:25:08,28.72,dining,"miami, us",pos,0
TXN00001243,CUST1117,2026-06-30 16:32:45,461.97,online_retail,"new york, us",web,0
TXN00001244,CUST1185,2026-06-30 16:38:55,35.55,dining,"chicago, us",web,0
TXN00001245,CUST1092,2026-06-30 16:42:32,882.67,transfer,"miami, us",web,0
TXN00001246,CUST1155,2026-06-30 16:44:16,20.0,cash_withdrawal,"los angeles, us",atm,0
TXN00001247,CUST1008,2026-06-30 16:51:10,17.06,dining,"miami, us",atm,0
TXN00001248,CUST1363,2026-06-30 16:58:46,91.64,online_retail,"houston, us",web,0
TXN00001249,CUST1274,2026-06-30 17:02:05,325.27,transfer,"chicago, us",atm,0
TXN00001250,CUST1065,2026-06-30 17:07:35,9.49,dining,"miami, us",web,0
TXN00001251,CUST1141,2026-06-30 17:11:42,1260.13,transfer,"miami, us",pos,0
TXN00001252,CUST1024,2026-06-30 17:17:52,427.02,travel,"miami, us",web,0
TXN00001253,CUST1499,2026-06-30 17:23:26,57.96,dining,"new york, us",pos,0
TXN00001254,CUST1028,2026-06-30 17:23:36,46.9,grocery,"miami, us",pos,0
TXN00001255,CUST1284,2026-06-30 17:31:06,422.28,travel,"miami, us",mobile,0
TXN00001256,CUST1150,2026-06-30 17:36:37,14.74,online_retail,"miami, us",web,0
TXN00001257,CUST1358,2026-06-30 17:37:23,168.19,online_retail,"los angeles, us",mobile,0
TXN00001258,CUST1484,2026-06-30 17:40:50,157.91,transfer,"new york, us",mobile,0
TXN00001259,CUST1065,2026-06-30 17:48:37,100.0,cash_withdrawal,"los angeles, us",atm,0
TXN00001260,CUST1327,2026-06-30 17:54:40,39.96,grocery,"los angeles, us",pos,0
TXN00001261,CUST1445,2026-06-30 17:57:40,38.36,dining,"new york, us",atm,0
TXN00001262,CUST1386,2026-06-30 18:02:21,62.35,dining,"miami, us",atm,0
TXN00001263,CUST1252,2026-06-30 18:02:47,527.21,online_retail,"chicago, us",web,0
TXN00001264,CUST1053,2026-06-30 18:05:28,40.78,online_retail,"chicago, us",web,0
TXN00001265,CUST1447,2026-06-30 18:09:16,628.91,transfer,"chicago, us",web,0
TXN00001266,CUST1007,2026-06-30 18:15:51,469.63,transfer,"new york, us",atm,0
TXN00001267,CUST1294,2026-06-30 18:18:19,58.55,grocery,"houston, us",pos,0
TXN00001268,CUST1146,2026-06-30 18:24:26,200.0,cash_withdrawal,"los angeles, us",atm,0
TXN00001269,CUST1241,2026-06-30 18:32:40,48.95,dining,"new york, us",atm,0
TXN00001270,CUST1246,2026-06-30 18:38:03,52.85,dining,"houston, us",web,0
TXN00001271,CUST1226,2026-06-30 18:42:50,31.1,online_retail,"miami, us",web,0
TXN00001272,CUST1175,2026-06-30 18:47:54,69.94,grocery,"los angeles, us",web,0
TXN00001273,CUST1095,2026-06-30 18:54:50,14.96,online_retail,"los angeles, us",web,0
TXN00001274,CUST1495,2026-06-30 18:56:46,52.95,grocery,"los angeles, us",pos,0
TXN00001275,CUST1027,2026-06-30 19:03:39,497.68,transfer,"houston, us",web,0
TXN00001276,CUST1130,2026-06-30 19:09:39,108.53,online_retail,"new york, us",web,0
TXN00001277,CUST1482,2026-06-30 19:10:30,54.18,dining,"houston, us",web,0
TXN00001278,CUST1442,2026-06-30 19:15:57,39.85,grocery,"houston, us",atm,0
TXN00001279,CUST1245,2026-06-30 19:23:37,211.9,online_retail,"sydney, au",web,1
TXN00001280,CUST1059,2026-06-30 19:26:38,1050.24,travel,"new york, us",mobile,0
TXN00001281,CUST1421,2026-06-30 19:33:04,38.89,grocery,"new york, us",web,0
TXN00001282,CUST1034,2026-06-30 19:41:11,596.43,travel,"los angeles, us",web,0
TXN00001283,CUST1206,2026-06-30 19:41:49,300.0,cash_withdrawal,"miami, us",atm,0
TXN00001284,CUST1252,2026-06-30 19:46:22,200.0,cash_withdrawal,"miami, us",atm,0
TXN00001285,CUST1038,2026-06-30 19:54:36,202.15,travel,"los angeles, us",web,0
TXN00001286,CUST1296,2026-06-30 20:02:31,741.18,travel,"los angeles, us",atm,0
TXN00001287,CUST1323,2026-06-30 20:08:26,27.31,dining,"miami, us",web,0
TXN00001288,CUST1352,2026-06-30 20:11:42,101.11,online_retail,"los angeles, us",mobile,0
TXN00001289,CUST1028,2026-06-30 20:19:26,100.0,cash_withdrawal,"new york, us",atm,0
TXN00001290,CUST1078,2026-06-30 20:20:02,11.75,online_retail,"los angeles, us",web,0
TXN00001291,CUST1077,2026-06-30 20:21:08,42.56,transfer,"miami, us",mobile,0
TXN00001292,CUST1416,2026-06-30 20:24:34,848.94,travel,"miami, us",web,0
TXN00001293,CUST1289,2026-06-30 20:27:51,43.22,grocery,"miami, us",web,0
TXN00001294,CUST1486,2026-06-30 20:31:59,13.64,grocery,"new york, us",mobile,0
TXN00001295,CUST1156,2026-06-30 20:37:25,20.0,cash_withdrawal,"chicago, us",atm,0
TXN00001296,CUST1044,2026-06-30 20:37:55,147.45,online_retail,"chicago, us",mobile,0
TXN00001297,CUST1128,2026-06-30 20:41:12,65.35,grocery,"los angeles, us",mobile,0
TXN00001298,CUST1061,2026-06-30 20:44:29,33.6,grocery,"los angeles, us",web,0
TXN00001299,CUST1286,2026-06-30 20:46:08,305.05,online_retail,"miami, us",web,0
TXN00001300,CUST1392,2026-06-30 20:51:49,237.02,online_retail,"houston, us",web,0
TXN00001301,CUST1214,2026-06-30 20:56:45,39.52,dining,"houston, us",web,0
TXN00001302,CUST1311,2026-06-30 21:02:55,28.58,dining,"new york, us",mobile,0
TXN00001303,CUST1306,2026-06-30 21:03:39,26.63,online_retail,"new york, us",web,0
TXN00001304,CUST1405,2026-06-30 21:08:36,49.95,grocery,"miami, us",mobile,0
TXN00001305,CUST1317,2026-06-30 21:14:49,32.62,grocery,"houston, us",mobile,0
TXN00001306,CUST1116,2026-06-30 21:21:35,300.0,cash_withdrawal,"chicago, us",atm,0
TXN00001307,CUST1398,2026-06-30 21:23:29,308.82,transfer,"miami, us",mobile,0
TXN00001308,CUST1268,2026-06-30 21:24:49,50.5,dining,"chicago, us",atm,0
TXN00001309,CUST1195,2026-06-30 21:33:21,300.0,cash_withdrawal,"chicago, us",atm,0
TXN00001310,CUST1231,2026-06-30 21:36:22,75.63,dining,"los angeles, us",mobile,0
TXN00001311,CUST1466,2026-06-30 21:38:34,36.86,grocery,"miami, us",atm,0
TXN00001312,CUST1227,2026-06-30 21:43:20,20.0,cash_withdrawal,"los angeles, us",atm,0
TXN00001313,CUST1153,2026-06-30 21:44:28,40.75,dining,"miami, us",mobile,0
TXN00001314,CUST1441,2026-06-30 21:50:10,532.7,travel,"new york, us",atm,0
TXN00001315,CUST1302,2026-06-30 21:54:24,22.28,online_retail,"miami, us",web,0
TXN00001316,CUST1220,2026-06-30 22:00:51,352.86,online_retail,"mumbai, in",mobile,1
TXN00001317,CUST1157,2026-06-30 22:09:01,31.36,online_retail,"chicago, us",mobile,0
TXN00001318,CUST1292,2026-06-30 22:15:36,578.47,travel,"houston, us",mobile,0
TXN00001319,CUST1318,2026-06-30 22:20:43,76.97,grocery,"chicago, us",web,0
TXN00001320,CUST1031,2026-06-30 22:28:19,52.82,dining,"new york, us",pos,0
TXN00001321,CUST1313,2026-06-30 22:36:40,41.43,grocery,"miami, us",atm,0
TXN00001322,CUST1492,2026-06-30 22:42:49,300.0,cash_withdrawal,"new york, us",atm,0
TXN00001323,CUST1379,2026-06-30 22:44:46,37.5,online_retail,"houston, us",web,0
TXN00001324,CUST1051,2026-06-30 22:51:21,200.0,cash_withdrawal,"miami, us",atm,0
TXN00001325,CUST1486,2026-06-30 22:57:52,51.45,dining,"new york, us",web,0
TXN00001326,CUST1391,2026-06-30 23:04:31,26.57,online_retail,"chicago, us",web,0
TXN00001327,CUST1107,2026-06-30 23:06:36,949.84,travel,"chicago, us",mobile,0
TXN00001328,CUST1321,2026-06-30 23:09:30,300.0,cash_withdrawal,"new york, us",atm,0
TXN00001329,CUST1109,2026-06-30 23:12:40,29.63,transfer,"chicago, us",web,0
TXN00001330,CUST1136,2026-06-30 23:20:29,831.16,travel,"houston, us",web,0
TXN00001331,CUST1339,2026-06-30 23:22:55,1053.0,travel,"los angeles, us",mobile,0
TXN00001332,CUST1042,2026-06-30 23:27:22,55.37,grocery,"los angeles, us",mobile,0
TXN00001333,CUST1081,2026-06-30 23:33:20,698.32,travel,"miami, us",pos,0
TXN00001334,CUST1123,2026-06-30 23:37:06,200.0,cash_withdrawal,"chicago, us",atm,0
TXN00001335,CUST1089,2026-06-30 23:39:37,60.22,grocery,"new york, us",web,0
TXN00001336,CUST1283,2026-06-30 23:40:14,505.43,transfer,"los angeles, us",pos,0
TXN00001337,CUST1039,2026-06-30 23:40:56,100.0,cash_withdrawal,"los angeles, us",atm,0
TXN00001338,CUST1081,2026-06-30 23:44:16,60.99,dining,"new york, us",atm,0
TXN00001339,CUST1002,2026-06-30 23:47:22,466.19,travel,"chicago, us",atm,0
TXN00001340,CUST1210,2026-06-30 23:51:23,66.35,dining,"chicago, us",mobile,0
TXN00001341,CUST1231,2026-06-30 23:55:41,52.96,grocery,"chicago, us",pos,0
TXN00001342,CUST1353,2026-07-01 00:00:07,81.13,grocery,"chicago, us",web,0
TXN00001343,CUST1305,2026-07-01 00:04:46,244.22,transfer,"new york, us",mobile,0
TXN00001344,CUST1241,2026-07-01 00:12:00,26.22,dining,"houston, us",pos,0
TXN00001345,CUST1150,2026-07-01 00:13:12,200.0,cash_withdrawal,"miami, us",atm,0
TXN00001346,CUST1017,2026-07-01 00:17:22,207.29,online_retail,"los angeles, us",web,0
TXN00001347,CUST1119,2026-07-01 00:23:35,300.0,cash_withdrawal,"miami, us",atm,0
TXN00001348,CUST1148,2026-07-01 00:28:17,26.97,dining,"chicago, us",web,0
TXN00001349,CUST1362,2026-07-01 00:34:14,636.21,transfer,"new york, us",pos,0
TXN00001350,CUST1145,2026-07-01 00:41:26,94.24,transfer,"new york, us",pos,0
TXN00001351,CUST1360,2026-07-01 00:46:08,42.74,grocery,"los angeles, us",pos,0
TXN00001352,CUST1441,2026-07-01 00:53:58,60.0,cash_withdrawal,"miami, us",atm,0
TXN00001353,CUST1233,2026-07-01 00:56:37,1137.23,transfer,"new york, us",atm,0
TXN00001354,CUST1037,2026-07-01 01:00:38,34.53,grocery,"new york, us",mobile,0
TXN00001355,CUST1352,2026-07-01 01:06:05,100.0,cash_withdrawal,"miami, us",atm,0
TXN00001356,CUST1120,2026-07-01 01:09:23,243.88,online_retail,"miami, us",web,0
TXN00001357,CUST1474,2026-07-01 01:16:22,42.06,grocery,"los angeles, us",mobile,0
TXN00001358,CUST1136,2026-07-01 01:22:16,49.63,grocery,"houston, us",web,0
TXN00001359,CUST1404,2026-07-01 01:30:30,263.15,transfer,"chicago, us",web,0
TXN00001360,CUST1406,2026-07-01 01:36:34,1135.57,travel,"new york, us",mobile,0
TXN00001361,CUST1321,2026-07-01 01:43:38,200.0,cash_withdrawal,"houston, us",atm,0
TXN00001362,CUST1302,2026-07-01 01:52:08,21.34,dining,"houston, us",mobile,0
TXN00001363,CUST1339,2026-07-01 02:00:19,100.0,cash_withdrawal,"miami, us",atm,0
TXN00001364,CUST1412,2026-07-01 02:08:01,20.0,cash_withdrawal,"new york, us",atm,0
TXN00001365,CUST1479,2026-07-01 02:08:44,61.3,grocery,"new york, us",mobile,0
TXN00001366,CUST1102,2026-07-01 02:10:30,17.44,dining,"houston, us",mobile,0
TXN00001367,CUST1218,2026-07-01 02:18:16,200.0,cash_withdrawal,"new york, us",atm,0
TXN00001368,CUST1059,2026-07-01 02:25:58,741.07,travel,"chicago, us",atm,0
TXN00001369,CUST1279,2026-07-01 02:30:02,474.44,travel,"chicago, us",pos,0
TXN00001370,CUST1116,2026-07-01 02:30:56,20.0,cash_withdrawal,"houston, us",atm,0
TXN00001371,CUST1332,2026-07-01 02:31:47,300.0,cash_withdrawal,"los angeles, us",atm,0
TXN00001372,CUST1077,2026-07-01 02:35:17,60.0,cash_withdrawal,"los angeles, us",atm,0
TXN00001373,CUST1466,2026-07-01 02:43:06,14.67,online_retail,"chicago, us",web,0
TXN00001374,CUST1137,2026-07-01 02:44:47,300.0,cash_withdrawal,"miami, us",atm,0
TXN00001375,CUST1424,2026-07-01 02:47:24,60.0,cash_withdrawal,"los angeles, us",atm,0
TXN00001376,CUST1073,2026-07-01 02:55:44,100.0,cash_withdrawal,"chicago, us",atm,0
TXN00001377,CUST1037,2026-07-01 03:04:03,40.0,cash_withdrawal,"houston, us",atm,0
TXN00001378,CUST1031,2026-07-01 03:04:52,109.39,transfer,"los angeles, us",web,0
TXN00001379,CUST1085,2026-07-01 03:05:57,40.0,cash_withdrawal,"new york, us",atm,0
TXN00001380,CUST1406,2026-07-01 03:07:31,44.23,dining,"chicago, us",pos,0
TXN00001381,CUST1158,2026-07-01 03:10:02,103.16,online_retail,"chicago, us",web,0
TXN00001382,CUST1305,2026-07-01 03:11:09,628.11,transfer,"chicago, us",web,0
TXN00001383,CUST1384,2026-07-01 03:17:15,833.22,travel,"new york, us",pos,0
TXN00001384,CUST1423,2026-07-01 03:18:40,57.46,dining,"los angeles, us",atm,0
TXN00001385,CUST1292,2026-07-01 03:23:04,133.92,travel,"houston, us",mobile,0
TXN00001386,CUST1472,2026-07-01 03:24:31,79.55,online_retail,"new york, us",web,0
TXN00001387,CUST1148,2026-07-01 03:32:08,669.11,online_retail,"new york, us",web,0
TXN00001388,CUST1225,2026-07-01 03:34:02,16.14,online_retail,"miami, us",web,0
TXN00001389,CUST1064,2026-07-01 03:38:38,374.6,travel,"miami, us",mobile,0
TXN00001390,CUST1240,2026-07-01 03:46:55,312.65,online_retail,"houston, us",web,0
TXN00001391,CUST1353,2026-07-01 03:52:26,139.65,online_retail,"chicago, us",web,0
TXN00001392,CUST1156,2026-07-01 03:52:47,75.26,grocery,"los angeles, us",pos,0
TXN00001393,CUST1359,2026-07-01 03:55:27,30.82,dining,"new york, us",atm,0
TXN00001394,CUST1207,2026-07-01 03:59:10,66.18,grocery,"houston, us",mobile,0
TXN00001395,CUST1483,2026-07-01 04:07:36,590.37,travel,"houston, us",web,0
TXN00001396,CUST1140,2026-07-01 04:13:35,60.0,cash_withdrawal,"chicago, us",atm,0
TXN00001397,CUST1257,2026-07-01 04:18:22,356.44,online_retail,"new york, us",web,0
TXN00001398,CUST1277,2026-07-01 04:26:29,20.0,cash_withdrawal,"miami, us",atm,0
TXN00001399,CUST1253,2026-07-01 04:27:46,25.51,grocery,"chicago, us",pos,0
TXN00001400,CUST1225,2026-07-01 04:31:58,289.2,transfer,"miami, us",web,0
TXN00001401,CUST1042,2026-07-01 04:35:05,41.41,grocery,"los angeles, us",pos,0
TXN00001402,CUST1307,2026-07-01 04:38:50,375.18,online_retail,"new york, us",web,0
TXN00001403,CUST1021,2026-07-01 04:42:47,733.21,travel,"new york, us",mobile,0
TXN00001404,CUST1456,2026-07-01 04:49:14,200.0,cash_withdrawal,"new york, us",atm,0
TXN00001405,CUST1222,2026-07-01 04:54:54,14.92,dining,"miami, us",web,0
TXN00001406,CUST1377,2026-07-01 04:55:14,319.54,transfer,"houston, us",pos,0
TXN00001407,CUST1166,2026-07-01 04:57:53,40.62,grocery,"houston, us",atm,0
TXN00001408,CUST1310,2026-07-01 04:59:39,100.0,cash_withdrawal,"chicago, us",atm,0
TXN00001409,CUST1129,2026-07-01 05:00:21,397.45,transfer,"miami, us",atm,0
TXN00001410,CUST1014,2026-07-01 05:00:42,60.0,cash_withdrawal,"los angeles, us",atm,0
TXN00001411,CUST1047,2026-07-01 05:08:18,47.92,dining,"miami, us",atm,0
TXN00001412,CUST1118,2026-07-01 05:15:18,40.0,cash_withdrawal,"los angeles, us",atm,0
TXN00001413,CUST1493,2026-07-01 05:17:26,369.59,online_retail,"chicago, us",web,0
TXN00001414,CUST1346,2026-07-01 05:24:43,28.99,dining,"miami, us",web,0
TXN00001415,CUST1429,2026-07-01 05:32:58,39.93,grocery,"new york, us",web,0
TXN00001416,CUST1441,2026-07-01 05:37:34,49.62,grocery,"chicago, us",web,0
TXN00001417,CUST1295,2026-07-01 05:43:14,893.18,travel,"houston, us",mobile,0
TXN00001418,CUST1301,2026-07-01 05:46:15,105.2,transfer,"new york, us",atm,0
TXN00001419,CUST1487,2026-07-01 05:49:55,633.8,transfer,"new york, us",atm,0
TXN00001420,CUST1011,2026-07-01 05:55:01,98.4,online_retail,"houston, us",web,0
TXN00001421,CUST1392,2026-07-01 05:58:06,1.0,dining,"miami, us",web,0
TXN00001422,CUST1345,2026-07-01 06:03:51,53.53,grocery,"chicago, us",pos,0
TXN00001423,CUST1421,2026-07-01 06:09:31,40.0,cash_withdrawal,"miami, us",atm,0
TXN00001424,CUST1138,2026-07-01 06:16:23,16.89,dining,"new york, us",pos,0
TXN00001425,CUST1296,2026-07-01 06:19:20,168.82,transfer,"new york, us",web,0
TXN00001426,CUST1021,2026-07-01 06:23:38,200.0,cash_withdrawal,"houston, us",atm,0
TXN00001427,CUST1391,2026-07-01 06:28:51,40.0,cash_withdrawal,"houston, us",atm,0
TXN00001428,CUST1388,2026-07-01 06:34:41,46.38,dining,"miami, us",web,0
TXN00001429,CUST1090,2026-07-01 06:40:47,14.11,dining,"new york, us",atm,0
TXN00001430,CUST1241,2026-07-01 06:45:28,63.22,dining,"houston, us",mobile,0
TXN00001431,CUST1266,2026-07-01 06:52:49,42.98,grocery,"new york, us",atm,0
TXN00001432,CUST1334,2026-07-01 06:57:39,535.09,online_retail,"los angeles, us",web,0
TXN00001433,CUST1227,2026-07-01 07:01:36,46.93,dining,"miami, us",pos,0
TXN00001434,CUST1470,2026-07-01 07:05:40,100.71,online_retail,"chicago, us",web,0
TXN00001435,CUST1143,2026-07-01 07:08:25,619.21,travel,"miami, us",web,0
TXN00001436,CUST1093,2026-07-01 07:13:25,14.34,dining,"miami, us",pos,0
TXN00001437,CUST1300,2026-07-01 07:14:42,71.65,online_retail,"new york, us",web,0
TXN00001438,CUST1224,2026-07-01 07:22:31,46.11,grocery,"new york, us",mobile,0
TXN00001439,CUST1326,2026-07-01 07:29:25,100.0,cash_withdrawal,"miami, us",atm,0
TXN00001440,CUST1417,2026-07-01 07:32:11,908.42,travel,"new york, us",mobile,0
TXN00001441,CUST1252,2026-07-01 07:33:48,762.23,travel,"miami, us",web,0
TXN00001442,CUST1497,2026-07-01 07:40:42,388.05,transfer,"los angeles, us",pos,0
TXN00001443,CUST1047,2026-07-01 07:43:05,37.42,online_retail,"new york, us",web,0
TXN00001444,CUST1241,2026-07-01 07:45:11,37.52,online_retail,"miami, us",mobile,0
TXN00001445,CUST1179,2026-07-01 07:49:28,31.21,transfer,"miami, us",mobile,0
TXN00001446,CUST1210,2026-07-01 07:52:48,12.16,dining,"new york, us",atm,0
TXN00001447,CUST1171,2026-07-01 08:01:15,62.71,grocery,"miami, us",web,0
TXN00001448,CUST1165,2026-07-01 08:03:52,905.63,travel,"houston, us",web,0
TXN00001449,CUST1344,2026-07-01 08:10:36,64.29,dining,"los angeles, us",pos,0
TXN00001450,CUST1054,2026-07-01 08:17:58,577.62,travel,"houston, us",atm,0
TXN00001451,CUST1440,2026-07-01 08:18:32,690.66,travel,"los angeles, us",mobile,0
TXN00001452,CUST1083,2026-07-01 08:19:57,924.68,travel,"los angeles, us",atm,0
TXN00001453,CUST1169,2026-07-01 08:23:07,524.17,travel,"los angeles, us",web,0
TXN00001454,CUST1211,2026-07-01 08:25:42,20.0,cash_withdrawal,"houston, us",atm,0
TXN00001455,CUST1356,2026-07-01 08:29:45,694.93,travel,"houston, us",mobile,0
TXN00001456,CUST1254,2026-07-01 08:38:04,300.0,cash_withdrawal,"miami, us",atm,0
TXN00001457,CUST1148,2026-07-01 08:39:39,33.46,dining,"new york, us",atm,0
TXN00001458,CUST1340,2026-07-01 08:45:05,37.63,transfer,"miami, us",pos,0
TXN00001459,CUST1484,2026-07-01 08:53:08,41.74,grocery,"los angeles, us",web,0
TXN00001460,CUST1206,2026-07-01 08:54:40,123.63,online_retail,"los angeles, us",mobile,0
TXN00001461,CUST1417,2026-07-01 09:00:54,48.04,grocery,"los angeles, us",pos,0
TXN00001462,CUST1390,2026-07-01 09:05:38,341.26,travel,"new york, us",atm,0
TXN00001463,CUST1282,2026-07-01 09:08:14,417.43,online_retail,"houston, us",web,0
TXN00001464,CUST1019,2026-07-01 09:09:57,51.18,grocery,"new york, us",mobile,0
TXN00001465,CUST1233,2026-07-01 09:18:25,16.37,online_retail,"houston, us",web,0
TXN00001466,CUST1046,2026-07-01 09:20:04,100.45,travel,"los angeles, us",pos,0
TXN00001467,CUST1162,2026-07-01 09:27:23,634.84,travel,"miami, us",pos,0
TXN00001468,CUST1130,2026-07-01 09:33:35,56.79,grocery,"los angeles, us",atm,0
TXN00001469,CUST1166,2026-07-01 09:39:39,627.3,transfer,"miami, us",pos,0
TXN00001470,CUST1060,2026-07-01 09:47:32,20.0,cash_withdrawal,"los angeles, us",atm,0
TXN00001471,CUST1497,2026-07-01 09:53:23,59.96,dining,"new york, us",web,0
TXN00001472,CUST1396,2026-07-01 10:00:19,1.0,dining,"miami, us",mobile,0
TXN00001473,CUST1207,2026-07-01 10:01:47,110.66,online_retail,"houston, us",mobile,0
TXN00001474,CUST1443,2026-07-01 10:03:19,174.88,online_retail,"los angeles, us",mobile,0
TXN00001475,CUST1264,2026-07-01 10:05:30,62.16,dining,"new york, us",atm,0
TXN00001476,CUST1423,2026-07-01 10:06:39,43.82,online_retail,"los angeles, us",mobile,0
TXN00001477,CUST1001,2026-07-01 10:07:10,340.02,travel,"miami, us",web,0
TXN00001478,CUST1337,2026-07-01 10:15:48,177.87,online_retail,"new york, us",web,0
TXN00001479,CUST1446,2026-07-01 10:18:40,444.06,travel,"miami, us",web,0
TXN00001480,CUST1278,2026-07-01 10:23:44,78.71,grocery,"chicago, us",atm,0
TXN00001481,CUST1237,2026-07-01 10:24:58,60.0,cash_withdrawal,"houston, us",atm,0
TXN00001482,CUST1212,2026-07-01 10:28:53,627.81,transfer,"miami, us",atm,0
TXN00001483,CUST1028,2026-07-01 10:31:16,736.8,travel,"los angeles, us",web,0
TXN00001484,CUST1097,2026-07-01 10:34:35,40.0,cash_withdrawal,"miami, us",atm,0
TXN00001485,CUST1266,2026-07-01 10:36:19,21.66,dining,"houston, us",mobile,0
TXN00001486,CUST1186,2026-07-01 10:38:14,100.0,cash_withdrawal,"new york, us",atm,0
TXN00001487,CUST1319,2026-07-01 10:43:11,566.26,transfer,"miami, us",atm,0
TXN00001488,CUST1388,2026-07-01 10:49:23,444.01,online_retail,"houston, us",mobile,0
TXN00001489,CUST1256,2026-07-01 10:49:50,592.28,travel,"houston, us",web,0
TXN00001490,CUST1321,2026-07-01 10:55:40,40.0,cash_withdrawal,"new york, us",atm,0
TXN00001491,CUST1227,2026-07-01 10:58:32,154.29,online_retail,"houston, us",web,0
TXN00001492,CUST1390,2026-07-01 11:07:02,80.05,grocery,"los angeles, us",web,0
TXN00001493,CUST1027,2026-07-01 11:10:08,44.02,dining,"los angeles, us",mobile,0
TXN00001494,CUST1105,2026-07-01 11:11:33,29.26,transfer,"chicago, us",mobile,0
TXN00001495,CUST1137,2026-07-01 11:14:53,100.0,cash_withdrawal,"new york, us",atm,0
TXN00001496,CUST1282,2026-07-01 11:18:52,862.66,travel,"miami, us",web,0
TXN00001497,CUST1068,2026-07-01 11:23:38,300.0,cash_withdrawal,"los angeles, us",atm,0
TXN00001498,CUST1475,2026-07-01 11:32:07,40.0,cash_withdrawal,"chicago, us",atm,0
TXN00001499,CUST1148,2026-07-01 11:33:40,649.39,travel,"miami, us",mobile,0
TXN00001500,CUST1225,2026-07-01 11:38:23,300.0,cash_withdrawal,"chicago, us",atm,0
TXN00001501,CUST1451,2026-07-01 11:41:07,200.0,cash_withdrawal,"miami, us",atm,0
TXN00001502,CUST1358,2026-07-01 11:42:19,20.0,cash_withdrawal,"los angeles, us",atm,0
TXN00001503,CUST1249,2026-07-01 11:50:20,179.29,online_retail,"chicago, us",web,0
TXN00001504,CUST1063,2026-07-01 11:50:42,92.88,transfer,"los angeles, us",atm,0
TXN00001505,CUST1015,2026-07-01 11:54:19,300.0,cash_withdrawal,"chicago, us",atm,0
TXN00001506,CUST1499,2026-07-01 12:02:25,48.98,dining,"los angeles, us",pos,0
TXN00001507,CUST1323,2026-07-01 12:06:50,18.21,dining,"miami, us",mobile,0
TXN00001508,CUST1312,2026-07-01 12:13:33,72.62,dining,"chicago, us",atm,0
TXN00001509,CUST1410,2026-07-01 12:14:57,100.0,cash_withdrawal,"new york, us",atm,0
TXN00001510,CUST1123,2026-07-01 12:23:12,407.09,travel,"new york, us",pos,0
TXN00001511,CUST1364,2026-07-01 12:27:16,54.45,grocery,"miami, us",atm,0
TXN00001512,CUST1082,2026-07-01 12:35:21,851.29,travel,"los angeles, us",web,0
TXN00001513,CUST1160,2026-07-01 12:38:14,100.0,cash_withdrawal,"chicago, us",atm,0
TXN00001514,CUST1283,2026-07-01 12:39:43,238.75,online_retail,"miami, us",web,0
TXN00001515,CUST1008,2026-07-01 12:39:55,271.12,transfer,"houston, us",atm,0
TXN00001516,CUST1283,2026-07-01 12:48:21,536.9,travel,"houston, us",web,0
TXN00001517,CUST1209,2026-07-01 12:54:49,100.0,cash_withdrawal,"miami, us",atm,0
TXN00001518,CUST1048,2026-07-01 12:59:38,58.47,grocery,"los angeles, us",pos,0
TXN00001519,CUST1116,2026-07-01 13:08:07,55.33,grocery,"houston, us",mobile,0
TXN00001520,CUST1431,2026-07-01 13:12:36,60.0,cash_withdrawal,"miami, us",atm,0
TXN00001521,CUST1468,2026-07-01 02:15:35,4126.91,cash_withdrawal,"chicago, us",atm,1
TXN00001522,CUST1059,2026-07-01 13:21:16,69.41,online_retail,"chicago, us",mobile,0
TXN00001523,CUST1237,2026-07-01 13:27:27,60.0,cash_withdrawal,"houston, us",atm,0
TXN00001524,CUST1485,2026-07-01 13:30:08,175.21,online_retail,"new york, us",web,0
TXN00001525,CUST1061,2026-07-01 13:34:20,40.0,cash_withdrawal,"chicago, us",atm,0
TXN00001526,CUST1332,2026-07-01 13:42:08,51.95,dining,"chicago, us",web,0
TXN00001527,CUST1427,2026-07-01 13:44:46,775.29,travel,"houston, us",atm,0
TXN00001528,CUST1079,2026-07-01 13:53:12,34.05,dining,"miami, us",pos,0
TXN00001529,CUST1256,2026-07-01 14:01:25,70.64,grocery,"los angeles, us",pos,0
TXN00001530,CUST1478,2026-07-01 14:08:01,47.75,grocery,"los angeles, us",mobile,0
TXN00001531,CUST1367,2026-07-01 14:16:33,51.88,grocery,"chicago, us",mobile,0
TXN00001532,CUST1150,2026-07-01 14:25:11,36.54,dining,"los angeles, us",pos,0
TXN00001533,CUST1261,2026-07-01 14:30:14,603.89,travel,"los angeles, us",pos,0
TXN00001534,CUST1362,2026-07-01 14:36:05,40.0,cash_withdrawal,"houston, us",atm,0
TXN00001535,CUST1140,2026-07-01 14:37:30,33.56,grocery,"los angeles, us",pos,0
TXN00001536,CUST1213,2026-07-01 14:44:29,171.34,transfer,"chicago, us",mobile,0
TXN00001537,CUST1428,2026-07-01 14:49:28,20.0,cash_withdrawal,"miami, us",atm,0
TXN00001538,CUST1248,2026-07-01 14:55:51,11.2,dining,"chicago, us",mobile,0
TXN00001539,CUST1242,2026-07-01 15:03:45,378.71,travel,"miami, us",pos,0
TXN00001540,CUST1125,2026-07-01 15:11:47,60.0,cash_withdrawal,"new york, us",atm,0
TXN00001541,CUST1234,2026-07-01 15:15:43,988.14,travel,"chicago, us",pos,0
TXN00001542,CUST1283,2026-07-01 15:18:46,26.71,grocery,"chicago, us",mobile,0
TXN00001543,CUST1075,2026-07-01 15:24:48,200.0,cash_withdrawal,"new york, us",atm,0
TXN00001544,CUST1197,2026-07-01 15:25:55,80.08,online_retail,"houston, us",mobile,0
TXN00001545,CUST1098,2026-07-01 15:32:19,45.45,grocery,"miami, us",pos,0
TXN00001546,CUST1472,2026-07-01 15:36:34,72.84,dining,"new york, us",mobile,0
TXN00001547,CUST1307,2026-07-01 15:44:24,65.15,grocery,"houston, us",pos,0
TXN00001548,CUST1261,2026-07-01 15:44:54,26.24,dining,"houston, us",mobile,0
TXN00001549,CUST1383,2026-07-01 15:46:15,85.05,dining,"los angeles, us",mobile,0
TXN00001550,CUST1451,2026-07-01 15:52:12,64.73,grocery,"chicago, us",web,0
TXN00001551,CUST1070,2026-07-01 15:57:04,518.79,travel,"miami, us",mobile,0
TXN00001552,CUST1443,2026-07-01 15:58:13,1.0,travel,"houston, us",pos,0
TXN00001553,CUST1036,2026-07-01 16:01:00,60.0,cash_withdrawal,"los angeles, us",atm,0
TXN00001554,CUST1142,2026-07-01 16:01:22,27.79,transfer,"new york, us",pos,0
TXN00001555,CUST1396,2026-07-01 16:04:57,72.61,online_retail,"new york, us",mobile,0
TXN00001556,CUST1405,2026-07-01 16:10:23,1172.74,travel,"miami, us",mobile,0
TXN00001557,CUST1438,2026-07-01 16:17:43,100.0,cash_withdrawal,"miami, us",atm,0
TXN00001558,CUST1213,2026-07-01 16:19:45,163.51,transfer,"los angeles, us",atm,0
TXN00001559,CUST1175,2026-07-01 16:23:43,354.43,online_retail,"paris, fr",mobile,1
TXN00001560,CUST1479,2026-07-01 16:26:55,65.34,grocery,"chicago, us",atm,0
TXN00001561,CUST1404,2026-07-01 16:27:52,88.8,dining,"miami, us",atm,0
TXN00001562,CUST1260,2026-07-01 16:30:49,946.07,travel,"miami, us",atm,0
TXN00001563,CUST1137,2026-07-01 16:31:27,58.46,grocery,"los angeles, us",atm,0
TXN00001564,CUST1421,2026-07-01 16:36:48,60.0,cash_withdrawal,"chicago, us",atm,0
TXN00001565,CUST1002,2026-07-01 16:42:26,51.9,dining,"miami, us",atm,0
TXN00001566,CUST1145,2026-07-01 16:44:15,57.07,dining,"miami, us",pos,0
TXN00001567,CUST1372,2026-07-01 16:49:23,61.38,grocery,"chicago, us",mobile,0
TXN00001568,CUST1153,2026-07-01 16:54:02,103.71,transfer,"houston, us",pos,0
TXN00001569,CUST1429,2026-07-01 16:56:05,402.67,online_retail,"new york, us",web,0
TXN00001570,CUST1301,2026-07-01 17:02:55,45.62,dining,"chicago, us",web,0
TXN00001571,CUST1297,2026-07-01 17:11:04,38.69,grocery,"new york, us",web,0
TXN00001572,CUST1338,2026-07-01 17:17:46,109.79,online_retail,"chicago, us",mobile,0
TXN00001573,CUST1251,2026-07-01 17:20:18,54.51,online_retail,"chicago, us",mobile,0
TXN00001574,CUST1444,2026-07-01 17:22:08,40.0,cash_withdrawal,"houston, us",atm,0
TXN00001575,CUST1077,2026-07-01 17:22:29,45.79,grocery,"new york, us",pos,0
TXN00001576,CUST1229,2026-07-01 17:23:21,200.0,cash_withdrawal,"miami, us",atm,0
TXN00001577,CUST1276,2026-07-01 17:28:06,200.0,cash_withdrawal,"houston, us",atm,0
TXN00001578,CUST1248,2026-07-01 17:35:30,120.59,transfer,"los angeles, us",atm,0
TXN00001579,CUST1177,2026-07-01 17:39:28,130.14,transfer,"houston, us",pos,0
TXN00001580,CUST1171,2026-07-01 17:45:24,52.7,grocery,"new york, us",web,0
TXN00001581,CUST1283,2026-07-01 17:51:17,300.0,cash_withdrawal,"los angeles, us",atm,0
TXN00001582,CUST1391,2026-07-01 17:59:37,67.84,dining,"los angeles, us",mobile,0
TXN00001583,CUST1279,2026-07-01 18:00:31,63.77,grocery,"miami, us",mobile,0
TXN00001584,CUST1194,2026-07-01 18:09:00,26.44,grocery,"new york, us",web,0
TXN00001585,CUST1234,2026-07-01 18:13:32,35.16,grocery,"new york, us",pos,0
TXN00001586,CUST1478,2026-07-01 18:17:03,90.05,online_retail,"houston, us",web,0
TXN00001587,CUST1165,2026-07-01 18:18:52,40.0,cash_withdrawal,"houston, us",atm,0
TXN00001588,CUST1446,2026-07-01 18:23:13,64.11,grocery,"los angeles, us",atm,0
TXN00001589,CUST1097,2026-07-01 18:26:05,40.0,cash_withdrawal,"houston, us",atm,0
TXN00001590,CUST1358,2026-07-01 18:31:23,58.99,transfer,"new york, us",atm,0
TXN00001591,CUST1123,2026-07-01 18:36:42,58.25,grocery,"chicago, us",atm,0
TXN00001592,CUST1293,2026-07-01 18:41:13,20.63,dining,"chicago, us",pos,0
TXN00001593,CUST1197,2026-07-01 18:49:26,626.34,travel,"los angeles, us",mobile,0
TXN00001594,CUST1120,2026-07-01 18:50:04,20.0,cash_withdrawal,"miami, us",atm,0
TXN00001595,CUST1439,2026-07-01 18:57:59,390.38,transfer,"houston, us",atm,0
TXN00001596,CUST1398,2026-07-01 19:03:50,40.0,cash_withdrawal,"new york, us",atm,0
TXN00001597,CUST1211,2026-07-01 19:07:04,40.0,cash_withdrawal,"houston, us",atm,0
TXN00001598,CUST1023,2026-07-01 19:10:37,53.91,transfer,"houston, us",web,0
TXN00001599,CUST1163,2026-07-01 19:12:02,271.32,transfer,"los angeles, us",web,0
TXN00001600,CUST1382,2026-07-01 19:18:18,108.94,transfer,"los angeles, us",web,0
TXN00001601,CUST1243,2026-07-01 19:25:45,504.23,online_retail,"chicago, us",web,0
TXN00001602,CUST1362,2026-07-01 19:29:33,200.0,cash_withdrawal,"miami, us",atm,0
TXN00001603,CUST1468,2026-07-01 19:32:52,266.49,travel,"los angeles, us",mobile,0
TXN00001604,CUST1416,2026-07-01 19:36:19,67.95,dining,"miami, us",mobile,0
TXN00001605,CUST1196,2026-07-01 19:39:39,48.87,grocery,"miami, us",web,0
TXN00001606,CUST1198,2026-07-01 19:39:55,41.32,grocery,"chicago, us",pos,0
TXN00001607,CUST1340,2026-07-01 19:42:30,50.96,grocery,"miami, us",web,0
TXN00001608,CUST1406,2026-07-01 19:45:36,49.44,dining,"chicago, us",atm,0
TXN00001609,CUST1421,2026-07-01 19:48:45,296.1,transfer,"houston, us",atm,0
TXN00001610,CUST1334,2026-07-01 19:51:32,634.8,travel,"chicago, us",web,0
TXN00001611,CUST1078,2026-07-01 20:00:02,60.0,cash_withdrawal,"chicago, us",atm,0
TXN00001612,CUST1254,2026-07-01 20:04:00,100.0,cash_withdrawal,"miami, us",atm,0
TXN00001613,CUST1494,2026-07-01 20:11:37,266.55,online_retail,"los angeles, us",mobile,0
TXN00001614,CUST1019,2026-07-01 20:16:34,100.0,cash_withdrawal,"new york, us",atm,0
TXN00001615,CUST1065,2026-07-01 20:17:28,45.74,grocery,"houston, us",mobile,0
TXN00001616,CUST1258,2026-07-01 20:19:28,48.02,dining,"los angeles, us",atm,0
TXN00001617,CUST1495,2026-07-01 20:25:50,724.91,travel,"new york, us",web,0
TXN00001618,CUST1303,2026-07-01 20:33:34,14.07,dining,"los angeles, us",web,0
TXN00001619,CUST1170,2026-07-01 20:37:31,89.41,online_retail,"new york, us",web,0
TXN00001620,CUST1446,2026-07-01 20:44:00,289.03,travel,"new york, us",web,0
TXN00001621,CUST1052,2026-07-01 20:52:38,237.48,online_retail,"chicago, us",mobile,0
TXN00001622,CUST1448,2026-07-01 20:56:20,116.39,transfer,"houston, us",atm,0
TXN00001623,CUST1433,2026-07-01 21:03:21,39.61,grocery,"chicago, us",pos,0
TXN00001624,CUST1226,2026-07-01 21:07:17,538.83,transfer,"miami, us",atm,0
TXN00001625,CUST1052,2026-07-01 21:09:54,92.68,online_retail,"los angeles, us",web,0
TXN00001626,CUST1270,2026-07-01 21:11:27,26.53,dining,"los angeles, us",atm,0
TXN00001627,CUST1467,2026-07-01 21:18:29,200.0,cash_withdrawal,"chicago, us",atm,0
TXN00001628,CUST1234,2026-07-01 21:24:51,156.67,online_retail,"chicago, us",web,0
TXN00001629,CUST1008,2026-07-01 21:33:17,200.32,transfer,"miami, us",mobile,0
TXN00001630,CUST1370,2026-07-01 21:41:06,54.18,grocery,"miami, us",web,0
TXN00001631,CUST1074,2026-07-01 21:44:53,285.01,transfer,"miami, us",pos,0
TXN00001632,CUST1210,2026-07-01 21:51:16,37.59,online_retail,"chicago, us",web,0
TXN00001633,CUST1446,2026-07-01 21:59:04,420.54,transfer,"miami, us",web,0
TXN00001634,CUST1336,2026-07-01 22:02:46,44.69,grocery,"new york, us",atm,0
TXN00001635,CUST1497,2026-07-01 22:04:07,25.09,online_retail,"los angeles, us",mobile,0
TXN00001636,CUST1080,2026-07-01 22:11:24,13.59,online_retail,"los angeles, us",mobile,0
TXN00001637,CUST1039,2026-07-01 22:16:34,56.8,grocery,"los angeles, us",mobile,0
TXN00001638,CUST1241,2026-07-01 22:21:50,164.07,online_retail,"houston, us",mobile,0
TXN00001639,CUST1401,2026-07-01 22:22:44,300.26,transfer,"los angeles, us",mobile,0
TXN00001640,CUST1497,2026-07-01 22:24:07,257.36,transfer,"new york, us",mobile,0
TXN00001641,CUST1136,2026-07-01 22:26:03,460.63,travel,"new york, us",web,0
TXN00001642,CUST1174,2026-07-01 22:28:48,145.39,online_retail,"new york, us",web,0
TXN00001643,CUST1320,2026-07-01 22:33:01,226.01,transfer,"chicago, us",atm,0
TXN00001644,CUST1355,2026-07-01 22:41:37,29.45,grocery,"miami, us",web,0
TXN00001645,CUST1204,2026-07-01 22:49:11,40.0,cash_withdrawal,"houston, us",atm,0
TXN00001646,CUST1333,2026-07-01 22:53:49,37.94,grocery,"miami, us",mobile,0
TXN00001647,CUST1042,2026-07-01 23:02:24,1009.78,travel,"chicago, us",mobile,0
TXN00001648,CUST1437,2026-07-01 23:05:25,73.55,dining,"los angeles, us",mobile,0
TXN00001649,CUST1169,2026-07-01 23:06:08,186.86,online_retail,"miami, us",mobile,0
TXN00001650,CUST1437,2026-07-01 23:14:15,41.7,grocery,"chicago, us",mobile,0
TXN00001651,CUST1346,2026-07-01 23:22:36,46.05,dining,"los angeles, us",web,0
TXN00001652,CUST1440,2026-07-01 23:27:48,466.46,travel,"los angeles, us",mobile,0
TXN00001653,CUST1274,2026-07-01 23:34:25,40.0,cash_withdrawal,"chicago, us",atm,0
TXN00001654,CUST1195,2026-07-01 23:37:47,7.54,dining,"houston, us",mobile,0
TXN00001655,CUST1489,2026-07-01 23:38:42,44.83,transfer,"new york, us",web,0
TXN00001656,CUST1163,2026-07-01 23:38:55,200.0,cash_withdrawal,"chicago, us",atm,0
TXN00001657,CUST1321,2026-07-01 23:42:34,46.87,transfer,"miami, us",atm,0
TXN00001658,CUST1368,2026-07-01 23:48:11,346.92,online_retail,"los angeles, us",mobile,0
TXN00001659,CUST1455,2026-07-01 23:56:09,51.27,dining,"los angeles, us",atm,0
TXN00001660,CUST1389,2026-07-01 23:58:38,60.0,cash_withdrawal,"miami, us",atm,0
TXN00001661,CUST1250,2026-07-02 00:02:20,28.37,dining,"los angeles, us",web,0
TXN00001662,CUST1447,2026-07-02 00:03:59,19.7,dining,"new york, us",web,0
TXN00001663,CUST1278,2026-07-02 00:08:53,437.68,travel,"new york, us",atm,0
TXN00001664,CUST1019,2026-07-02 00:12:59,40.0,cash_withdrawal,"houston, us",atm,0
TXN00001665,CUST1317,2026-07-02 00:19:12,294.01,travel,"chicago, us",mobile,0
TXN00001666,CUST1036,2026-07-02 00:24:12,20.0,cash_withdrawal,"houston, us",atm,0
TXN00001667,CUST1121,2026-07-02 00:30:48,20.79,online_retail,"houston, us",mobile,0
TXN00001668,CUST1324,2026-07-02 00:38:46,119.8,online_retail,"houston, us",web,0
TXN00001669,CUST1351,2026-07-02 00:40:06,44.68,dining,"miami, us",mobile,0
TXN00001670,CUST1472,2026-07-02 00:41:58,8.88,dining,"los angeles, us",mobile,0
TXN00001671,CUST1148,2026-07-02 00:43:43,656.28,transfer,"chicago, us",mobile,0
TXN00001672,CUST1117,2026-07-02 00:50:59,167.85,online_retail,"new york, us",mobile,0
TXN00001673,CUST1383,2026-07-02 00:54:24,101.57,travel,"houston, us",atm,0
TXN00001674,CUST1047,2026-07-02 00:57:02,47.48,dining,"miami, us",mobile,0
TXN00001675,CUST1223,2026-07-02 01:01:55,300.0,cash_withdrawal,"chicago, us",atm,0
TXN00001676,CUST1051,2026-07-02 01:06:16,906.92,travel,"los angeles, us",web,0
TXN00001677,CUST1390,2026-07-02 01:06:47,780.92,online_retail,"los angeles, us",mobile,0
TXN00001678,CUST1325,2026-07-02 01:13:58,172.64,online_retail,"new york, us",web,0
TXN00001679,CUST1361,2026-07-02 01:21:11,132.39,online_retail,"miami, us",web,0
TXN00001680,CUST1447,2026-07-02 01:23:55,206.76,online_retail,"houston, us",web,0
TXN00001681,CUST1052,2026-07-02 01:31:12,297.59,travel,"chicago, us",mobile,0
TXN00001682,CUST1228,2026-07-02 01:36:21,423.75,travel,"miami, us",mobile,0
TXN00001683,CUST1086,2026-07-02 01:39:06,20.0,cash_withdrawal,"chicago, us",atm,0
TXN00001684,CUST1356,2026-07-02 01:43:28,49.16,grocery,"miami, us",mobile,0
TXN00001685,CUST1154,2026-07-02 01:48:24,133.93,online_retail,"chicago, us",web,0
TXN00001686,CUST1463,2026-07-02 01:54:52,35.14,grocery,"miami, us",mobile,0
TXN00001687,CUST1015,2026-07-02 01:58:59,125.12,online_retail,"los angeles, us",web,0
TXN00001688,CUST1024,2026-07-02 02:01:03,59.44,grocery,"chicago, us",mobile,0
TXN00001689,CUST1167,2026-07-02 02:01:26,37.78,dining,"chicago, us",pos,0
TXN00001690,CUST1408,2026-07-02 02:08:21,36.44,grocery,"houston, us",web,0
TXN00001691,CUST1029,2026-07-02 02:08:32,38.97,grocery,"new york, us",mobile,0
TXN00001692,CUST1151,2026-07-02 02:10:00,68.54,grocery,"chicago, us",pos,0
TXN00001693,CUST1184,2026-07-02 02:12:24,348.01,transfer,"houston, us",pos,0
TXN00001694,CUST1192,2026-07-02 02:15:07,41.99,grocery,"new york, us",mobile,0
TXN00001695,CUST1221,2026-07-02 02:23:26,69.61,transfer,"los angeles, us",atm,0
TXN00001696,CUST1075,2026-07-02 02:29:03,248.21,travel,"chicago, us",atm,0
TXN00001697,CUST1126,2026-07-02 02:36:20,903.27,travel,"los angeles, us",mobile,0
TXN00001698,CUST1272,2026-07-02 02:41:55,120.4,online_retail,"miami, us",web,0
TXN00001699,CUST1211,2026-07-02 02:46:06,313.12,transfer,"houston, us",mobile,0
TXN00001700,CUST1290,2026-07-02 02:47:19,42.83,dining,"houston, us",atm,0
TXN00001701,CUST1350,2026-07-02 02:53:03,43.84,dining,"chicago, us",mobile,0
TXN00001702,CUST1406,2026-07-02 02:58:53,30.5,online_retail,"new york, us",mobile,0
TXN00001703,CUST1093,2026-07-02 03:06:40,544.73,transfer,"houston, us",mobile,0
TXN00001704,CUST1088,2026-07-02 03:09:17,238.51,online_retail,"new york, us",mobile,0
TXN00001705,CUST1090,2026-07-02 03:13:00,200.0,cash_withdrawal,"new york, us",atm,0
TXN00001706,CUST1041,2026-07-02 03:14:41,300.0,cash_withdrawal,"chicago, us",atm,0
TXN00001707,CUST1313,2026-07-02 03:19:02,33.82,dining,"los angeles, us",mobile,0
TXN00001708,CUST1446,2026-07-02 03:26:56,33.94,grocery,"new york, us",pos,0
TXN00001709,CUST1196,2026-07-02 03:32:58,20.0,cash_withdrawal,"miami, us",atm,0
TXN00001710,CUST1318,2026-07-02 03:38:38,100.0,cash_withdrawal,"houston, us",atm,0
TXN00001711,CUST1350,2026-07-02 03:40:53,100.0,cash_withdrawal,"los angeles, us",atm,0
TXN00001712,CUST1124,2026-07-02 03:41:17,36.65,grocery,"houston, us",atm,0
TXN00001713,CUST1255,2026-07-02 03:42:28,423.93,travel,"houston, us",pos,0
TXN00001714,CUST1468,2026-07-02 03:49:09,540.28,travel,"new york, us",web,0
TXN00001715,CUST1299,2026-07-02 03:51:40,41.74,dining,"new york, us",atm,0
TXN00001716,CUST1074,2026-07-02 03:56:02,54.16,dining,"los angeles, us",web,0
TXN00001717,CUST1119,2026-07-02 04:04:28,23.04,dining,"houston, us",web,0
TXN00001718,CUST1237,2026-07-02 04:05:12,197.83,transfer,"miami, us",pos,0
TXN00001719,CUST1327,2026-07-02 04:10:28,147.67,online_retail,"miami, us",mobile,0
TXN00001720,CUST1131,2026-07-02 04:16:59,118.75,online_retail,"chicago, us",web,0
TXN00001721,CUST1236,2026-07-02 04:20:14,775.45,transfer,"los angeles, us",mobile,0
TXN00001722,CUST1131,2026-07-02 04:25:21,113.06,online_retail,"miami, us",mobile,0
TXN00001723,CUST1342,2026-07-02 04:29:37,40.0,cash_withdrawal,"new york, us",atm,0
TXN00001724,CUST1005,2026-07-02 04:34:36,737.24,online_retail,"los angeles, us",web,0
TXN00001725,CUST1461,2026-07-02 04:38:29,592.0,transfer,"chicago, us",mobile,0
TXN00001726,CUST1412,2026-07-02 04:46:03,20.0,cash_withdrawal,"los angeles, us",atm,0
TXN00001727,CUST1239,2026-07-02 04:48:25,90.15,transfer,"miami, us",atm,0
TXN00001728,CUST1462,2026-07-02 04:53:56,410.17,online_retail,"new york, us",mobile,0
TXN00001729,CUST1148,2026-07-02 04:59:57,57.11,transfer,"miami, us",pos,0
TXN00001730,CUST1347,2026-07-02 05:04:10,20.0,cash_withdrawal,"new york, us",atm,0
TXN00001731,CUST1280,2026-07-02 05:12:38,199.75,travel,"chicago, us",pos,0
TXN00001732,CUST1081,2026-07-02 05:18:43,43.42,grocery,"new york, us",atm,0
TXN00001733,CUST1038,2026-07-02 05:25:51,63.33,dining,"miami, us",web,0
TXN00001734,CUST1227,2026-07-02 05:27:02,742.11,travel,"miami, us",pos,0
TXN00001735,CUST1484,2026-07-02 05:30:23,64.51,online_retail,"miami, us",web,0
TXN00001736,CUST1177,2026-07-02 05:34:55,22.66,online_retail,"chicago, us",web,0
TXN00001737,CUST1301,2026-07-02 05:41:20,51.99,dining,"houston, us",mobile,0
TXN00001738,CUST1154,2026-07-02 05:46:24,32.18,grocery,"los angeles, us",atm,0
TXN00001739,CUST1328,2026-07-02 05:46:42,32.94,dining,"miami, us",atm,0
TXN00001740,CUST1493,2026-07-02 05:54:04,376.18,transfer,"new york, us",web,0
TXN00001741,CUST1218,2026-07-02 05:56:26,607.05,travel,"miami, us",pos,0
TXN00001742,CUST1354,2026-07-02 05:57:59,300.0,cash_withdrawal,"houston, us",atm,0
TXN00001743,CUST1129,2026-07-02 06:03:06,40.0,cash_withdrawal,"houston, us",atm,0
TXN00001744,CUST1234,2026-07-02 06:03:45,597.72,travel,"miami, us",atm,0
TXN00001745,CUST1433,2026-07-02 06:05:09,163.65,online_retail,"chicago, us",web,0
TXN00001746,CUST1155,2026-07-02 06:08:02,46.62,grocery,"new york, us",pos,0
TXN00001747,CUST1102,2026-07-02 06:12:08,307.09,online_retail,"miami, us",mobile,0
TXN00001748,CUST1197,2026-07-02 06:19:47,649.39,travel,"new york, us",atm,0
TXN00001749,CUST1437,2026-07-02 06:25:51,788.24,transfer,"los angeles, us",web,0
TXN00001750,CUST1248,2026-07-02 06:27:10,220.28,transfer,"miami, us",web,0
TXN00001751,CUST1055,2026-07-02 06:30:22,947.55,travel,"chicago, us",mobile,0
TXN00001752,CUST1122,2026-07-02 06:31:55,739.45,travel,"miami, us",atm,0
TXN00001753,CUST1196,2026-07-02 06:32:32,77.65,transfer,"new york, us",atm,0
TXN00001754,CUST1293,2026-07-02 06:35:01,1.0,dining,"miami, us",atm,0
TXN00001755,CUST1184,2026-07-02 06:38:15,50.96,grocery,"chicago, us",atm,0
TXN00001756,CUST1295,2026-07-02 06:41:59,507.07,travel,"miami, us",pos,0
TXN00001757,CUST1152,2026-07-02 06:47:34,351.92,travel,"new york, us",web,0
TXN00001758,CUST1359,2026-07-02 06:55:30,20.59,online_retail,"houston, us",web,0
TXN00001759,CUST1152,2026-07-02 07:03:49,41.13,dining,"miami, us",web,0
TXN00001760,CUST1012,2026-07-02 07:07:01,732.42,travel,"chicago, us",web,0
TXN00001761,CUST1425,2026-07-02 02:07:35,7777.84,transfer,"miami, us",mobile,1
TXN00001762,CUST1338,2026-07-02 07:10:13,40.0,cash_withdrawal,"miami, us",atm,0
TXN00001763,CUST1203,2026-07-02 07:12:52,149.4,travel,"los angeles, us",pos,0
TXN00001764,CUST1141,2026-07-02 07:17:33,40.3,grocery,"miami, us",atm,0
TXN00001765,CUST1005,2026-07-02 07:23:10,115.83,online_retail,"houston, us",web,0
TXN00001766,CUST1290,2026-07-02 07:31:19,96.84,online_retail,"new york, us",mobile,0
TXN00001767,CUST1443,2026-07-02 07:32:08,26.75,online_retail,"miami, us",web,0
TXN00001768,CUST1352,2026-07-02 07:36:41,300.0,cash_withdrawal,"los angeles, us",atm,0
TXN00001769,CUST1399,2026-07-02 07:38:30,31.85,grocery,"houston, us",mobile,0
TXN00001770,CUST1382,2026-07-02 07:45:12,749.98,travel,"houston, us",mobile,0
TXN00001771,CUST1499,2026-07-02 07:50:43,72.96,grocery,"new york, us",pos,0
TXN00001772,CUST1026,2026-07-02 07:52:26,20.0,cash_withdrawal,"houston, us",atm,0
TXN00001773,CUST1467,2026-07-02 07:59:07,69.47,transfer,"new york, us",web,0
TXN00001774,CUST1311,2026-07-02 08:00:05,64.38,dining,"chicago, us",atm,0
TXN00001775,CUST1382,2026-07-02 08:05:21,19.5,online_retail,"miami, us",web,0
TXN00001776,CUST1255,2026-07-02 08:11:56,475.28,transfer,"new york, us",web,0
TXN00001777,CUST1427,2026-07-02 08:13:31,26.23,dining,"new york, us",atm,0
TXN00001778,CUST1463,2026-07-02 08:18:19,800.79,online_retail,"houston, us",mobile,0
TXN00001779,CUST1463,2026-07-02 08:21:14,37.86,transfer,"new york, us",web,0
TXN00001780,CUST1147,2026-07-02 08:28:50,200.0,cash_withdrawal,"miami, us",atm,0
TXN00001781,CUST1398,2026-07-02 08:31:41,376.27,transfer,"new york, us",mobile,0
TXN00001782,CUST1410,2026-07-02 08:38:54,584.34,travel,"miami, us",web,0
TXN00001783,CUST1118,2026-07-02 08:46:16,627.29,online_retail,"houston, us",mobile,0
TXN00001784,CUST1311,2026-07-02 08:52:16,51.0,online_retail,"los angeles, us",mobile,0
TXN00001785,CUST1411,2026-07-02 08:59:15,446.65,travel,"houston, us",pos,0
TXN00001786,CUST1181,2026-07-02 09:01:59,300.0,cash_withdrawal,"miami, us",atm,0
TXN00001787,CUST1113,2026-07-02 09:04:27,45.46,grocery,"miami, us",atm,0
TXN00001788,CUST1326,2026-07-02 09:10:27,100.0,cash_withdrawal,"chicago, us",atm,0
TXN00001789,CUST1098,2026-07-02 09:16:34,502.96,travel,"miami, us",pos,0
TXN00001790,CUST1318,2026-07-02 09:22:36,116.83,online_retail,"chicago, us",mobile,0
TXN00001791,CUST1129,2026-07-02 09:25:51,43.41,dining,"new york, us",mobile,0
TXN00001792,CUST1348,2026-07-02 09:26:50,26.99,grocery,"miami, us",web,0
TXN00001793,CUST1387,2026-07-02 09:31:33,313.37,transfer,"houston, us",pos,0
TXN00001794,CUST1370,2026-07-02 09:36:39,828.11,travel,"new york, us",pos,0
TXN00001795,CUST1393,2026-07-02 09:39:49,1.0,travel,"new york, us",atm,0
TXN00001796,CUST1338,2026-07-02 09:47:00,31.01,online_retail,"los angeles, us",mobile,0
TXN00001797,CUST1349,2026-07-02 09:48:23,58.69,dining,"los angeles, us",atm,0
TXN00001798,CUST1430,2026-07-02 09:48:39,673.06,transfer,"los angeles, us",mobile,0
TXN00001799,CUST1071,2026-07-02 09:49:59,12.66,dining,"chicago, us",pos,0
TXN00001800,CUST1322,2026-07-02 09:54:34,543.81,travel,"houston, us",mobile,0
TXN00001801,CUST1050,2026-07-02 09:57:08,300.0,cash_withdrawal,"miami, us",atm,0
TXN00001802,CUST1463,2026-07-02 10:00:28,32.45,grocery,"chicago, us",pos,0
TXN00001803,CUST1322,2026-07-02 10:07:16,3.96,dining,"houston, us",atm,0
TXN00001804,CUST1331,2026-07-02 10:11:34,50.83,dining,"miami, us",atm,0
TXN00001805,CUST1021,2026-07-02 10:15:14,789.79,travel,"new york, us",pos,0
TXN00001806,CUST1159,2026-07-02 10:18:18,28.47,dining,"los angeles, us",mobile,0
TXN00001807,CUST1404,2026-07-02 10:26:19,1.0,dining,"chicago, us",atm,0
TXN00001808,CUST1226,2026-07-02 10:34:15,463.44,travel,"houston, us",pos,0
TXN00001809,CUST1018,2026-07-02 10:35:48,124.96,online_retail,"miami, us",mobile,0
TXN00001810,CUST1297,2026-07-02 10:36:50,47.84,dining,"chicago, us",web,0
TXN00001811,CUST1187,2026-07-02 10:38:51,200.0,cash_withdrawal,"new york, us",atm,0
TXN00001812,CUST1375,2026-07-02 10:40:20,35.09,grocery,"chicago, us",pos,0
TXN00001813,CUST1068,2026-07-02 10:44:47,592.27,travel,"los angeles, us",web,0
TXN00001814,CUST1047,2026-07-02 10:46:50,1.0,dining,"chicago, us",mobile,0
TXN00001815,CUST1466,2026-07-02 10:54:05,578.06,transfer,"chicago, us",pos,0
TXN00001816,CUST1152,2026-07-02 10:55:51,25.48,online_retail,"new york, us",mobile,0
TXN00001817,CUST1168,2026-07-02 11:02:48,80.91,grocery,"new york, us",web,0
TXN00001818,CUST1383,2026-07-02 11:10:37,32.1,grocery,"houston, us",atm,0
TXN00001819,CUST1213,2026-07-02 11:15:33,589.98,travel,"houston, us",pos,0
TXN00001820,CUST1090,2026-07-02 11:20:57,63.36,dining,"miami, us",mobile,0
TXN00001821,CUST1103,2026-07-02 11:27:00,106.94,online_retail,"new york, us",web,0
TXN00001822,CUST1068,2026-07-02 11:34:15,80.71,online_retail,"new york, us",mobile,0
TXN00001823,CUST1403,2026-07-02 11:42:32,60.0,cash_withdrawal,"miami, us",atm,0
TXN00001824,CUST1277,2026-07-02 11:47:11,170.5,transfer,"houston, us",mobile,0
TXN00001825,CUST1449,2026-07-02 02:54:34,4486.4,cash_withdrawal,"houston, us",mobile,1
TXN00001826,CUST1498,2026-07-02 11:59:16,384.27,travel,"miami, us",web,0
TXN00001827,CUST1188,2026-07-02 12:05:30,240.58,online_retail,"los angeles, us",mobile,0
TXN00001828,CUST1272,2026-07-02 12:10:22,343.96,online_retail,"chicago, us",mobile,0
TXN00001829,CUST1257,2026-07-02 12:16:31,952.57,transfer,"houston, us",pos,0
TXN00001830,CUST1468,2026-07-02 12:23:08,483.8,transfer,"houston, us",mobile,0
TXN00001831,CUST1140,2026-07-02 12:30:08,66.84,online_retail,"los angeles, us",web,0
TXN00001832,CUST1426,2026-07-02 12:31:16,27.89,dining,"los angeles, us",atm,0
TXN00001833,CUST1085,2026-07-02 12:34:59,1056.5,travel,"chicago, us",atm,0
TXN00001834,CUST1132,2026-07-02 12:39:04,20.0,cash_withdrawal,"houston, us",atm,0
TXN00001835,CUST1468,2026-07-02 12:47:03,108.18,transfer,"los angeles, us",pos,0
TXN00001836,CUST1423,2026-07-02 12:47:52,40.0,cash_withdrawal,"chicago, us",atm,0
TXN00001837,CUST1484,2026-07-02 12:49:01,571.41,transfer,"miami, us",web,0
TXN00001838,CUST1247,2026-07-02 12:56:10,83.15,dining,"chicago, us",pos,0
TXN00001839,CUST1496,2026-07-02 12:57:27,343.07,transfer,"houston, us",pos,0
TXN00001840,CUST1413,2026-07-02 13:05:29,27.89,dining,"chicago, us",atm,0
TXN00001841,CUST1152,2026-07-02 13:05:47,54.15,grocery,"los angeles, us",mobile,0
TXN00001842,CUST1383,2026-07-02 13:10:02,61.99,grocery,"los angeles, us",atm,0
TXN00001843,CUST1446,2026-07-02 13:13:10,200.0,cash_withdrawal,"houston, us",atm,0
TXN00001844,CUST1174,2026-07-02 13:15:59,300.0,cash_withdrawal,"new york, us",atm,0
TXN00001845,CUST1412,2026-07-02 13:22:02,439.88,travel,"los angeles, us",web,0
TXN00001846,CUST1059,2026-07-02 13:25:17,239.2,transfer,"los angeles, us",atm,0
TXN00001847,CUST1240,2026-07-02 13:26:38,52.53,grocery,"miami, us",atm,0
TXN00001848,CUST1494,2026-07-02 13:33:46,34.41,online_retail,"houston, us",mobile,0
TXN00001849,CUST1039,2026-07-02 13:37:42,421.18,transfer,"miami, us",mobile,0
TXN00001850,CUST1073,2026-07-02 13:45:27,117.68,online_retail,"miami, us",mobile,0
TXN00001851,CUST1387,2026-07-02 13:54:02,181.02,online_retail,"chicago, us",mobile,0
TXN00001852,CUST1495,2026-07-02 13:59:17,44.52,grocery,"new york, us",atm,0
TXN00001853,CUST1116,2026-07-02 14:03:54,52.77,grocery,"chicago, us",web,0
TXN00001854,CUST1441,2026-07-02 14:10:34,29.79,grocery,"chicago, us",web,0
TXN00001855,CUST1347,2026-07-02 14:19:00,74.55,online_retail,"new york, us",web,0
TXN00001856,CUST1371,2026-07-02 14:22:05,467.03,transfer,"houston, us",atm,0
TXN00001857,CUST1346,2026-07-02 14:23:43,20.57,dining,"miami, us",mobile,0
TXN00001858,CUST1204,2026-07-02 14:29:56,19.06,dining,"los angeles, us",pos,0
TXN00001859,CUST1496,2026-07-02 14:32:41,77.39,transfer,"chicago, us",pos,0
TXN00001860,CUST1434,2026-07-02 14:33:05,25.54,online_retail,"miami, us",web,0
TXN00001861,CUST1412,2026-07-02 14:39:36,50.73,dining,"new york, us",atm,0
TXN00001862,CUST1286,2026-07-02 14:46:43,67.79,grocery,"houston, us",mobile,0
TXN00001863,CUST1188,2026-07-02 14:47:53,112.38,transfer,"chicago, us",web,0
TXN00001864,CUST1047,2026-07-02 14:49:56,13.18,online_retail,"los angeles, us",mobile,0
TXN00001865,CUST1405,2026-07-02 14:51:11,300.0,cash_withdrawal,"chicago, us",atm,0
TXN00001866,CUST1203,2026-07-02 14:58:39,45.72,transfer,"houston, us",atm,0
TXN00001867,CUST1008,2026-07-02 15:04:44,200.0,cash_withdrawal,"los angeles, us",atm,0
TXN00001868,CUST1136,2026-07-02 15:06:06,1051.3,transfer,"miami, us",mobile,0
TXN00001869,CUST1275,2026-07-02 15:12:08,54.38,dining,"houston, us",web,0
TXN00001870,CUST1064,2026-07-02 15:14:14,62.53,online_retail,"chicago, us",mobile,0
TXN00001871,CUST1233,2026-07-02 15:17:01,52.14,dining,"houston, us",web,0
TXN00001872,CUST1189,2026-07-02 15:18:15,82.18,online_retail,"miami, us",mobile,0
TXN00001873,CUST1345,2026-07-02 15:20:12,69.67,grocery,"chicago, us",web,0
TXN00001874,CUST1384,2026-07-02 15:21:28,300.0,cash_withdrawal,"los angeles, us",atm,0
TXN00001875,CUST1345,2026-07-02 15:30:00,45.16,grocery,"miami, us",web,0
TXN00001876,CUST1135,2026-07-02 15:30:50,153.18,online_retail,"los angeles, us",web,0
TXN00001877,CUST1300,2026-07-02 15:34:37,467.01,transfer,"miami, us",atm,0
TXN00001878,CUST1196,2026-07-02 15:40:40,46.24,grocery,"miami, us",web,0
TXN00001879,CUST1422,2026-07-02 15:47:20,200.0,cash_withdrawal,"new york, us",atm,0
TXN00001880,CUST1327,2026-07-02 15:54:11,40.0,cash_withdrawal,"los angeles, us",atm,0
TXN00001881,CUST1482,2026-07-02 15:55:18,164.88,online_retail,"new york, us",web,0
TXN00001882,CUST1191,2026-07-02 15:56:07,41.25,grocery,"new york, us",mobile,0
TXN00001883,CUST1056,2026-07-02 15:56:26,100.0,cash_withdrawal,"houston, us",atm,0
TXN00001884,CUST1346,2026-07-02 16:03:12,528.61,online_retail,"new york, us",web,0
TXN00001885,CUST1120,2026-07-02 16:07:29,500.91,transfer,"miami, us",atm,0
TXN00001886,CUST1242,2026-07-02 16:14:06,61.97,online_retail,"new york, us",web,0
TXN00001887,CUST1013,2026-07-02 16:17:56,50.58,grocery,"chicago, us",atm,0
TXN00001888,CUST1318,2026-07-02 16:18:27,41.14,dining,"new york, us",web,0
TXN00001889,CUST1453,2026-07-02 16:20:17,45.37,dining,"chicago, us",web,0
TXN00001890,CUST1483,2026-07-02 16:21:22,140.99,online_retail,"miami, us",web,0
TXN00001891,CUST1288,2026-07-02 16:21:48,54.92,dining,"houston, us",web,0
TXN00001892,CUST1168,2026-07-02 16:28:44,51.87,dining,"houston, us",pos,0
TXN00001893,CUST1469,2026-07-02 16:34:31,170.28,online_retail,"new york, us",web,0
TXN00001894,CUST1313,2026-07-02 16:39:03,30.56,online_retail,"houston, us",mobile,0
TXN00001895,CUST1114,2026-07-02 16:44:16,71.93,online_retail,"chicago, us",mobile,0
TXN00001896,CUST1332,2026-07-02 16:44:56,809.68,transfer,"miami, us",atm,0
TXN00001897,CUST1033,2026-07-02 16:49:06,48.16,online_retail,"chicago, us",web,0
TXN00001898,CUST1326,2026-07-02 16:50:16,79.82,online_retail,"houston, us",mobile,0
TXN00001899,CUST1422,2026-07-02 16:58:11,189.73,transfer,"houston, us",atm,0
TXN00001900,CUST1238,2026-07-02 17:00:30,96.81,online_retail,"new york, us",mobile,0
TXN00001901,CUST1466,2026-07-02 17:01:02,51.59,dining,"new york, us",mobile,0
TXN00001902,CUST1359,2026-07-02 17:01:45,52.22,grocery,"chicago, us",mobile,0
TXN00001903,CUST1155,2026-07-02 17:04:29,60.0,cash_withdrawal,"new york, us",atm,0
TXN00001904,CUST1333,2026-07-02 17:10:20,60.0,cash_withdrawal,"miami, us",atm,0
TXN00001905,CUST1210,2026-07-02 17:10:35,200.0,cash_withdrawal,"new york, us",atm,0
TXN00001906,CUST1060,2026-07-02 17:17:11,40.0,cash_withdrawal,"houston, us",atm,0
TXN00001907,CUST1072,2026-07-02 17:18:10,42.74,grocery,"chicago, us",web,0
TXN00001908,CUST1024,2026-07-02 17:25:00,86.0,transfer,"miami, us",atm,0
TXN00001909,CUST1485,2026-07-02 17:26:13,100.0,cash_withdrawal,"new york, us",atm,0
TXN00001910,CUST1020,2026-07-02 17:34:14,100.0,cash_withdrawal,"miami, us",atm,0
TXN00001911,CUST1156,2026-07-02 17:39:32,673.91,transfer,"miami, us",mobile,0
TXN00001912,CUST1253,2026-07-02 17:41:27,331.38,transfer,"houston, us",mobile,0
TXN00001913,CUST1060,2026-07-02 17:46:37,33.37,dining,"miami, us",atm,0
TXN00001914,CUST1050,2026-07-02 17:54:28,815.12,travel,"new york, us",atm,0
TXN00001915,CUST1121,2026-07-02 17:56:20,306.39,online_retail,"miami, us",web,0
TXN00001916,CUST1455,2026-07-02 17:58:04,291.12,online_retail,"los angeles, us",mobile,0
TXN00001917,CUST1276,2026-07-02 18:03:57,28.34,dining,"houston, us",web,0
TXN00001918,CUST1070,2026-07-02 18:07:06,36.66,dining,"new york, us",mobile,0
TXN00001919,CUST1199,2026-07-02 18:07:30,60.0,cash_withdrawal,"los angeles, us",atm,0
TXN00001920,CUST1233,2026-07-02 18:08:26,670.64,travel,"chicago, us",pos,0
TXN00001921,CUST1190,2026-07-02 18:09:50,221.0,online_retail,"houston, us",mobile,0
TXN00001922,CUST1344,2026-07-02 18:17:13,205.16,transfer,"new york, us",web,0
TXN00001923,CUST1487,2026-07-02 18:23:45,722.74,travel,"miami, us",web,0
TXN00001924,CUST1381,2026-07-02 18:31:57,234.72,online_retail,"miami, us",web,0
TXN00001925,CUST1357,2026-07-02 18:34:29,300.0,cash_withdrawal,"miami, us",atm,0
TXN00001926,CUST1485,2026-07-02 18:42:44,61.02,grocery,"houston, us",pos,0
TXN00001927,CUST1277,2026-07-02 18:47:50,34.42,grocery,"miami, us",atm,0
TXN00001928,CUST1215,2026-07-02 18:50:58,20.0,cash_withdrawal,"houston, us",atm,0
TXN00001929,CUST1301,2026-07-02 18:54:08,256.26,transfer,"chicago, us",pos,0
TXN00001930,CUST1381,2026-07-02 18:55:40,57.54,grocery,"new york, us",pos,0
TXN00001931,CUST1373,2026-07-02 19:03:07,47.99,dining,"houston, us",mobile,0
TXN00001932,CUST1080,2026-07-02 19:07:33,40.0,cash_withdrawal,"new york, us",atm,0
TXN00001933,CUST1454,2026-07-02 19:14:22,40.23,grocery,"los angeles, us",pos,0
TXN00001934,CUST1213,2026-07-02 19:20:45,265.39,online_retail,"miami, us",web,0
TXN00001935,CUST1336,2026-07-02 19:26:08,46.03,online_retail,"new york, us",mobile,0
TXN00001936,CUST1051,2026-07-02 19:28:21,231.48,transfer,"chicago, us",atm,0
TXN00001937,CUST1427,2026-07-02 19:32:49,285.55,online_retail,"houston, us",web,0
TXN00001938,CUST1251,2026-07-02 19:37:50,54.63,grocery,"chicago, us",atm,0
TXN00001939,CUST1316,2026-07-02 19:38:34,40.0,cash_withdrawal,"miami, us",atm,0
TXN00001940,CUST1209,2026-07-02 19:39:34,287.73,transfer,"chicago, us",mobile,0
TXN00001941,CUST1481,2026-07-02 19:46:43,1025.55,travel,"miami, us",web,0
TXN00001942,CUST1488,2026-07-02 19:51:49,2.02,dining,"houston, us",web,0
TXN00001943,CUST1144,2026-07-02 19:58:29,619.61,travel,"new york, us",atm,0
TXN00001944,CUST1017,2026-07-02 19:58:46,60.0,cash_withdrawal,"new york, us",atm,0
TXN00001945,CUST1354,2026-07-02 20:03:26,134.87,online_retail,"chicago, us",web,0
TXN00001946,CUST1190,2026-07-02 20:05:27,60.0,cash_withdrawal,"new york, us",atm,0
TXN00001947,CUST1112,2026-07-02 20:11:43,788.34,travel,"new york, us",mobile,0
TXN00001948,CUST1228,2026-07-02 20:13:31,695.29,travel,"new york, us",mobile,0
TXN00001949,CUST1228,2026-07-02 20:21:54,69.35,grocery,"houston, us",mobile,0
TXN00001950,CUST1487,2026-07-02 20:24:28,60.1,grocery,"los angeles, us",mobile,0
TXN00001951,CUST1121,2026-07-02 20:26:05,36.17,online_retail,"houston, us",mobile,0
TXN00001952,CUST1438,2026-07-02 20:33:56,102.86,online_retail,"houston, us",mobile,0
TXN00001953,CUST1186,2026-07-02 20:40:32,22.81,transfer,"new york, us",pos,0
TXN00001954,CUST1051,2026-07-02 20:45:17,56.57,dining,"chicago, us",web,0
TXN00001955,CUST1352,2026-07-02 20:45:29,36.1,grocery,"miami, us",atm,0
TXN00001956,CUST1189,2026-07-02 20:53:57,200.0,cash_withdrawal,"los angeles, us",atm,0
TXN00001957,CUST1279,2026-07-02 21:00:18,922.0,travel,"chicago, us",web,0
TXN00001958,CUST1462,2026-07-02 21:01:18,31.54,dining,"houston, us",mobile,0
TXN00001959,CUST1331,2026-07-02 21:09:21,88.46,transfer,"new york, us",web,0
TXN00001960,CUST1184,2026-07-02 21:11:20,75.05,grocery,"chicago, us",mobile,0
TXN00001961,CUST1032,2026-07-02 21:19:21,307.12,transfer,"new york, us",mobile,0
TXN00001962,CUST1204,2026-07-02 21:23:49,41.24,online_retail,"los angeles, us",mobile,0
TXN00001963,CUST1142,2026-07-02 21:31:14,151.73,transfer,"miami, us",atm,0
TXN00001964,CUST1098,2026-07-02 21:37:26,55.92,grocery,"new york, us",atm,0
TXN00001965,CUST1496,2026-07-02 21:41:39,54.17,grocery,"chicago, us",atm,0
TXN00001966,CUST1063,2026-07-02 21:44:56,71.82,grocery,"chicago, us",web,0
TXN00001967,CUST1486,2026-07-02 21:51:03,10.79,online_retail,"houston, us",mobile,0
TXN00001968,CUST1435,2026-07-02 21:56:14,403.78,travel,"new york, us",atm,0
TXN00001969,CUST1422,2026-07-02 21:57:58,200.0,cash_withdrawal,"los angeles, us",atm,0
TXN00001970,CUST1233,2026-07-02 22:01:53,52.97,dining,"chicago, us",web,0
TXN00001971,CUST1047,2026-07-02 22:07:47,48.19,grocery,"chicago, us",web,0
TXN00001972,CUST1340,2026-07-02 22:16:07,138.77,transfer,"chicago, us",atm,0
TXN00001973,CUST1109,2026-07-02 22:17:11,20.0,cash_withdrawal,"chicago, us",atm,0
TXN00001974,CUST1329,2026-07-02 22:18:53,704.88,travel,"houston, us",pos,0
TXN00001975,CUST1328,2026-07-02 22:26:10,486.45,travel,"chicago, us",atm,0
TXN00001976,CUST1306,2026-07-02 22:29:21,23.59,dining,"new york, us",pos,0
TXN00001977,CUST1498,2026-07-02 22:37:53,37.74,grocery,"los angeles, us",web,0
TXN00001978,CUST1011,2026-07-02 22:41:17,202.06,online_retail,"miami, us",web,0
TXN00001979,CUST1026,2026-07-02 22:45:04,1.0,dining,"chicago, us",mobile,0
TXN00001980,CUST1403,2026-07-02 22:47:03,671.98,transfer,"chicago, us",mobile,0
TXN00001981,CUST1171,2026-07-02 22:51:36,20.0,cash_withdrawal,"los angeles, us",atm,0
TXN00001982,CUST1125,2026-07-02 22:53:42,144.86,online_retail,"new york, us",mobile,0
TXN00001983,CUST1065,2026-07-02 22:57:20,245.41,travel,"new york, us",mobile,0
TXN00001984,CUST1403,2026-07-02 22:58:27,4.78,dining,"houston, us",atm,0
TXN00001985,CUST1290,2026-07-02 23:05:06,376.84,transfer,"los angeles, us",web,0
TXN00001986,CUST1106,2026-07-02 23:13:40,891.64,travel,"miami, us",pos,0
TXN00001987,CUST1036,2026-07-02 23:16:30,28.54,dining,"chicago, us",mobile,0
TXN00001988,CUST1425,2026-07-02 23:17:43,24.64,online_retail,"new york, us",web,0
TXN00001989,CUST1392,2026-07-02 23:21:51,28.96,dining,"miami, us",pos,0
TXN00001990,CUST1284,2026-07-02 23:22:57,164.22,online_retail,"new york, us",web,0
TXN00001991,CUST1107,2026-07-02 23:27:33,40.12,transfer,"new york, us",mobile,0
TXN00001992,CUST1301,2026-07-02 23:28:52,91.16,dining,"los angeles, us",web,0
TXN00001993,CUST1111,2026-07-02 23:33:15,70.84,dining,"miami, us",pos,0
TXN00001994,CUST1417,2026-07-02 23:39:55,60.0,cash_withdrawal,"new york, us",atm,0
TXN00001995,CUST1446,2026-07-02 23:43:09,133.37,online_retail,"houston, us",web,0
TXN00001996,CUST1120,2026-07-02 23:49:19,297.51,transfer,"los angeles, us",web,0
TXN00001997,CUST1169,2026-07-02 23:51:56,20.0,cash_withdrawal,"chicago, us",atm,0
TXN00001998,CUST1397,2026-07-02 23:56:51,300.0,cash_withdrawal,"chicago, us",atm,0
TXN00001999,CUST1076,2026-07-03 00:03:10,80.09,grocery,"new york, us",mobile,0
TXN00002000,CUST1404,2026-07-03 00:03:40,664.23,dining,"sydney, au",web,1
TXN00002001,CUST1462,2026-07-03 00:04:32,510.41,transfer,"new york, us",web,0
TXN00002002,CUST1306,2026-07-03 00:07:29,20.0,cash_withdrawal,"new york, us",atm,0
TXN00002003,CUST1002,2026-07-03 00:11:51,61.68,grocery,"new york, us",web,0
TXN00002004,CUST1142,2026-07-03 00:13:00,200.0,cash_withdrawal,"chicago, us",atm,0
TXN00002005,CUST1440,2026-07-03 00:16:27,60.0,cash_withdrawal,"miami, us",atm,0
TXN00002006,CUST1075,2026-07-03 00:19:02,41.73,grocery,"chicago, us",web,0
TXN00002007,CUST1067,2026-07-03 00:23:05,23.64,dining,"chicago, us",web,0
TXN00002008,CUST1277,2026-07-03 00:28:22,38.1,transfer,"miami, us",pos,0
TXN00002009,CUST1129,2026-07-03 00:34:48,39.93,dining,"houston, us",mobile,0
TXN00002010,CUST1409,2026-07-03 00:37:37,878.98,travel,"houston, us",mobile,0
TXN00002011,CUST1090,2026-07-03 00:43:38,437.68,travel,"miami, us",atm,0
TXN00002012,CUST1057,2026-07-03 00:52:07,20.0,cash_withdrawal,"new york, us",atm,0
TXN00002013,CUST1339,2026-07-03 00:59:27,388.97,transfer,"houston, us",atm,0
TXN00002014,CUST1444,2026-07-03 01:03:24,486.22,transfer,"los angeles, us",atm,0
TXN00002015,CUST1014,2026-07-03 01:05:29,238.49,transfer,"los angeles, us",web,0
TXN00002016,CUST1068,2026-07-03 01:10:22,60.0,cash_withdrawal,"chicago, us",atm,0
TXN00002017,CUST1008,2026-07-03 01:14:00,17.17,dining,"los angeles, us",mobile,0
TXN00002018,CUST1184,2026-07-03 01:16:38,298.89,dining,"mumbai, in",web,1
TXN00002019,CUST1405,2026-07-03 01:25:12,95.38,online_retail,"los angeles, us",web,0
TXN00002020,CUST1404,2026-07-03 01:32:39,23.92,online_retail,"new york, us",mobile,0
TXN00002021,CUST1122,2026-07-03 01:36:28,551.59,travel,"chicago, us",pos,0
TXN00002022,CUST1302,2026-07-03 01:38:14,720.01,travel,"los angeles, us",pos,0
TXN00002023,CUST1166,2026-07-03 01:45:42,60.0,cash_withdrawal,"los angeles, us",atm,0
TXN00002024,CUST1009,2026-07-03 01:46:27,419.16,transfer,"los angeles, us",web,0
TXN00002025,CUST1090,2026-07-03 01:54:15,29.52,grocery,"chicago, us",pos,0
TXN00002026,CUST1136,2026-07-03 02:01:35,970.82,online_retail,"new york, us",web,0
TXN00002027,CUST1027,2026-07-03 02:08:35,831.43,transfer,"houston, us",mobile,0
TXN00002028,CUST1065,2026-07-03 02:12:48,164.32,online_retail,"miami, us",mobile,0
TXN00002029,CUST1380,2026-07-03 02:20:58,77.93,grocery,"new york, us",web,0
TXN00002030,CUST1216,2026-07-03 02:26:55,241.02,online_retail,"new york, us",mobile,0
TXN00002031,CUST1270,2026-07-03 02:30:13,33.85,grocery,"los angeles, us",mobile,0
TXN00002032,CUST1059,2026-07-03 02:31:54,57.78,transfer,"chicago, us",atm,0
TXN00002033,CUST1382,2026-07-03 02:32:10,200.0,cash_withdrawal,"miami, us",atm,0
TXN00002034,CUST1033,2026-07-03 02:38:05,40.0,cash_withdrawal,"new york, us",atm,0
TXN00002035,CUST1244,2026-07-03 02:42:26,178.24,transfer,"miami, us",atm,0
TXN00002036,CUST1230,2026-07-03 02:48:20,506.95,travel,"new york, us",web,0
TXN00002037,CUST1399,2026-07-03 02:49:23,66.33,grocery,"houston, us",web,0
TXN00002038,CUST1186,2026-07-03 02:52:55,274.5,transfer,"los angeles, us",atm,0
TXN00002039,CUST1263,2026-07-03 02:56:49,40.0,cash_withdrawal,"new york, us",atm,0
TXN00002040,CUST1304,2026-07-03 03:01:26,286.66,travel,"new york, us",web,0
TXN00002041,CUST1056,2026-07-03 03:07:13,324.89,online_retail,"london, uk",mobile,1
TXN00002042,CUST1232,2026-07-03 03:13:09,55.23,grocery,"miami, us",mobile,0
TXN00002043,CUST1258,2026-07-03 03:14:02,635.22,travel,"los angeles, us",mobile,0
TXN00002044,CUST1114,2026-07-03 03:15:13,300.0,cash_withdrawal,"los angeles, us",atm,0
TXN00002045,CUST1485,2026-07-03 03:16:36,20.0,cash_withdrawal,"miami, us",atm,0
TXN00002046,CUST1315,2026-07-03 03:20:08,157.89,travel,"new york, us",pos,0
TXN00002047,CUST1023,2026-07-03 03:23:43,680.79,travel,"new york, us",mobile,0
TXN00002048,CUST1373,2026-07-03 03:29:48,47.79,grocery,"miami, us",pos,0
TXN00002049,CUST1402,2026-07-03 03:35:00,20.0,cash_withdrawal,"miami, us",atm,0
TXN00002050,CUST1466,2026-07-03 03:43:30,300.0,cash_withdrawal,"houston, us",atm,0
TXN00002051,CUST1444,2026-07-03 03:44:32,483.49,travel,"los angeles, us",mobile,0
TXN00002052,CUST1338,2026-07-03 03:51:01,20.0,cash_withdrawal,"new york, us",atm,0
TXN00002053,CUST1267,2026-07-03 03:59:04,8.11,dining,"los angeles, us",atm,0
TXN00002054,CUST1155,2026-07-03 04:06:50,638.43,transfer,"miami, us",web,0
TXN00002055,CUST1235,2026-07-03 04:15:20,507.79,travel,"miami, us",web,0
TXN00002056,CUST1330,2026-07-03 04:16:56,100.0,cash_withdrawal,"los angeles, us",atm,0
TXN00002057,CUST1494,2026-07-03 04:17:39,48.04,dining,"chicago, us",pos,0
TXN00002058,CUST1016,2026-07-03 04:20:55,506.82,transfer,"new york, us",web,0
TXN00002059,CUST1032,2026-07-03 04:29:24,307.52,travel,"los angeles, us",mobile,0
TXN00002060,CUST1246,2026-07-03 04:31:15,40.0,cash_withdrawal,"miami, us",atm,0
TXN00002061,CUST1434,2026-07-03 04:34:18,6.92,grocery,"los angeles, us",web,0
TXN00002062,CUST1206,2026-07-03 04:36:10,49.59,grocery,"new york, us",pos,0
TXN00002063,CUST1219,2026-07-03 04:41:24,75.45,dining,"houston, us",pos,0
TXN00002064,CUST1352,2026-07-03 04:48:46,192.26,transfer,"los angeles, us",mobile,0
TXN00002065,CUST1056,2026-07-03 04:57:23,58.0,dining,"miami, us",web,0
TXN00002066,CUST1252,2026-07-03 05:00:59,71.92,transfer,"los angeles, us",mobile,0
TXN00002067,CUST1365,2026-07-03 05:02:11,302.66,transfer,"los angeles, us",mobile,0
TXN00002068,CUST1466,2026-07-03 05:04:20,63.63,transfer,"los angeles, us",web,0
TXN00002069,CUST1228,2026-07-03 05:11:39,61.67,grocery,"houston, us",atm,0
TXN00002070,CUST1038,2026-07-03 05:15:26,61.49,grocery,"new york, us",web,0
TXN00002071,CUST1461,2026-07-03 05:21:47,68.4,grocery,"new york, us",web,0
TXN00002072,CUST1042,2026-07-03 05:26:12,574.96,travel,"chicago, us",mobile,0
TXN00002073,CUST1165,2026-07-03 05:28:44,549.08,travel,"los angeles, us",mobile,0
TXN00002074,CUST1312,2026-07-03 05:35:25,55.51,online_retail,"chicago, us",web,0
TXN00002075,CUST1076,2026-07-03 05:41:40,688.76,travel,"houston, us",atm,0
TXN00002076,CUST1034,2026-07-03 05:48:22,20.0,cash_withdrawal,"miami, us",atm,0
TXN00002077,CUST1065,2026-07-03 05:53:29,46.68,grocery,"new york, us",mobile,0
TXN00002078,CUST1141,2026-07-03 05:58:42,20.0,cash_withdrawal,"houston, us",atm,0
TXN00002079,CUST1320,2026-07-03 06:01:11,106.12,transfer,"new york, us",atm,0
TXN00002080,CUST1325,2026-07-03 06:07:48,20.0,cash_withdrawal,"los angeles, us",atm,0
TXN00002081,CUST1300,2026-07-03 06:14:42,40.0,cash_withdrawal,"new york, us",atm,0
TXN00002082,CUST1281,2026-07-03 06:21:42,57.61,online_retail,"chicago, us",web,0
TXN00002083,CUST1365,2026-07-03 06:27:21,447.38,transfer,"miami, us",pos,0
TXN00002084,CUST1167,2026-07-03 06:35:33,973.17,travel,"houston, us",web,0
TXN00002085,CUST1196,2026-07-03 06:39:07,20.14,online_retail,"los angeles, us",web,0
TXN00002086,CUST1306,2026-07-03 06:42:19,110.29,online_retail,"miami, us",web,0
TXN00002087,CUST1272,2026-07-03 06:46:32,60.0,cash_withdrawal,"houston, us",atm,0
TXN00002088,CUST1151,2026-07-03 06:52:23,532.22,travel,"houston, us",mobile,0
TXN00002089,CUST1233,2026-07-03 06:57:41,30.26,transfer,"houston, us",web,0
TXN00002090,CUST1259,2026-07-03 07:05:57,100.0,cash_withdrawal,"chicago, us",atm,0
TXN00002091,CUST1310,2026-07-03 07:09:34,42.03,dining,"miami, us",pos,0
TXN00002092,CUST1221,2026-07-03 07:18:09,17.38,dining,"chicago, us",mobile,0
TXN00002093,CUST1051,2026-07-03 07:22:27,159.29,travel,"houston, us",web,0
TXN00002094,CUST1407,2026-07-03 07:26:58,40.0,cash_withdrawal,"los angeles, us",atm,0
TXN00002095,CUST1360,2026-07-03 07:29:30,19.47,dining,"new york, us",pos,0
TXN00002096,CUST1059,2026-07-03 07:30:55,661.77,travel,"los angeles, us",atm,0
TXN00002097,CUST1437,2026-07-03 07:37:38,51.31,grocery,"houston, us",web,0
TXN00002098,CUST1336,2026-07-03 07:41:40,133.2,online_retail,"new york, us",mobile,0
TXN00002099,CUST1334,2026-07-03 07:42:45,8.75,dining,"los angeles, us",atm,0
TXN00002100,CUST1450,2026-07-03 07:43:57,413.71,transfer,"chicago, us",pos,0
TXN00002101,CUST1394,2026-07-03 07:46:15,42.06,grocery,"new york, us",mobile,0
TXN00002102,CUST1283,2026-07-03 07:50:35,322.4,travel,"miami, us",mobile,0
TXN00002103,CUST1370,2026-07-03 07:54:59,741.76,travel,"los angeles, us",web,0
TXN00002104,CUST1444,2026-07-03 07:57:07,269.95,transfer,"new york, us",atm,0
TXN00002105,CUST1111,2026-07-03 08:02:38,57.0,grocery,"miami, us",pos,0
TXN00002106,CUST1221,2026-07-03 08:10:50,49.47,grocery,"chicago, us",atm,0
TXN00002107,CUST1232,2026-07-03 08:12:08,25.77,grocery,"chicago, us",mobile,0
TXN00002108,CUST1455,2026-07-03 08:12:33,67.47,grocery,"los angeles, us",web,0
TXN00002109,CUST1117,2026-07-03 08:13:33,38.98,grocery,"new york, us",web,0
TXN00002110,CUST1212,2026-07-03 08:20:00,590.37,transfer,"chicago, us",atm,0
TXN00002111,CUST1174,2026-07-03 08:20:37,23.79,dining,"chicago, us",pos,0
TXN00002112,CUST1424,2026-07-03 08:27:52,267.13,transfer,"houston, us",pos,0
TXN00002113,CUST1233,2026-07-03 08:28:36,346.04,travel,"houston, us",pos,0
TXN00002114,CUST1205,2026-07-03 08:33:01,610.13,transfer,"chicago, us",web,0
TXN00002115,CUST1213,2026-07-03 08:38:58,50.93,grocery,"houston, us",pos,0
TXN00002116,CUST1374,2026-07-03 08:39:21,34.09,dining,"houston, us",atm,0
TXN00002117,CUST1049,2026-07-03 08:47:48,200.0,cash_withdrawal,"houston, us",atm,0
TXN00002118,CUST1161,2026-07-03 08:49:29,194.57,online_retail,"houston, us",web,0
TXN00002119,CUST1219,2026-07-03 08:52:54,52.28,grocery,"new york, us",web,0
TXN00002120,CUST1161,2026-07-03 08:58:13,23.45,dining,"new york, us",mobile,0
TXN00002121,CUST1341,2026-07-03 09:04:10,60.0,cash_withdrawal,"miami, us",atm,0
TXN00002122,CUST1131,2026-07-03 09:07:07,41.72,dining,"los angeles, us",atm,0
TXN00002123,CUST1192,2026-07-03 09:08:35,18.56,dining,"chicago, us",atm,0
TXN00002124,CUST1489,2026-07-03 09:11:20,1.0,travel,"los angeles, us",mobile,0
TXN00002125,CUST1079,2026-07-03 09:16:48,56.55,grocery,"new york, us",atm,0
TXN00002126,CUST1352,2026-07-03 09:22:17,58.08,dining,"los angeles, us",web,0
TXN00002127,CUST1473,2026-07-03 09:23:16,206.13,transfer,"miami, us",mobile,0
TXN00002128,CUST1243,2026-07-03 09:29:55,1042.47,travel,"new york, us",pos,0
TXN00002129,CUST1035,2026-07-03 09:30:44,256.52,transfer,"chicago, us",web,0
TXN00002130,CUST1047,2026-07-03 09:36:32,34.48,grocery,"houston, us",mobile,0
TXN00002131,CUST1426,2026-07-03 09:43:06,40.42,dining,"chicago, us",web,0
TXN00002132,CUST1044,2026-07-03 09:47:42,256.3,online_retail,"houston, us",mobile,0
TXN00002133,CUST1048,2026-07-03 09:54:24,418.0,travel,"los angeles, us",mobile,0
TXN00002134,CUST1222,2026-07-03 09:58:46,204.43,transfer,"new york, us",mobile,0
TXN00002135,CUST1050,2026-07-03 10:05:41,36.01,transfer,"new york, us",atm,0
TXN00002136,CUST1382,2026-07-03 10:09:49,27.43,dining,"los angeles, us",web,0
TXN00002137,CUST1379,2026-07-03 10:11:42,54.89,online_retail,"chicago, us",mobile,0
TXN00002138,CUST1191,2026-07-03 10:14:22,60.0,cash_withdrawal,"chicago, us",atm,0
TXN00002139,CUST1416,2026-07-03 10:20:10,52.05,dining,"chicago, us",web,0
TXN00002140,CUST1067,2026-07-03 10:24:34,100.0,cash_withdrawal,"chicago, us",atm,0
TXN00002141,CUST1285,2026-07-03 10:28:55,73.99,transfer,"houston, us",mobile,0
TXN00002142,CUST1031,2026-07-03 10:33:23,67.43,grocery,"los angeles, us",mobile,0
TXN00002143,CUST1301,2026-07-03 10:35:46,407.91,travel,"chicago, us",web,0
TXN00002144,CUST1490,2026-07-03 10:40:33,238.47,travel,"houston, us",atm,0
TXN00002145,CUST1288,2026-07-03 10:43:38,623.75,travel,"houston, us",pos,0
TXN00002146,CUST1288,2026-07-03 10:50:42,44.59,grocery,"houston, us",mobile,0
TXN00002147,CUST1169,2026-07-03 10:58:12,100.01,online_retail,"new york, us",mobile,0
TXN00002148,CUST1344,2026-07-03 11:02:58,727.85,travel,"miami, us",mobile,0
TXN00002149,CUST1063,2026-07-03 11:07:47,57.66,dining,"chicago, us",mobile,0
TXN00002150,CUST1211,2026-07-03 11:08:06,48.83,grocery,"houston, us",web,0
TXN00002151,CUST1182,2026-07-03 11:16:23,126.06,online_retail,"chicago, us",web,0
TXN00002152,CUST1448,2026-07-03 11:23:04,226.63,transfer,"los angeles, us",mobile,0
TXN00002153,CUST1341,2026-07-03 11:23:30,60.0,cash_withdrawal,"los angeles, us",atm,0
TXN00002154,CUST1482,2026-07-03 11:32:07,53.44,transfer,"new york, us",web,0
TXN00002155,CUST1385,2026-07-03 11:35:57,300.0,cash_withdrawal,"new york, us",atm,0
TXN00002156,CUST1217,2026-07-03 11:43:37,65.58,grocery,"new york, us",web,0
TXN00002157,CUST1445,2026-07-03 11:51:35,726.36,travel,"miami, us",pos,0
TXN00002158,CUST1469,2026-07-03 11:52:45,69.64,grocery,"miami, us",atm,0
TXN00002159,CUST1370,2026-07-03 11:56:11,1021.27,transfer,"new york, us",web,0
TXN00002160,CUST1027,2026-07-03 12:00:11,88.36,transfer,"houston, us",web,0
TXN00002161,CUST1496,2026-07-03 12:03:02,242.28,transfer,"chicago, us",pos,0
TXN00002162,CUST1148,2026-07-03 12:10:28,121.54,transfer,"los angeles, us",web,0
TXN00002163,CUST1308,2026-07-03 12:13:50,41.48,grocery,"houston, us",web,0
TXN00002164,CUST1160,2026-07-03 12:17:46,55.44,grocery,"miami, us",web,0
TXN00002165,CUST1181,2026-07-03 12:21:51,603.36,dining,"paris, fr",mobile,1
TXN00002166,CUST1054,2026-07-03 12:22:19,70.53,grocery,"houston, us",atm,0
TXN00002167,CUST1296,2026-07-03 12:22:45,31.05,dining,"new york, us",atm,0
TXN00002168,CUST1260,2026-07-03 12:24:25,379.92,online_retail,"miami, us",mobile,0
TXN00002169,CUST1109,2026-07-03 12:29:20,69.22,grocery,"houston, us",atm,0
TXN00002170,CUST1080,2026-07-03 12:35:07,124.22,online_retail,"miami, us",web,0
TXN00002171,CUST1337,2026-07-03 12:42:37,57.27,grocery,"houston, us",mobile,0
TXN00002172,CUST1247,2026-07-03 12:49:26,388.41,travel,"new york, us",web,0
TXN00002173,CUST1115,2026-07-03 12:52:11,27.13,dining,"miami, us",web,0
TXN00002174,CUST1434,2026-07-03 12:59:53,300.0,cash_withdrawal,"miami, us",atm,0
TXN00002175,CUST1056,2026-07-03 13:06:04,65.45,grocery,"new york, us",atm,0
TXN00002176,CUST1180,2026-07-03 13:07:38,603.85,transfer,"houston, us",pos,0
TXN00002177,CUST1433,2026-07-03 13:11:59,34.69,dining,"houston, us",atm,0
TXN00002178,CUST1285,2026-07-03 13:15:49,720.86,travel,"chicago, us",web,0
TXN00002179,CUST1189,2026-07-03 13:17:07,41.8,grocery,"los angeles, us",web,0
TXN00002180,CUST1059,2026-07-03 13:19:56,693.27,transfer,"miami, us",mobile,0
TXN00002181,CUST1391,2026-07-03 13:26:12,60.0,cash_withdrawal,"chicago, us",atm,0
TXN00002182,CUST1143,2026-07-03 13:29:41,29.69,dining,"miami, us",web,0
TXN00002183,CUST1294,2026-07-03 13:34:00,338.65,transfer,"los angeles, us",web,0
TXN00002184,CUST1116,2026-07-03 13:40:41,36.01,dining,"houston, us",mobile,0
TXN00002185,CUST1414,2026-07-03 13:41:47,60.0,cash_withdrawal,"los angeles, us",atm,0
TXN00002186,CUST1220,2026-07-03 13:46:48,153.29,online_retail,"houston, us",web,0
TXN00002187,CUST1433,2026-07-03 13:52:43,46.15,transfer,"houston, us",web,0
TXN00002188,CUST1288,2026-07-03 13:57:04,662.18,transfer,"new york, us",mobile,0
TXN00002189,CUST1499,2026-07-03 14:02:51,508.29,transfer,"houston, us",pos,0
TXN00002190,CUST1393,2026-07-03 14:07:44,32.55,grocery,"new york, us",atm,0
TXN00002191,CUST1420,2026-07-03 14:13:44,57.82,grocery,"miami, us",pos,0
TXN00002192,CUST1319,2026-07-03 14:18:30,182.26,transfer,"miami, us",pos,0
TXN00002193,CUST1315,2026-07-03 14:23:32,1262.63,transfer,"new york, us",web,0
TXN00002194,CUST1346,2026-07-03 14:27:42,50.09,grocery,"houston, us",mobile,0
TXN00002195,CUST1330,2026-07-03 14:31:55,62.97,dining,"houston, us",web,0
TXN00002196,CUST1286,2026-07-03 14:36:52,74.44,transfer,"houston, us",pos,0
TXN00002197,CUST1014,2026-07-03 14:44:19,68.65,dining,"chicago, us",atm,0
TXN00002198,CUST1312,2026-07-03 14:45:49,36.26,dining,"chicago, us",mobile,0
TXN00002199,CUST1476,2026-07-03 14:50:18,73.1,transfer,"new york, us",pos,0
TXN00002200,CUST1337,2026-07-03 14:50:56,23.81,transfer,"chicago, us",mobile,0
TXN00002201,CUST1425,2026-07-03 14:54:26,266.13,transfer,"chicago, us",pos,0
TXN00002202,CUST1356,2026-07-03 14:56:50,122.43,online_retail,"miami, us",web,0
TXN00002203,CUST1137,2026-07-03 15:01:13,846.43,travel,"miami, us",web,0
TXN00002204,CUST1015,2026-07-03 15:06:25,744.91,travel,"miami, us",atm,0
TXN00002205,CUST1093,2026-07-03 15:14:52,54.89,grocery,"new york, us",atm,0
TXN00002206,CUST1140,2026-07-03 15:18:15,52.92,grocery,"new york, us",pos,0
TXN00002207,CUST1360,2026-07-03 15:23:40,44.7,grocery,"new york, us",mobile,0
TXN00002208,CUST1391,2026-07-03 15:29:36,82.26,transfer,"houston, us",mobile,0
TXN00002209,CUST1159,2026-07-03 15:32:46,605.95,transfer,"new york, us",web,0
TXN00002210,CUST1472,2026-07-03 15:39:28,52.53,grocery,"miami, us",web,0
TXN00002211,CUST1174,2026-07-03 15:47:58,929.4,travel,"miami, us",atm,0
TXN00002212,CUST1180,2026-07-03 15:50:33,300.0,cash_withdrawal,"houston, us",atm,0
TXN00002213,CUST1004,2026-07-03 15:53:27,200.0,cash_withdrawal,"houston, us",atm,0
TXN00002214,CUST1093,2026-07-03 15:54:08,34.9,grocery,"houston, us",atm,0
TXN00002215,CUST1446,2026-07-03 15:54:32,67.1,grocery,"new york, us",web,0
TXN00002216,CUST1074,2026-07-03 15:59:44,211.13,transfer,"houston, us",mobile,0
TXN00002217,CUST1290,2026-07-03 16:00:17,36.69,dining,"miami, us",atm,0
TXN00002218,CUST1337,2026-07-03 16:01:32,926.49,travel,"chicago, us",web,0
TXN00002219,CUST1206,2026-07-03 16:08:50,48.63,grocery,"miami, us",pos,0
TXN00002220,CUST1036,2026-07-03 16:12:07,20.0,cash_withdrawal,"houston, us",atm,0
TXN00002221,CUST1073,2026-07-03 16:15:15,16.4,grocery,"new york, us",pos,0
TXN00002222,CUST1380,2026-07-03 16:22:19,274.26,online_retail,"los angeles, us",web,0
TXN00002223,CUST1325,2026-07-03 16:28:48,20.0,cash_withdrawal,"chicago, us",atm,0
TXN00002224,CUST1498,2026-07-03 16:33:56,20.01,dining,"houston, us",atm,0
TXN00002225,CUST1016,2026-07-03 16:34:19,29.9,dining,"miami, us",atm,0
TXN00002226,CUST1047,2026-07-03 16:41:00,56.81,dining,"houston, us",mobile,0
TXN00002227,CUST1383,2026-07-03 16:48:46,25.91,online_retail,"los angeles, us",mobile,0
TXN00002228,CUST1272,2026-07-03 16:54:16,736.68,travel,"houston, us",pos,0
TXN00002229,CUST1111,2026-07-03 16:57:20,102.28,transfer,"houston, us",atm,0
TXN00002230,CUST1193,2026-07-03 17:00:44,100.0,cash_withdrawal,"miami, us",atm,0
TXN00002231,CUST1215,2026-07-03 17:01:43,32.16,dining,"new york, us",atm,0
TXN00002232,CUST1233,2026-07-03 17:05:32,369.4,travel,"chicago, us",atm,0
TXN00002233,CUST1175,2026-07-03 17:08:38,99.77,online_retail,"chicago, us",mobile,0
TXN00002234,CUST1081,2026-07-03 17:17:15,790.9,travel,"los angeles, us",pos,0
TXN00002235,CUST1190,2026-07-03 17:20:27,68.86,grocery,"houston, us",web,0
TXN00002236,CUST1160,2026-07-03 17:24:07,311.01,transfer,"houston, us",pos,0
TXN00002237,CUST1370,2026-07-03 17:27:16,40.0,cash_withdrawal,"houston, us",atm,0
TXN00002238,CUST1167,2026-07-03 17:27:54,75.17,online_retail,"miami, us",mobile,0
TXN00002239,CUST1398,2026-07-03 17:33:42,572.5,transfer,"houston, us",web,0
TXN00002240,CUST1483,2026-07-03 17:35:57,105.6,online_retail,"chicago, us",mobile,0
TXN00002241,CUST1291,2026-07-03 17:38:13,50.57,grocery,"chicago, us",pos,0
TXN00002242,CUST1306,2026-07-03 17:40:23,40.0,cash_withdrawal,"houston, us",atm,0
TXN00002243,CUST1044,2026-07-03 17:46:04,52.03,grocery,"houston, us",pos,0
TXN00002244,CUST1453,2026-07-03 17:48:53,30.25,online_retail,"chicago, us",mobile,0
TXN00002245,CUST1027,2026-07-03 17:54:06,200.0,cash_withdrawal,"miami, us",atm,0
TXN00002246,CUST1080,2026-07-03 17:54:59,100.0,cash_withdrawal,"chicago, us",atm,0
TXN00002247,CUST1081,2026-07-03 18:02:55,305.24,travel,"houston, us",web,0
TXN00002248,CUST1387,2026-07-03 18:08:57,63.75,dining,"chicago, us",pos,0
TXN00002249,CUST1317,2026-07-03 18:09:40,30.71,dining,"chicago, us",mobile,0
TXN00002250,CUST1026,2026-07-03 18:17:14,44.02,dining,"miami, us",mobile,0
TXN00002251,CUST1346,2026-07-03 18:20:00,200.0,cash_withdrawal,"los angeles, us",atm,0
TXN00002252,CUST1042,2026-07-03 18:21:08,54.25,grocery,"chicago, us",pos,0
TXN00002253,CUST1140,2026-07-03 18:24:10,34.82,dining,"los angeles, us",pos,0
TXN00002254,CUST1227,2026-07-03 18:25:46,51.73,dining,"new york, us",web,0
TXN00002255,CUST1339,2026-07-03 18:26:06,59.12,online_retail,"miami, us",mobile,0
TXN00002256,CUST1218,2026-07-03 18:30:51,42.88,grocery,"miami, us",atm,0
TXN00002257,CUST1249,2026-07-03 18:33:47,70.64,grocery,"miami, us",pos,0
TXN00002258,CUST1311,2026-07-03 18:34:16,65.19,grocery,"new york, us",mobile,0
TXN00002259,CUST1227,2026-07-03 18:38:21,100.0,cash_withdrawal,"los angeles, us",atm,0
TXN00002260,CUST1213,2026-07-03 18:44:07,20.96,grocery,"new york, us",atm,0
TXN00002261,CUST1140,2026-07-03 18:51:39,631.46,travel,"chicago, us",pos,0
TXN00002262,CUST1111,2026-07-03 18:55:25,60.0,cash_withdrawal,"los angeles, us",atm,0
TXN00002263,CUST1387,2026-07-03 19:00:25,91.72,transfer,"houston, us",pos,0
TXN00002264,CUST1263,2026-07-03 19:04:58,40.0,cash_withdrawal,"los angeles, us",atm,0
TXN00002265,CUST1059,2026-07-03 19:12:49,15.06,online_retail,"new york, us",mobile,0
TXN00002266,CUST1177,2026-07-03 19:16:34,857.17,travel,"chicago, us",atm,0
TXN00002267,CUST1221,2026-07-03 19:19:00,30.25,grocery,"miami, us",web,0
TXN00002268,CUST1057,2026-07-03 19:19:20,427.83,online_retail,"los angeles, us",mobile,0
TXN00002269,CUST1146,2026-07-03 19:25:26,317.43,online_retail,"los angeles, us",mobile,0
TXN00002270,CUST1348,2026-07-03 19:29:36,780.9,travel,"chicago, us",atm,0
TXN00002271,CUST1348,2026-07-03 19:34:47,60.0,cash_withdrawal,"houston, us",atm,0
TXN00002272,CUST1304,2026-07-03 19:35:08,100.0,cash_withdrawal,"new york, us",atm,0
TXN00002273,CUST1250,2026-07-03 19:43:42,40.0,cash_withdrawal,"new york, us",atm,0
TXN00002274,CUST1270,2026-07-03 19:46:34,53.35,dining,"miami, us",pos,0
TXN00002275,CUST1342,2026-07-03 19:49:57,348.07,transfer,"chicago, us",atm,0
TXN00002276,CUST1158,2026-07-03 19:54:59,55.22,online_retail,"new york, us",web,0
TXN00002277,CUST1024,2026-07-03 19:58:28,60.0,cash_withdrawal,"new york, us",atm,0
TXN00002278,CUST1113,2026-07-03 20:01:23,45.45,dining,"los angeles, us",web,0
TXN00002279,CUST1203,2026-07-03 20:06:26,59.76,grocery,"los angeles, us",mobile,0
TXN00002280,CUST1307,2026-07-03 20:07:26,35.51,grocery,"chicago, us",atm,0
TXN00002281,CUST1029,2026-07-03 20:14:29,43.0,dining,"houston, us",web,0
TXN00002282,CUST1004,2026-07-03 20:18:49,98.87,online_retail,"chicago, us",web,0
TXN00002283,CUST1105,2026-07-03 20:19:50,205.05,transfer,"miami, us",atm,0
TXN00002284,CUST1155,2026-07-03 20:25:53,619.78,transfer,"houston, us",mobile,0
TXN00002285,CUST1485,2026-07-03 20:31:48,257.33,transfer,"chicago, us",web,0
TXN00002286,CUST1109,2026-07-03 20:33:43,45.06,dining,"houston, us",mobile,0
TXN00002287,CUST1393,2026-07-03 20:36:45,55.2,transfer,"new york, us",atm,0
TXN00002288,CUST1071,2026-07-03 20:41:09,38.73,dining,"new york, us",atm,0
TXN00002289,CUST1392,2026-07-03 20:45:36,92.37,online_retail,"chicago, us",web,0
TXN00002290,CUST1131,2026-07-03 20:52:41,16.44,online_retail,"los angeles, us",web,0
TXN00002291,CUST1149,2026-07-03 20:59:22,46.64,dining,"new york, us",web,0
TXN00002292,CUST1168,2026-07-03 21:05:13,200.0,cash_withdrawal,"chicago, us",atm,0
TXN00002293,CUST1062,2026-07-03 21:08:16,43.81,dining,"los angeles, us",atm,0
TXN00002294,CUST1004,2026-07-03 21:09:51,118.57,transfer,"los angeles, us",web,0
TXN00002295,CUST1255,2026-07-03 21:15:15,40.0,cash_withdrawal,"miami, us",atm,0
TXN00002296,CUST1383,2026-07-03 21:17:58,303.15,online_retail,"los angeles, us",web,0
TXN00002297,CUST1221,2026-07-03 21:21:14,728.28,travel,"miami, us",mobile,0
TXN00002298,CUST1090,2026-07-03 21:29:40,220.34,online_retail,"los angeles, us",web,0
TXN00002299,CUST1067,2026-07-03 21:33:33,34.81,dining,"houston, us",atm,0
TXN00002300,CUST1195,2026-07-03 21:35:26,510.28,transfer,"new york, us",atm,0
TXN00002301,CUST1273,2026-07-03 21:39:50,21.29,dining,"new york, us",atm,0
TXN00002302,CUST1361,2026-07-03 21:45:25,66.29,grocery,"houston, us",pos,0
TXN00002303,CUST1118,2026-07-03 21:52:48,29.28,dining,"los angeles, us",mobile,0
TXN00002304,CUST1257,2026-07-03 22:01:16,638.49,transfer,"chicago, us",web,0
TXN00002305,CUST1287,2026-07-03 22:08:09,62.12,grocery,"los angeles, us",pos,0
TXN00002306,CUST1427,2026-07-03 22:08:57,55.09,grocery,"los angeles, us",mobile,0
TXN00002307,CUST1343,2026-07-03 22:16:17,253.41,transfer,"los angeles, us",mobile,0
TXN00002308,CUST1413,2026-07-03 22:23:42,27.08,dining,"houston, us",mobile,0
TXN00002309,CUST1182,2026-07-03 22:28:26,300.0,cash_withdrawal,"new york, us",atm,0
TXN00002310,CUST1037,2026-07-03 22:30:25,50.46,transfer,"los angeles, us",web,0
TXN00002311,CUST1204,2026-07-03 22:33:02,21.72,grocery,"chicago, us",mobile,0
TXN00002312,CUST1442,2026-07-03 22:35:27,146.83,online_retail,"houston, us",mobile,0
TXN00002313,CUST1380,2026-07-03 22:36:01,34.07,dining,"miami, us",atm,0
TXN00002314,CUST1022,2026-07-03 22:38:43,62.91,online_retail,"houston, us",mobile,0
TXN00002315,CUST1224,2026-07-03 22:43:46,61.0,dining,"houston, us",mobile,0
TXN00002316,CUST1010,2026-07-03 22:47:21,40.0,cash_withdrawal,"chicago, us",atm,0
TXN00002317,CUST1236,2026-07-03 22:54:22,22.72,dining,"miami, us",web,0
TXN00002318,CUST1472,2026-07-03 22:56:27,707.08,travel,"los angeles, us",atm,0
TXN00002319,CUST1040,2026-07-03 23:01:56,57.98,dining,"miami, us",mobile,0
TXN00002320,CUST1442,2026-07-03 23:08:26,58.05,dining,"miami, us",mobile,0
TXN00002321,CUST1161,2026-07-03 23:16:46,300.0,cash_withdrawal,"chicago, us",atm,0
TXN00002322,CUST1295,2026-07-03 23:17:43,60.0,cash_withdrawal,"chicago, us",atm,0
TXN00002323,CUST1220,2026-07-03 23:24:00,81.49,transfer,"los angeles, us",web,0
TXN00002324,CUST1294,2026-07-03 23:31:22,44.68,transfer,"los angeles, us",atm,0
TXN00002325,CUST1208,2026-07-03 23:36:28,51.07,online_retail,"los angeles, us",web,0
TXN00002326,CUST1364,2026-07-03 23:37:26,247.4,online_retail,"new york, us",web,0
TXN00002327,CUST1328,2026-07-03 23:42:39,20.0,cash_withdrawal,"los angeles, us",atm,0
TXN00002328,CUST1214,2026-07-03 23:45:41,30.59,transfer,"miami, us",atm,0
TXN00002329,CUST1149,2026-07-03 23:48:10,282.26,transfer,"miami, us",mobile,0
TXN00002330,CUST1059,2026-07-03 23:48:54,818.48,online_retail,"houston, us",web,0
TXN00002331,CUST1208,2026-07-03 23:53:54,653.61,travel,"chicago, us",mobile,0
TXN00002332,CUST1011,2026-07-04 00:00:54,51.05,grocery,"miami, us",web,0
TXN00002333,CUST1495,2026-07-04 00:05:35,200.0,cash_withdrawal,"miami, us",atm,0
TXN00002334,CUST1167,2026-07-04 00:09:48,63.24,dining,"los angeles, us",pos,0
TXN00002335,CUST1088,2026-07-04 00:13:36,19.86,online_retail,"houston, us",web,0
TXN00002336,CUST1411,2026-07-04 00:15:33,55.21,grocery,"houston, us",atm,0
TXN00002337,CUST1486,2026-07-04 00:18:40,67.45,grocery,"los angeles, us",atm,0
TXN00002338,CUST1317,2026-07-04 00:25:37,28.31,online_retail,"chicago, us",mobile,0
TXN00002339,CUST1236,2026-07-04 00:26:26,24.78,online_retail,"houston, us",web,0
TXN00002340,CUST1426,2026-07-04 00:32:09,45.3,dining,"chicago, us",atm,0
TXN00002341,CUST1354,2026-07-04 00:39:20,59.63,grocery,"los angeles, us",mobile,0
TXN00002342,CUST1471,2026-07-04 00:42:04,59.8,grocery,"los angeles, us",pos,0
TXN00002343,CUST1186,2026-07-04 00:46:32,1271.88,travel,"new york, us",pos,0
TXN00002344,CUST1046,2026-07-04 00:53:33,100.0,cash_withdrawal,"miami, us",atm,0
TXN00002345,CUST1224,2026-07-04 00:56:16,3.8,dining,"new york, us",pos,0
TXN00002346,CUST1433,2026-07-04 01:00:07,39.68,grocery,"new york, us",pos,0
TXN00002347,CUST1055,2026-07-04 01:05:56,968.51,travel,"miami, us",pos,0
TXN00002348,CUST1125,2026-07-04 01:10:42,32.96,dining,"los angeles, us",atm,0
TXN00002349,CUST1224,2026-07-04 01:13:32,300.0,cash_withdrawal,"los angeles, us",atm,0
TXN00002350,CUST1302,2026-07-04 01:15:24,296.33,transfer,"los angeles, us",web,0
TXN00002351,CUST1206,2026-07-04 01:19:06,300.0,cash_withdrawal,"chicago, us",atm,0
TXN00002352,CUST1269,2026-07-04 01:22:41,37.25,dining,"los angeles, us",atm,0
TXN00002353,CUST1041,2026-07-04 01:24:59,838.22,travel,"chicago, us",web,0
TXN00002354,CUST1203,2026-07-04 01:30:28,72.25,dining,"miami, us",web,0
TXN00002355,CUST1446,2026-07-04 01:35:01,144.36,online_retail,"houston, us",mobile,0
TXN00002356,CUST1159,2026-07-04 01:39:03,69.72,grocery,"miami, us",web,0
TXN00002357,CUST1382,2026-07-04 01:44:56,19.71,dining,"miami, us",web,0
TXN00002358,CUST1174,2026-07-04 01:51:36,55.66,dining,"new york, us",mobile,0
TXN00002359,CUST1114,2026-07-04 01:56:26,358.63,travel,"los angeles, us",mobile,0
TXN00002360,CUST1171,2026-07-04 01:58:08,40.6,dining,"chicago, us",atm,0
TXN00002361,CUST1399,2026-07-04 02:05:49,46.15,grocery,"houston, us",web,0
TXN00002362,CUST1087,2026-07-04 02:06:08,13.96,grocery,"miami, us",pos,0
TXN00002363,CUST1040,2026-07-04 02:11:39,56.36,grocery,"new york, us",atm,0
TXN00002364,CUST1262,2026-07-04 02:17:49,42.87,dining,"chicago, us",mobile,0
TXN00002365,CUST1325,2026-07-04 02:22:23,60.0,cash_withdrawal,"new york, us",atm,0
TXN00002366,CUST1059,2026-07-04 02:29:54,295.38,transfer,"new york, us",web,0
TXN00002367,CUST1272,2026-07-04 02:31:39,214.15,online_retail,"new york, us",mobile,0
TXN00002368,CUST1262,2026-07-04 02:36:44,84.36,grocery,"los angeles, us",mobile,0
TXN00002369,CUST1100,2026-07-04 02:41:09,21.04,online_retail,"los angeles, us",web,0
TXN00002370,CUST1464,2026-07-04 02:43:08,51.61,grocery,"new york, us",pos,0
TXN00002371,CUST1398,2026-07-04 02:48:56,300.0,cash_withdrawal,"new york, us",atm,0
TXN00002372,CUST1179,2026-07-04 02:57:18,40.0,cash_withdrawal,"houston, us",atm,0
TXN00002373,CUST1180,2026-07-04 03:04:29,100.0,cash_withdrawal,"houston, us",atm,0
TXN00002374,CUST1373,2026-07-04 03:10:59,54.03,online_retail,"new york, us",web,0
TXN00002375,CUST1491,2026-07-04 03:19:09,31.21,dining,"miami, us",mobile,0
TXN00002376,CUST1420,2026-07-04 03:23:18,1.0,dining,"los angeles, us",mobile,0
TXN00002377,CUST1331,2026-07-04 03:25:45,544.95,travel,"los angeles, us",atm,0
TXN00002378,CUST1418,2026-07-04 03:33:54,100.0,cash_withdrawal,"los angeles, us",atm,0
TXN00002379,CUST1076,2026-07-04 03:39:30,60.0,cash_withdrawal,"houston, us",atm,0
TXN00002380,CUST1121,2026-07-04 03:44:12,1.0,dining,"houston, us",pos,0
TXN00002381,CUST1053,2026-07-04 03:51:16,42.74,online_retail,"miami, us",mobile,0
TXN00002382,CUST1075,2026-07-04 03:56:40,27.43,grocery,"chicago, us",web,0
TXN00002383,CUST1132,2026-07-04 04:04:06,61.4,grocery,"houston, us",web,0
TXN00002384,CUST1102,2026-07-04 04:10:49,51.24,grocery,"los angeles, us",mobile,0
TXN00002385,CUST1089,2026-07-04 04:18:43,10.83,online_retail,"new york, us",mobile,0
TXN00002386,CUST1309,2026-07-04 04:22:35,10.85,dining,"miami, us",web,0
TXN00002387,CUST1079,2026-07-04 04:30:43,11.15,online_retail,"chicago, us",mobile,0
TXN00002388,CUST1390,2026-07-04 04:35:42,300.0,cash_withdrawal,"new york, us",atm,0
TXN00002389,CUST1389,2026-07-04 04:42:04,100.0,cash_withdrawal,"los angeles, us",atm,0
TXN00002390,CUST1336,2026-07-04 04:47:34,522.7,travel,"miami, us",pos,0
TXN00002391,CUST1039,2026-07-04 04:48:14,20.0,cash_withdrawal,"los angeles, us",atm,0
TXN00002392,CUST1091,2026-07-04 04:52:51,38.72,grocery,"new york, us",mobile,0
TXN00002393,CUST1488,2026-07-04 04:54:43,679.79,travel,"houston, us",atm,0
TXN00002394,CUST1396,2026-07-04 04:57:59,235.64,transfer,"los angeles, us",mobile,0
TXN00002395,CUST1322,2026-07-04 05:02:05,66.81,dining,"los angeles, us",web,0
TXN00002396,CUST1253,2026-07-04 05:03:30,55.66,grocery,"miami, us",atm,0
TXN00002397,CUST1238,2026-07-04 05:05:43,85.88,online_retail,"new york, us",mobile,0
TXN00002398,CUST1387,2026-07-04 05:07:10,36.39,dining,"los angeles, us",pos,0
TXN00002399,CUST1289,2026-07-04 05:13:42,40.0,cash_withdrawal,"miami, us",atm,0
TXN00002400,CUST1390,2026-07-04 05:19:42,44.26,dining,"miami, us",web,0
TXN00002401,CUST1297,2026-07-04 05:26:23,40.0,cash_withdrawal,"miami, us",atm,0
TXN00002402,CUST1230,2026-07-04 05:29:06,28.13,online_retail,"new york, us",mobile,0
TXN00002403,CUST1349,2026-07-04 05:36:28,147.04,transfer,"houston, us",web,0
TXN00002404,CUST1474,2026-07-04 05:40:20,412.01,travel,"los angeles, us",web,0
TXN00002405,CUST1452,2026-07-04 05:44:00,40.0,cash_withdrawal,"miami, us",atm,0
TXN00002406,CUST1290,2026-07-04 05:46:53,869.0,travel,"los angeles, us",web,0
TXN00002407,CUST1330,2026-07-04 05:54:23,605.33,travel,"new york, us",pos,0
TXN00002408,CUST1326,2026-07-04 06:01:38,224.1,transfer,"miami, us",atm,0
TXN00002409,CUST1320,2026-07-04 06:09:34,500.22,travel,"new york, us",web,0
TXN00002410,CUST1166,2026-07-04 06:10:16,26.94,dining,"new york, us",mobile,0
TXN00002411,CUST1443,2026-07-04 06:15:50,29.33,grocery,"los angeles, us",web,0
TXN00002412,CUST1498,2026-07-04 06:17:44,22.13,grocery,"miami, us",web,0
TXN00002413,CUST1322,2026-07-04 06:25:07,200.0,cash_withdrawal,"los angeles, us",atm,0
TXN00002414,CUST1162,2026-07-04 06:28:48,62.47,grocery,"houston, us",mobile,0
TXN00002415,CUST1078,2026-07-04 06:31:14,36.37,dining,"new york, us",atm,0
TXN00002416,CUST1226,2026-07-04 06:38:25,793.01,travel,"houston, us",atm,0
TXN00002417,CUST1035,2026-07-04 06:41:01,65.52,online_retail,"houston, us",mobile,0
TXN00002418,CUST1241,2026-07-04 06:46:41,72.97,grocery,"new york, us",mobile,0
TXN00002419,CUST1227,2026-07-04 06:48:13,30.34,dining,"los angeles, us",mobile,0
TXN00002420,CUST1324,2026-07-04 06:50:34,636.7,travel,"miami, us",atm,0
TXN00002421,CUST1156,2026-07-04 06:56:35,54.68,online_retail,"houston, us",web,0
TXN00002422,CUST1408,2026-07-04 07:01:52,100.0,cash_withdrawal,"miami, us",atm,0
TXN00002423,CUST1141,2026-07-04 07:04:02,38.41,transfer,"los angeles, us",pos,0
TXN00002424,CUST1303,2026-07-04 07:07:39,1003.06,travel,"los angeles, us",mobile,0
TXN00002425,CUST1029,2026-07-04 07:09:51,56.48,transfer,"los angeles, us",atm,0
TXN00002426,CUST1181,2026-07-04 07:10:59,165.27,transfer,"houston, us",atm,0
TXN00002427,CUST1260,2026-07-04 07:12:25,60.0,cash_withdrawal,"miami, us",atm,0
TXN00002428,CUST1038,2026-07-04 07:14:13,63.45,grocery,"chicago, us",atm,0
TXN00002429,CUST1159,2026-07-04 07:14:37,200.0,cash_withdrawal,"miami, us",atm,0
TXN00002430,CUST1237,2026-07-04 07:16:52,17.72,grocery,"chicago, us",pos,0
TXN00002431,CUST1232,2026-07-04 07:23:50,25.62,dining,"houston, us",mobile,0
TXN00002432,CUST1020,2026-07-04 07:31:03,58.7,transfer,"chicago, us",web,0
TXN00002433,CUST1030,2026-07-04 07:33:51,20.0,cash_withdrawal,"houston, us",atm,0
TXN00002434,CUST1189,2026-07-04 07:37:58,980.35,travel,"los angeles, us",atm,0
TXN00002435,CUST1426,2026-07-04 07:42:16,30.18,dining,"new york, us",atm,0
TXN00002436,CUST1147,2026-07-04 07:47:12,727.98,travel,"houston, us",mobile,0
TXN00002437,CUST1040,2026-07-04 07:55:49,200.0,cash_withdrawal,"houston, us",atm,0
TXN00002438,CUST1331,2026-07-04 07:59:42,351.3,transfer,"houston, us",pos,0
TXN00002439,CUST1443,2026-07-04 08:03:28,360.59,transfer,"miami, us",pos,0
TXN00002440,CUST1438,2026-07-04 08:09:09,77.39,online_retail,"miami, us",web,0
TXN00002441,CUST1047,2026-07-04 08:17:02,60.0,cash_withdrawal,"new york, us",atm,0
TXN00002442,CUST1315,2026-07-04 08:17:30,47.48,grocery,"chicago, us",atm,0
TXN00002443,CUST1305,2026-07-04 08:19:23,290.17,transfer,"chicago, us",web,0
TXN00002444,CUST1260,2026-07-04 08:20:54,200.0,cash_withdrawal,"miami, us",atm,0
TXN00002445,CUST1197,2026-07-04 08:23:23,651.68,travel,"chicago, us",mobile,0
TXN00002446,CUST1237,2026-07-04 08:24:42,55.18,dining,"new york, us",web,0
TXN00002447,CUST1298,2026-07-04 08:25:06,100.0,cash_withdrawal,"new york, us",atm,0
TXN00002448,CUST1284,2026-07-04 08:27:28,55.72,grocery,"new york, us",mobile,0
TXN00002449,CUST1489,2026-07-04 08:34:22,59.55,grocery,"houston, us",mobile,0
TXN00002450,CUST1406,2026-07-04 08:41:23,41.17,dining,"miami, us",mobile,0
TXN00002451,CUST1379,2026-07-04 08:43:55,40.0,cash_withdrawal,"chicago, us",atm,0
TXN00002452,CUST1459,2026-07-04 08:49:42,25.1,dining,"chicago, us",mobile,0
TXN00002453,CUST1022,2026-07-04 08:54:33,33.0,online_retail,"miami, us",web,0
TXN00002454,CUST1231,2026-07-04 08:56:13,11.77,online_retail,"chicago, us",mobile,0
TXN00002455,CUST1466,2026-07-04 09:01:52,200.0,cash_withdrawal,"los angeles, us",atm,0
TXN00002456,CUST1415,2026-07-04 09:09:18,184.47,transfer,"houston, us",pos,0
TXN00002457,CUST1293,2026-07-04 09:09:49,124.88,transfer,"new york, us",pos,0
TXN00002458,CUST1334,2026-07-04 09:18:12,90.17,grocery,"new york, us",web,0
TXN00002459,CUST1097,2026-07-04 09:24:31,478.59,travel,"chicago, us",mobile,0
TXN00002460,CUST1165,2026-07-04 09:28:49,20.61,grocery,"new york, us",pos,0
TXN00002461,CUST1310,2026-07-04 09:35:39,411.88,transfer,"houston, us",mobile,0
TXN00002462,CUST1244,2026-07-04 09:35:59,60.0,cash_withdrawal,"los angeles, us",atm,0
TXN00002463,CUST1257,2026-07-04 09:36:37,54.65,dining,"houston, us",pos,0
TXN00002464,CUST1078,2026-07-04 09:44:07,59.39,dining,"miami, us",web,0
TXN00002465,CUST1491,2026-07-04 09:51:56,300.0,cash_withdrawal,"chicago, us",atm,0
TXN00002466,CUST1032,2026-07-04 09:52:48,20.0,cash_withdrawal,"miami, us",atm,0
TXN00002467,CUST1231,2026-07-04 09:55:38,373.78,transfer,"new york, us",mobile,0
TXN00002468,CUST1053,2026-07-04 10:00:56,56.41,grocery,"houston, us",mobile,0
TXN00002469,CUST1416,2026-07-04 10:03:38,188.6,transfer,"los angeles, us",atm,0
TXN00002470,CUST1461,2026-07-04 10:11:11,355.31,transfer,"new york, us",mobile,0
TXN00002471,CUST1429,2026-07-04 10:11:53,21.12,dining,"chicago, us",pos,0
TXN00002472,CUST1176,2026-07-04 10:19:44,20.0,cash_withdrawal,"houston, us",atm,0
TXN00002473,CUST1366,2026-07-04 10:28:03,486.75,transfer,"chicago, us",atm,0
TXN00002474,CUST1044,2026-07-04 10:31:41,326.35,travel,"chicago, us",web,0
TXN00002475,CUST1259,2026-07-04 10:39:30,98.7,online_retail,"houston, us",web,0
TXN00002476,CUST1331,2026-07-04 10:42:46,57.92,grocery,"new york, us",pos,0
TXN00002477,CUST1089,2026-07-04 10:48:39,200.0,cash_withdrawal,"houston, us",atm,0
TXN00002478,CUST1021,2026-07-04 10:54:25,57.33,grocery,"chicago, us",atm,0
TXN00002479,CUST1127,2026-07-04 11:02:08,22.71,grocery,"los angeles, us",mobile,0
TXN00002480,CUST1363,2026-07-04 11:03:04,26.14,dining,"los angeles, us",web,0
TXN00002481,CUST1225,2026-07-04 11:06:37,281.82,transfer,"chicago, us",atm,0
TXN00002482,CUST1225,2026-07-04 11:14:49,66.09,dining,"houston, us",pos,0
TXN00002483,CUST1269,2026-07-04 11:22:08,184.38,travel,"chicago, us",pos,0
TXN00002484,CUST1268,2026-07-04 11:28:28,60.65,dining,"chicago, us",web,0
TXN00002485,CUST1313,2026-07-04 11:35:49,62.53,dining,"los angeles, us",mobile,0
TXN00002486,CUST1082,2026-07-04 11:37:10,33.64,grocery,"miami, us",web,0
TXN00002487,CUST1187,2026-07-04 11:39:20,497.3,travel,"new york, us",web,0
TXN00002488,CUST1191,2026-07-04 11:40:27,188.91,transfer,"chicago, us",web,0
TXN00002489,CUST1470,2026-07-04 11:45:29,66.15,transfer,"miami, us",mobile,0
TXN00002490,CUST1145,2026-07-04 11:51:55,18351.46,online_retail,"los angeles, us",web,1
TXN00002491,CUST1199,2026-07-04 11:56:21,73.67,online_retail,"houston, us",web,0
TXN00002492,CUST1210,2026-07-04 12:04:28,70.33,transfer,"los angeles, us",atm,0
TXN00002493,CUST1397,2026-07-04 12:05:39,612.39,travel,"chicago, us",web,0
TXN00002494,CUST1174,2026-07-04 12:10:16,60.0,cash_withdrawal,"chicago, us",atm,0
TXN00002495,CUST1348,2026-07-04 12:16:06,47.58,grocery,"los angeles, us",pos,0
TXN00002496,CUST1307,2026-07-04 12:23:20,11.75,dining,"los angeles, us",pos,0
TXN00002497,CUST1027,2026-07-04 12:28:27,21.16,online_retail,"miami, us",mobile,0
TXN00002498,CUST1405,2026-07-04 12:36:43,20.0,cash_withdrawal,"houston, us",atm,0
TXN00002499,CUST1324,2026-07-04 12:43:29,64.27,dining,"new york, us",mobile,0
TXN00002500,CUST1332,2026-07-04 12:51:35,20.0,cash_withdrawal,"chicago, us",atm,0
TXN00002501,CUST1172,2026-07-04 12:56:13,6.33,dining,"chicago, us",atm,0
TXN00002502,CUST1034,2026-07-04 12:58:31,23.88,dining,"los angeles, us",pos,0
TXN00002503,CUST1169,2026-07-04 13:02:55,59.3,dining,"houston, us",pos,0
TXN00002504,CUST1049,2026-07-04 13:10:37,1003.9,travel,"new york, us",pos,0
TXN00002505,CUST1286,2026-07-04 13:11:33,156.05,transfer,"miami, us",atm,0
TXN00002506,CUST1348,2026-07-04 13:13:44,77.83,dining,"miami, us",web,0
TXN00002507,CUST1198,2026-07-04 13:19:01,43.07,grocery,"houston, us",mobile,0
TXN00002508,CUST1146,2026-07-04 13:20:13,32.72,online_retail,"miami, us",web,0
TXN00002509,CUST1130,2026-07-04 13:26:58,109.71,online_retail,"los angeles, us",web,0
TXN00002510,CUST1371,2026-07-04 13:34:01,200.0,cash_withdrawal,"los angeles, us",atm,0
TXN00002511,CUST1437,2026-07-04 13:36:51,14.19,online_retail,"miami, us",mobile,0
TXN00002512,CUST1337,2026-07-04 13:39:49,58.19,grocery,"miami, us",mobile,0
TXN00002513,CUST1494,2026-07-04 13:47:05,50.1,grocery,"houston, us",atm,0
TXN00002514,CUST1465,2026-07-04 13:52:14,31.27,dining,"miami, us",atm,0
TXN00002515,CUST1309,2026-07-04 13:58:41,29.43,transfer,"new york, us",pos,0
TXN00002516,CUST1448,2026-07-04 14:02:10,572.6,travel,"chicago, us",atm,0
TXN00002517,CUST1077,2026-07-04 14:09:12,167.3,transfer,"los angeles, us",pos,0
TXN00002518,CUST1171,2026-07-04 14:15:45,535.3,travel,"miami, us",mobile,0
TXN00002519,CUST1042,2026-07-04 14:22:15,20.0,cash_withdrawal,"chicago, us",atm,0
TXN00002520,CUST1299,2026-07-04 14:24:25,999.66,travel,"los angeles, us",pos,0
TXN00002521,CUST1340,2026-07-04 14:32:33,740.23,travel,"houston, us",mobile,0
TXN00002522,CUST1073,2026-07-04 14:36:19,526.13,travel,"houston, us",web,0
TXN00002523,CUST1470,2026-07-04 14:38:20,774.24,travel,"miami, us",mobile,0
TXN00002524,CUST1180,2026-07-04 14:39:43,44.99,grocery,"los angeles, us",atm,0
TXN00002525,CUST1159,2026-07-04 14:40:47,200.0,cash_withdrawal,"chicago, us",atm,0
TXN00002526,CUST1496,2026-07-04 14:42:26,297.1,transfer,"houston, us",pos,0
TXN00002527,CUST1336,2026-07-04 14:44:25,9.21,dining,"new york, us",mobile,0
TXN00002528,CUST1358,2026-07-04 14:52:51,72.42,online_retail,"new york, us",mobile,0
TXN00002529,CUST1340,2026-07-04 14:55:21,20.0,cash_withdrawal,"miami, us",atm,0
TXN00002530,CUST1201,2026-07-04 14:59:16,253.88,transfer,"chicago, us",web,0
TXN00002531,CUST1067,2026-07-04 15:02:55,35.11,online_retail,"miami, us",mobile,0
TXN00002532,CUST1305,2026-07-04 15:05:15,10.27,dining,"chicago, us",web,0
TXN00002533,CUST1363,2026-07-04 15:12:46,1033.13,travel,"chicago, us",pos,0
TXN00002534,CUST1481,2026-07-04 15:17:57,450.52,transfer,"miami, us",atm,0
TXN00002535,CUST1044,2026-07-04 15:18:35,1157.83,travel,"los angeles, us",pos,0
TXN00002536,CUST1159,2026-07-04 15:22:56,545.21,travel,"chicago, us",pos,0
TXN00002537,CUST1287,2026-07-04 15:27:39,68.42,grocery,"miami, us",mobile,0
TXN00002538,CUST1193,2026-07-04 15:31:00,64.0,online_retail,"los angeles, us",web,0
TXN00002539,CUST1330,2026-07-04 15:37:08,110.06,transfer,"miami, us",atm,0
TXN00002540,CUST1406,2026-07-04 15:45:23,300.0,cash_withdrawal,"new york, us",atm,0
TXN00002541,CUST1169,2026-07-04 15:46:30,14.77,dining,"miami, us",web,0
TXN00002542,CUST1417,2026-07-04 15:49:22,383.74,travel,"new york, us",atm,0
TXN00002543,CUST1066,2026-07-04 15:54:11,1796.87,dining,"tokyo, jp",mobile,1
TXN00002544,CUST1344,2026-07-04 15:57:57,1.0,dining,"los angeles, us",atm,0
TXN00002545,CUST1360,2026-07-04 16:02:10,61.22,grocery,"miami, us",atm,0
TXN00002546,CUST1425,2026-07-04 16:08:09,140.29,online_retail,"new york, us",web,0
TXN00002547,CUST1485,2026-07-04 16:10:25,64.97,transfer,"new york, us",web,0
TXN00002548,CUST1379,2026-07-04 16:18:48,81.48,dining,"houston, us",mobile,0
TXN00002549,CUST1351,2026-07-04 16:21:20,40.0,cash_withdrawal,"miami, us",atm,0
TXN00002550,CUST1468,2026-07-04 16:29:00,370.15,travel,"miami, us",mobile,0
TXN00002551,CUST1270,2026-07-04 16:35:51,1.0,dining,"miami, us",mobile,0
TXN00002552,CUST1048,2026-07-04 16:44:00,773.66,online_retail,"miami, us",web,0
TXN00002553,CUST1331,2026-07-04 16:45:24,528.5,travel,"houston, us",mobile,0
TXN00002554,CUST1344,2026-07-04 16:48:39,54.38,grocery,"miami, us",atm,0
TXN00002555,CUST1217,2026-07-04 16:52:52,40.0,cash_withdrawal,"los angeles, us",atm,0
TXN00002556,CUST1261,2026-07-04 16:59:08,57.99,dining,"new york, us",pos,0
TXN00002557,CUST1186,2026-07-04 17:02:26,20.0,cash_withdrawal,"houston, us",atm,0
TXN00002558,CUST1010,2026-07-04 17:09:36,136.38,online_retail,"chicago, us",web,0
TXN00002559,CUST1186,2026-07-04 17:12:23,292.61,travel,"new york, us",mobile,0
TXN00002560,CUST1159,2026-07-04 17:12:43,57.45,grocery,"miami, us",mobile,0
TXN00002561,CUST1093,2026-07-04 02:18:23,4068.4,transfer,"chicago, us",atm,1
TXN00002562,CUST1487,2026-07-04 17:26:48,39.4,dining,"chicago, us",mobile,0
TXN00002563,CUST1110,2026-07-04 17:34:41,458.07,travel,"new york, us",mobile,0
TXN00002564,CUST1175,2026-07-04 17:40:01,9.51,dining,"miami, us",mobile,0
TXN00002565,CUST1486,2026-07-04 17:40:28,1017.51,transfer,"new york, us",mobile,0
TXN00002566,CUST1393,2026-07-04 17:47:48,370.29,online_retail,"los angeles, us",mobile,0
TXN00002567,CUST1249,2026-07-04 17:54:16,660.23,travel,"los angeles, us",atm,0
TXN00002568,CUST1099,2026-07-04 18:00:05,45.32,dining,"miami, us",atm,0
TXN00002569,CUST1116,2026-07-04 18:07:04,1042.28,travel,"los angeles, us",atm,0
TXN00002570,CUST1071,2026-07-04 18:15:15,632.0,transfer,"chicago, us",atm,0
TXN00002571,CUST1080,2026-07-04 18:15:52,54.62,grocery,"chicago, us",web,0
TXN00002572,CUST1040,2026-07-04 18:21:55,30.0,online_retail,"new york, us",mobile,0
TXN00002573,CUST1152,2026-07-04 18:29:54,502.09,travel,"new york, us",pos,0
TXN00002574,CUST1433,2026-07-04 18:36:47,26.69,dining,"houston, us",web,0
TXN00002575,CUST1404,2026-07-04 18:42:40,57.46,dining,"houston, us",atm,0
TXN00002576,CUST1052,2026-07-04 18:44:52,568.85,travel,"miami, us",web,0
TXN00002577,CUST1260,2026-07-04 18:47:11,604.4,online_retail,"new york, us",mobile,0
TXN00002578,CUST1395,2026-07-04 18:52:03,306.85,travel,"miami, us",mobile,0
TXN00002579,CUST1277,2026-07-04 18:55:29,40.0,cash_withdrawal,"houston, us",atm,0
TXN00002580,CUST1428,2026-07-04 18:58:17,881.51,travel,"new york, us",web,0
TXN00002581,CUST1379,2026-07-04 19:03:54,587.15,travel,"houston, us",atm,0
TXN00002582,CUST1453,2026-07-04 19:12:14,13830.97,online_retail,"los angeles, us",web,1
TXN00002583,CUST1270,2026-07-04 19:18:22,11.04,dining,"chicago, us",mobile,0
TXN00002584,CUST1020,2026-07-04 19:21:37,88.15,transfer,"houston, us",mobile,0
TXN00002585,CUST1339,2026-07-04 19:29:29,225.2,online_retail,"miami, us",mobile,0
TXN00002586,CUST1173,2026-07-04 19:36:34,23.15,dining,"los angeles, us",pos,0
TXN00002587,CUST1449,2026-07-04 19:42:34,166.59,transfer,"chicago, us",atm,0
TXN00002588,CUST1393,2026-07-04 19:43:46,117.39,online_retail,"chicago, us",web,0
TXN00002589,CUST1317,2026-07-04 19:48:29,223.37,transfer,"miami, us",mobile,0
TXN00002590,CUST1068,2026-07-04 19:56:02,65.84,grocery,"new york, us",pos,0
TXN00002591,CUST1306,2026-07-04 19:58:13,655.81,travel,"los angeles, us",atm,0
TXN00002592,CUST1193,2026-07-04 20:05:42,20.0,cash_withdrawal,"chicago, us",atm,0
TXN00002593,CUST1079,2026-07-04 20:09:38,1204.91,transfer,"chicago, us",atm,0
TXN00002594,CUST1084,2026-07-04 20:13:06,40.0,cash_withdrawal,"miami, us",atm,0
TXN00002595,CUST1093,2026-07-04 20:13:20,67.91,grocery,"new york, us",atm,0
TXN00002596,CUST1426,2026-07-04 20:21:15,226.92,online_retail,"houston, us",mobile,0
TXN00002597,CUST1355,2026-07-04 20:29:36,275.66,transfer,"miami, us",mobile,0
TXN00002598,CUST1395,2026-07-04 20:33:07,44.95,grocery,"miami, us",pos,0
TXN00002599,CUST1320,2026-07-04 20:41:11,100.0,cash_withdrawal,"chicago, us",atm,0
TXN00002600,CUST1415,2026-07-04 20:49:41,63.32,dining,"new york, us",web,0
TXN00002601,CUST1463,2026-07-04 20:57:40,35.91,dining,"miami, us",atm,0
TXN00002602,CUST1085,2026-07-04 21:00:00,566.19,travel,"new york, us",atm,0
TXN00002603,CUST1370,2026-07-04 21:02:44,65.05,grocery,"new york, us",atm,0
TXN00002604,CUST1225,2026-07-04 21:03:40,20.0,cash_withdrawal,"new york, us",atm,0
TXN00002605,CUST1023,2026-07-04 21:11:49,86.66,dining,"new york, us",web,0
TXN00002606,CUST1211,2026-07-04 21:19:00,52.88,grocery,"miami, us",mobile,0
TXN00002607,CUST1187,2026-07-04 21:25:37,79.36,grocery,"miami, us",atm,0
TXN00002608,CUST1347,2026-07-04 21:27:47,404.8,transfer,"chicago, us",web,0
TXN00002609,CUST1369,2026-07-04 21:30:29,46.38,grocery,"houston, us",pos,0
TXN00002610,CUST1122,2026-07-04 21:32:26,406.78,travel,"new york, us",pos,0
TXN00002611,CUST1497,2026-07-04 21:39:56,126.74,transfer,"new york, us",mobile,0
TXN00002612,CUST1228,2026-07-04 21:47:41,76.64,online_retail,"chicago, us",web,0
TXN00002613,CUST1313,2026-07-04 21:49:13,509.56,transfer,"houston, us",mobile,0
TXN00002614,CUST1146,2026-07-04 21:57:11,56.11,grocery,"houston, us",web,0
TXN00002615,CUST1386,2026-07-04 22:01:05,36.58,grocery,"new york, us",pos,0
TXN00002616,CUST1384,2026-07-04 22:06:38,39.74,grocery,"los angeles, us",mobile,0
TXN00002617,CUST1402,2026-07-04 22:09:30,967.11,transfer,"chicago, us",atm,0
TXN00002618,CUST1230,2026-07-04 22:17:10,11.34,online_retail,"chicago, us",mobile,0
TXN00002619,CUST1120,2026-07-04 22:24:15,929.32,online_retail,"houston, us",mobile,0
TXN00002620,CUST1274,2026-07-04 22:30:57,64.3,grocery,"los angeles, us",pos,0
TXN00002621,CUST1123,2026-07-04 22:36:36,57.7,grocery,"miami, us",mobile,0
TXN00002622,CUST1159,2026-07-04 22:40:14,781.27,travel,"miami, us",pos,0
TXN00002623,CUST1495,2026-07-04 22:47:08,424.67,transfer,"los angeles, us",web,0
TXN00002624,CUST1415,2026-07-04 22:47:35,100.0,cash_withdrawal,"new york, us",atm,0
TXN00002625,CUST1402,2026-07-04 22:50:05,66.24,transfer,"miami, us",atm,0
TXN00002626,CUST1241,2026-07-04 22:57:38,729.04,travel,"chicago, us",atm,0
TXN00002627,CUST1463,2026-07-04 22:58:29,62.01,grocery,"chicago, us",mobile,0
TXN00002628,CUST1428,2026-07-04 23:05:40,55.09,dining,"los angeles, us",web,0
TXN00002629,CUST1100,2026-07-04 23:12:29,63.78,dining,"los angeles, us",web,0
TXN00002630,CUST1189,2026-07-04 23:20:40,290.54,online_retail,"miami, us",web,0
TXN00002631,CUST1348,2026-07-04 23:25:01,54.17,dining,"houston, us",atm,0
TXN00002632,CUST1485,2026-07-04 23:29:12,408.24,travel,"los angeles, us",mobile,0
TXN00002633,CUST1293,2026-07-04 23:35:39,53.18,grocery,"miami, us",atm,0
TXN00002634,CUST1226,2026-07-04 23:39:20,220.61,transfer,"los angeles, us",mobile,0
TXN00002635,CUST1237,2026-07-04 23:47:24,47.55,grocery,"new york, us",mobile,0
TXN00002636,CUST1394,2026-07-04 23:54:44,38.83,grocery,"houston, us",atm,0
TXN00002637,CUST1145,2026-07-04 23:57:44,88.41,online_retail,"miami, us",mobile,0
TXN00002638,CUST1399,2026-07-05 00:04:01,200.0,cash_withdrawal,"new york, us",atm,0
TXN00002639,CUST1196,2026-07-05 00:07:47,134.14,dining,"sydney, au",mobile,1
TXN00002640,CUST1258,2026-07-05 00:15:25,74.35,online_retail,"houston, us",web,0
TXN00002641,CUST1271,2026-07-05 00:23:25,20.0,cash_withdrawal,"new york, us",atm,0
TXN00002642,CUST1215,2026-07-05 00:30:34,51.6,grocery,"miami, us",atm,0
TXN00002643,CUST1495,2026-07-05 00:31:35,452.58,online_retail,"houston, us",web,0
TXN00002644,CUST1083,2026-07-05 00:38:47,21.26,online_retail,"los angeles, us",mobile,0
TXN00002645,CUST1419,2026-07-05 00:40:19,951.1,transfer,"miami, us",atm,0
TXN00002646,CUST1103,2026-07-05 00:46:26,241.81,transfer,"houston, us",atm,0
TXN00002647,CUST1411,2026-07-05 00:48:49,63.41,online_retail,"new york, us",mobile,0
TXN00002648,CUST1310,2026-07-05 00:53:18,43.99,transfer,"chicago, us",atm,0
TXN00002649,CUST1071,2026-07-05 00:54:01,566.31,travel,"new york, us",web,0
TXN00002650,CUST1447,2026-07-05 00:57:11,114.16,online_retail,"houston, us",web,0
TXN00002651,CUST1129,2026-07-05 01:00:56,53.18,dining,"los angeles, us",atm,0
TXN00002652,CUST1027,2026-07-05 01:06:14,64.06,grocery,"los angeles, us",pos,0
TXN00002653,CUST1329,2026-07-05 01:12:37,25.89,grocery,"los angeles, us",pos,0
TXN00002654,CUST1247,2026-07-05 01:19:43,99.34,transfer,"houston, us",mobile,0
TXN00002655,CUST1448,2026-07-05 01:24:33,38.56,grocery,"los angeles, us",pos,0
TXN00002656,CUST1191,2026-07-05 01:31:00,63.09,grocery,"new york, us",pos,0
TXN00002657,CUST1284,2026-07-05 01:33:57,442.52,travel,"houston, us",web,0
TXN00002658,CUST1479,2026-07-05 01:37:59,407.24,online_retail,"los angeles, us",web,0
TXN00002659,CUST1053,2026-07-05 01:44:04,175.81,transfer,"chicago, us",pos,0
TXN00002660,CUST1365,2026-07-05 01:44:28,45.82,grocery,"houston, us",atm,0
TXN00002661,CUST1434,2026-07-05 01:51:08,758.34,travel,"miami, us",pos,0
TXN00002662,CUST1265,2026-07-05 01:51:44,107.06,online_retail,"los angeles, us",mobile,0
TXN00002663,CUST1436,2026-07-05 01:57:22,96.87,transfer,"chicago, us",pos,0
TXN00002664,CUST1064,2026-07-05 02:03:00,163.45,online_retail,"los angeles, us",web,0
TXN00002665,CUST1146,2026-07-05 02:04:44,1178.7,transfer,"new york, us",pos,0
TXN00002666,CUST1043,2026-07-05 02:10:16,200.0,cash_withdrawal,"new york, us",atm,0
TXN00002667,CUST1391,2026-07-05 02:14:13,186.77,travel,"miami, us",atm,0
TXN00002668,CUST1083,2026-07-05 02:21:08,333.08,transfer,"chicago, us",atm,0
TXN00002669,CUST1140,2026-07-05 02:26:46,100.0,cash_withdrawal,"miami, us",atm,0
TXN00002670,CUST1231,2026-07-05 02:28:05,68.05,grocery,"los angeles, us",atm,0
TXN00002671,CUST1464,2026-07-05 02:28:16,29.67,online_retail,"new york, us",mobile,0
TXN00002672,CUST1263,2026-07-05 02:31:51,40.16,dining,"new york, us",web,0
TXN00002673,CUST1076,2026-07-05 02:33:43,199.0,transfer,"miami, us",mobile,0
TXN00002674,CUST1426,2026-07-05 02:39:14,142.23,online_retail,"miami, us",web,0
TXN00002675,CUST1224,2026-07-05 02:42:00,200.0,cash_withdrawal,"los angeles, us",atm,0
TXN00002676,CUST1047,2026-07-05 02:44:50,60.07,dining,"new york, us",mobile,0
TXN00002677,CUST1485,2026-07-05 02:49:54,314.08,transfer,"miami, us",web,0
TXN00002678,CUST1467,2026-07-05 02:50:46,42.34,transfer,"los angeles, us",web,0
TXN00002679,CUST1114,2026-07-05 02:51:52,33.42,grocery,"chicago, us",pos,0
TXN00002680,CUST1419,2026-07-05 02:53:22,55.64,dining,"houston, us",mobile,0
TXN00002681,CUST1231,2026-07-05 02:55:39,197.74,online_retail,"los angeles, us",mobile,0
TXN00002682,CUST1453,2026-07-05 03:00:13,719.09,travel,"los angeles, us",web,0
TXN00002683,CUST1179,2026-07-05 03:06:28,130.61,online_retail,"los angeles, us",web,0
TXN00002684,CUST1477,2026-07-05 03:14:54,57.58,grocery,"houston, us",web,0
TXN00002685,CUST1014,2026-07-05 03:21:37,16.89,dining,"chicago, us",mobile,0
TXN00002686,CUST1213,2026-07-05 03:28:52,50.98,grocery,"new york, us",mobile,0
TXN00002687,CUST1028,2026-07-05 03:34:34,200.0,cash_withdrawal,"houston, us",atm,0
TXN00002688,CUST1203,2026-07-05 03:41:14,25.22,dining,"houston, us",atm,0
TXN00002689,CUST1258,2026-07-05 03:42:30,112.98,online_retail,"miami, us",web,0
TXN00002690,CUST1192,2026-07-05 04:49:53,3347.78,cash_withdrawal,"new york, us",mobile,1
TXN00002691,CUST1121,2026-07-05 03:55:07,31.55,online_retail,"new york, us",web,0
TXN00002692,CUST1198,2026-07-05 04:01:08,317.92,transfer,"los angeles, us",web,0
TXN00002693,CUST1042,2026-07-05 04:04:48,822.48,travel,"los angeles, us",atm,0
TXN00002694,CUST1192,2026-07-05 04:11:43,300.0,cash_withdrawal,"miami, us",atm,0
TXN00002695,CUST1115,2026-07-05 04:19:53,300.0,cash_withdrawal,"houston, us",atm,0
TXN00002696,CUST1015,2026-07-05 04:22:46,20.0,cash_withdrawal,"houston, us",atm,0
TXN00002697,CUST1164,2026-07-05 03:26:47,1853.16,transfer,"miami, us",atm,1
TXN00002698,CUST1477,2026-07-05 04:31:01,100.0,cash_withdrawal,"houston, us",atm,0
TXN00002699,CUST1051,2026-07-05 04:38:38,394.4,travel,"los angeles, us",mobile,0
TXN00002700,CUST1430,2026-07-05 04:45:04,200.0,cash_withdrawal,"miami, us",atm,0
TXN00002701,CUST1366,2026-07-05 04:46:22,66.82,grocery,"los angeles, us",atm,0
TXN00002702,CUST1333,2026-07-05 04:48:45,10.02,online_retail,"los angeles, us",mobile,0
TXN00002703,CUST1172,2026-07-05 04:50:23,117.35,online_retail,"miami, us",web,0
TXN00002704,CUST1406,2026-07-05 04:56:24,34.4,transfer,"miami, us",pos,0
TXN00002705,CUST1075,2026-07-05 05:01:37,59.1,dining,"miami, us",web,0
TXN00002706,CUST1071,2026-07-05 05:08:50,19.34,dining,"los angeles, us",mobile,0
TXN00002707,CUST1020,2026-07-05 05:11:47,22.83,dining,"new york, us",mobile,0
TXN00002708,CUST1147,2026-07-05 05:18:46,62.51,dining,"los angeles, us",pos,0
TXN00002709,CUST1470,2026-07-05 05:21:20,26.12,online_retail,"houston, us",mobile,0
TXN00002710,CUST1425,2026-07-05 05:23:11,200.0,cash_withdrawal,"miami, us",atm,0
TXN00002711,CUST1242,2026-07-05 05:24:04,300.0,cash_withdrawal,"chicago, us",atm,0
TXN00002712,CUST1357,2026-07-05 05:27:46,263.53,travel,"houston, us",web,0
TXN00002713,CUST1426,2026-07-05 05:31:04,287.45,online_retail,"new york, us",web,0
TXN00002714,CUST1072,2026-07-05 05:32:47,132.78,transfer,"new york, us",web,0
TXN00002715,CUST1389,2026-07-05 05:36:18,20.0,cash_withdrawal,"miami, us",atm,0
TXN00002716,CUST1362,2026-07-05 05:43:56,37.71,grocery,"los angeles, us",atm,0
TXN00002717,CUST1241,2026-07-05 05:47:19,45.25,dining,"new york, us",web,0
TXN00002718,CUST1230,2026-07-05 05:55:32,648.4,travel,"los angeles, us",mobile,0
TXN00002719,CUST1316,2026-07-05 06:02:49,20.0,cash_withdrawal,"houston, us",atm,0
TXN00002720,CUST1003,2026-07-05 06:10:31,57.02,dining,"los angeles, us",atm,0
TXN00002721,CUST1464,2026-07-05 06:15:33,37.25,dining,"los angeles, us",atm,0
TXN00002722,CUST1041,2026-07-05 06:17:37,55.86,grocery,"chicago, us",atm,0
TXN00002723,CUST1010,2026-07-05 06:17:57,37.94,dining,"new york, us",web,0
TXN00002724,CUST1132,2026-07-05 06:26:12,40.0,cash_withdrawal,"miami, us",atm,0
TXN00002725,CUST1111,2026-07-05 06:26:33,24.03,online_retail,"miami, us",web,0
TXN00002726,CUST1428,2026-07-05 06:34:35,184.24,online_retail,"los angeles, us",mobile,0
TXN00002727,CUST1077,2026-07-05 06:39:30,112.13,online_retail,"chicago, us",mobile,0
TXN00002728,CUST1281,2026-07-05 06:45:11,83.57,online_retail,"new york, us",mobile,0
TXN00002729,CUST1482,2026-07-05 06:50:34,71.34,grocery,"new york, us",pos,0
TXN00002730,CUST1373,2026-07-05 06:56:04,10.66,online_retail,"new york, us",web,0
TXN00002731,CUST1312,2026-07-05 06:58:11,63.89,grocery,"miami, us",web,0
TXN00002732,CUST1271,2026-07-05 07:06:05,37.4,online_retail,"new york, us",web,0
TXN00002733,CUST1217,2026-07-05 07:07:00,64.48,grocery,"miami, us",atm,0
TXN00002734,CUST1057,2026-07-05 07:15:28,517.42,online_retail,"los angeles, us",web,0
TXN00002735,CUST1398,2026-07-05 07:19:34,64.72,dining,"miami, us",pos,0
TXN00002736,CUST1148,2026-07-05 03:21:25,6446.75,transfer,"chicago, us",atm,1
TXN00002737,CUST1122,2026-07-05 07:23:49,923.39,transfer,"chicago, us",pos,0
TXN00002738,CUST1155,2026-07-05 07:29:58,191.87,online_retail,"chicago, us",web,0
TXN00002739,CUST1063,2026-07-05 07:37:24,445.59,travel,"houston, us",web,0
TXN00002740,CUST1025,2026-07-05 07:39:00,33.68,dining,"houston, us",mobile,0
TXN00002741,CUST1123,2026-07-05 07:39:35,238.37,online_retail,"chicago, us",web,0
TXN00002742,CUST1215,2026-07-05 07:43:10,616.62,online_retail,"tokyo, jp",mobile,1
TXN00002743,CUST1328,2026-07-05 07:48:36,37.21,dining,"los angeles, us",pos,0
TXN00002744,CUST1407,2026-07-05 07:52:25,487.45,travel,"new york, us",atm,0
TXN00002745,CUST1319,2026-07-05 07:57:42,40.0,cash_withdrawal,"los angeles, us",atm,0
TXN00002746,CUST1235,2026-07-05 08:00:05,481.29,online_retail,"los angeles, us",mobile,0
TXN00002747,CUST1033,2026-07-05 08:01:31,7.51,grocery,"houston, us",atm,0
TXN00002748,CUST1057,2026-07-05 08:02:26,100.0,cash_withdrawal,"houston, us",atm,0
TXN00002749,CUST1429,2026-07-05 08:10:46,604.22,travel,"chicago, us",atm,0
TXN00002750,CUST1464,2026-07-05 08:14:04,28.38,grocery,"chicago, us",mobile,0
TXN00002751,CUST1256,2026-07-05 08:15:41,100.0,cash_withdrawal,"houston, us",atm,0
TXN00002752,CUST1306,2026-07-05 08:23:55,547.64,travel,"miami, us",pos,0
TXN00002753,CUST1275,2026-07-05 08:28:55,11.91,dining,"houston, us",atm,0
TXN00002754,CUST1009,2026-07-05 08:30:05,36.13,transfer,"los angeles, us",mobile,0
TXN00002755,CUST1324,2026-07-05 08:30:22,11.67,dining,"new york, us",mobile,0
TXN00002756,CUST1264,2026-07-05 08:36:39,228.87,online_retail,"miami, us",mobile,0
TXN00002757,CUST1295,2026-07-05 08:41:18,908.78,travel,"chicago, us",web,0
TXN00002758,CUST1124,2026-07-05 08:45:10,33.6,dining,"chicago, us",web,0
TXN00002759,CUST1368,2026-07-05 08:51:55,32.07,dining,"houston, us",atm,0
TXN00002760,CUST1074,2026-07-05 08:59:56,170.66,online_retail,"los angeles, us",web,0
TXN00002761,CUST1150,2026-07-05 09:08:01,211.76,transfer,"houston, us",pos,0
TXN00002762,CUST1220,2026-07-05 09:12:03,49.65,dining,"los angeles, us",pos,0
TXN00002763,CUST1001,2026-07-05 09:19:16,45.9,grocery,"new york, us",atm,0
TXN00002764,CUST1315,2026-07-05 09:25:10,47.3,dining,"chicago, us",mobile,0
TXN00002765,CUST1181,2026-07-05 09:29:33,179.89,online_retail,"miami, us",mobile,0
TXN00002766,CUST1124,2026-07-05 09:30:43,200.0,cash_withdrawal,"new york, us",atm,0
TXN00002767,CUST1293,2026-07-05 09:32:47,211.56,travel,"los angeles, us",mobile,0
TXN00002768,CUST1214,2026-07-05 09:39:02,804.47,travel,"los angeles, us",pos,0
TXN00002769,CUST1096,2026-07-05 09:40:56,64.06,transfer,"miami, us",pos,0
TXN00002770,CUST1341,2026-07-05 09:42:43,40.0,cash_withdrawal,"new york, us",atm,0
TXN00002771,CUST1343,2026-07-05 09:50:57,65.49,dining,"miami, us",atm,0
TXN00002772,CUST1044,2026-07-05 09:58:28,802.52,travel,"houston, us",pos,0
TXN00002773,CUST1269,2026-07-05 10:05:34,66.89,online_retail,"chicago, us",web,0
TXN00002774,CUST1500,2026-07-05 10:12:24,165.27,online_retail,"los angeles, us",web,0
TXN00002775,CUST1185,2026-07-05 10:14:50,70.96,dining,"chicago, us",web,0
TXN00002776,CUST1035,2026-07-05 10:17:27,24.77,dining,"new york, us",web,0
TXN00002777,CUST1489,2026-07-05 10:23:59,43.32,online_retail,"new york, us",mobile,0
TXN00002778,CUST1270,2026-07-05 10:28:22,300.0,cash_withdrawal,"miami, us",atm,0
TXN00002779,CUST1279,2026-07-05 10:31:47,45.07,grocery,"houston, us",web,0
TXN00002780,CUST1260,2026-07-05 10:33:03,157.56,transfer,"miami, us",atm,0
TXN00002781,CUST1403,2026-07-05 10:36:53,18.98,online_retail,"los angeles, us",web,0
TXN00002782,CUST1260,2026-07-05 10:44:21,55.47,transfer,"los angeles, us",mobile,0
TXN00002783,CUST1284,2026-07-05 10:46:16,200.0,cash_withdrawal,"miami, us",atm,0
TXN00002784,CUST1011,2026-07-05 10:51:33,118.81,online_retail,"new york, us",web,0
TXN00002785,CUST1200,2026-07-05 10:53:33,56.71,online_retail,"new york, us",web,0
TXN00002786,CUST1448,2026-07-05 11:00:44,750.8,travel,"new york, us",web,0
TXN00002787,CUST1241,2026-07-05 11:03:18,561.42,transfer,"houston, us",mobile,0
TXN00002788,CUST1023,2026-07-05 11:09:40,542.85,travel,"miami, us",atm,0
TXN00002789,CUST1326,2026-07-05 11:15:36,223.69,transfer,"new york, us",atm,0
TXN00002790,CUST1199,2026-07-05 11:17:22,35.08,grocery,"chicago, us",mobile,0
TXN00002791,CUST1192,2026-07-05 11:21:06,55.58,dining,"new york, us",pos,0
TXN00002792,CUST1130,2026-07-05 11:22:48,291.26,transfer,"houston, us",pos,0
TXN00002793,CUST1383,2026-07-05 11:26:27,11.5,online_retail,"new york, us",web,0
TXN00002794,CUST1009,2026-07-05 11:33:22,1.0,travel,"chicago, us",web,0
TXN00002795,CUST1183,2026-07-05 11:34:46,58.07,grocery,"new york, us",mobile,0
TXN00002796,CUST1404,2026-07-05 11:35:10,49.37,grocery,"miami, us",atm,0
TXN00002797,CUST1035,2026-07-05 11:37:48,119.79,online_retail,"houston, us",web,0
TXN00002798,CUST1177,2026-07-05 11:46:17,20.0,cash_withdrawal,"los angeles, us",atm,0
TXN00002799,CUST1124,2026-07-05 11:48:41,304.8,travel,"new york, us",atm,0
TXN00002800,CUST1376,2026-07-05 11:50:51,466.15,transfer,"miami, us",mobile,0
TXN00002801,CUST1337,2026-07-05 11:56:17,878.58,travel,"los angeles, us",web,0
TXN00002802,CUST1322,2026-07-05 12:00:17,464.74,transfer,"miami, us",atm,0
TXN00002803,CUST1054,2026-07-05 12:08:11,709.62,travel,"new york, us",web,0
TXN00002804,CUST1396,2026-07-05 12:10:28,50.29,grocery,"new york, us",atm,0
TXN00002805,CUST1298,2026-07-05 12:13:47,20.0,cash_withdrawal,"new york, us",atm,0
TXN00002806,CUST1377,2026-07-05 12:18:55,53.46,dining,"miami, us",mobile,0
TXN00002807,CUST1388,2026-07-05 12:24:55,58.42,transfer,"miami, us",pos,0
TXN00002808,CUST1171,2026-07-05 12:30:36,747.95,travel,"miami, us",mobile,0
TXN00002809,CUST1069,2026-07-05 03:34:40,3226.29,transfer,"los angeles, us",atm,1
TXN00002810,CUST1023,2026-07-05 12:35:33,625.46,travel,"los angeles, us",web,0
TXN00002811,CUST1181,2026-07-05 12:35:48,74.18,online_retail,"houston, us",web,0
TXN00002812,CUST1280,2026-07-05 12:39:58,987.26,travel,"miami, us",atm,0
TXN00002813,CUST1174,2026-07-05 12:41:16,847.17,travel,"chicago, us",atm,0
TXN00002814,CUST1417,2026-07-05 12:48:52,558.57,online_retail,"houston, us",mobile,0
TXN00002815,CUST1330,2026-07-05 12:51:47,12.97,dining,"new york, us",atm,0
TXN00002816,CUST1090,2026-07-05 13:00:15,291.66,online_retail,"los angeles, us",mobile,0
TXN00002817,CUST1426,2026-07-05 13:06:19,60.05,grocery,"new york, us",pos,0
TXN00002818,CUST1399,2026-07-05 13:09:52,101.87,online_retail,"houston, us",mobile,0
TXN00002819,CUST1351,2026-07-05 13:15:53,769.24,travel,"new york, us",mobile,0
TXN00002820,CUST1238,2026-07-05 13:17:51,86.13,online_retail,"los angeles, us",web,0
TXN00002821,CUST1357,2026-07-05 13:24:06,128.25,transfer,"miami, us",pos,0
TXN00002822,CUST1246,2026-07-05 13:27:32,48.45,grocery,"chicago, us",web,0
TXN00002823,CUST1324,2026-07-05 13:33:44,432.84,transfer,"new york, us",web,0
TXN00002824,CUST1094,2026-07-05 13:37:30,7.14,dining,"miami, us",pos,0
TXN00002825,CUST1416,2026-07-05 13:43:56,39.57,grocery,"new york, us",mobile,0
TXN00002826,CUST1070,2026-07-05 13:49:11,484.76,online_retail,"houston, us",web,0
TXN00002827,CUST1033,2026-07-05 13:51:32,39.18,dining,"los angeles, us",mobile,0
TXN00002828,CUST1367,2026-07-05 13:52:19,40.42,dining,"new york, us",atm,0
TXN00002829,CUST1398,2026-07-05 13:53:17,44.61,dining,"miami, us",atm,0
TXN00002830,CUST1484,2026-07-05 13:58:12,284.96,travel,"los angeles, us",web,0
TXN00002831,CUST1235,2026-07-05 13:58:52,60.0,cash_withdrawal,"los angeles, us",atm,0
TXN00002832,CUST1019,2026-07-05 13:59:28,42.69,online_retail,"new york, us",web,0
TXN00002833,CUST1151,2026-07-05 14:02:28,32.76,online_retail,"chicago, us",mobile,0
TXN00002834,CUST1104,2026-07-05 14:10:34,40.75,grocery,"houston, us",atm,0
TXN00002835,CUST1023,2026-07-05 14:12:44,156.09,online_retail,"chicago, us",mobile,0
TXN00002836,CUST1406,2026-07-05 14:16:55,47.87,dining,"chicago, us",mobile,0
TXN00002837,CUST1103,2026-07-05 14:24:50,33.84,online_retail,"houston, us",mobile,0
TXN00002838,CUST1454,2026-07-05 14:28:01,260.0,online_retail,"los angeles, us",web,0
TXN00002839,CUST1022,2026-07-05 14:33:21,100.0,cash_withdrawal,"miami, us",atm,0
TXN00002840,CUST1162,2026-07-05 14:41:31,68.26,dining,"chicago, us",web,0
TXN00002841,CUST1478,2026-07-05 14:47:24,323.14,transfer,"new york, us",atm,0
TXN00002842,CUST1159,2026-07-05 14:55:49,167.39,transfer,"houston, us",mobile,0
TXN00002843,CUST1264,2026-07-05 15:02:49,16.6,dining,"houston, us",pos,0
TXN00002844,CUST1204,2026-07-05 15:08:05,812.14,travel,"houston, us",atm,0
TXN00002845,CUST1418,2026-07-05 15:14:18,52.77,dining,"new york, us",atm,0
TXN00002846,CUST1279,2026-07-05 15:20:51,540.81,travel,"los angeles, us",mobile,0
TXN00002847,CUST1243,2026-07-05 15:27:55,534.26,travel,"new york, us",pos,0
TXN00002848,CUST1130,2026-07-05 15:28:28,3.29,dining,"houston, us",web,0
TXN00002849,CUST1019,2026-07-05 15:28:40,682.57,transfer,"new york, us",web,0
TXN00002850,CUST1386,2026-07-05 15:30:59,33.6,dining,"chicago, us",web,0
TXN00002851,CUST1332,2026-07-05 15:35:27,52.28,grocery,"houston, us",pos,0
TXN00002852,CUST1098,2026-07-05 15:40:54,23.3,dining,"miami, us",pos,0
TXN00002853,CUST1147,2026-07-05 15:44:19,63.26,transfer,"los angeles, us",atm,0
TXN00002854,CUST1183,2026-07-05 15:47:03,40.0,cash_withdrawal,"chicago, us",atm,0
TXN00002855,CUST1442,2026-07-05 15:55:33,1122.38,travel,"miami, us",atm,0
TXN00002856,CUST1400,2026-07-05 15:59:05,609.47,travel,"los angeles, us",pos,0
TXN00002857,CUST1025,2026-07-05 16:04:58,746.14,travel,"houston, us",atm,0
TXN00002858,CUST1444,2026-07-05 16:08:17,51.54,online_retail,"houston, us",mobile,0
TXN00002859,CUST1336,2026-07-05 16:09:34,80.35,grocery,"houston, us",mobile,0
TXN00002860,CUST1170,2026-07-05 16:17:59,43.79,transfer,"los angeles, us",pos,0
TXN00002861,CUST1140,2026-07-05 16:25:45,100.0,cash_withdrawal,"houston, us",atm,0
TXN00002862,CUST1064,2026-07-05 16:30:41,50.1,grocery,"chicago, us",web,0
TXN00002863,CUST1410,2026-07-05 16:31:12,100.0,cash_withdrawal,"miami, us",atm,0
TXN00002864,CUST1189,2026-07-05 16:36:19,20.0,cash_withdrawal,"houston, us",atm,0
TXN00002865,CUST1224,2026-07-05 16:38:00,116.35,transfer,"new york, us",pos,0
TXN00002866,CUST1456,2026-07-05 16:40:23,100.0,cash_withdrawal,"miami, us",atm,0
TXN00002867,CUST1205,2026-07-05 16:41:59,47.29,grocery,"new york, us",pos,0
TXN00002868,CUST1381,2026-07-05 16:46:26,70.59,grocery,"chicago, us",mobile,0
TXN00002869,CUST1226,2026-07-05 16:50:48,128.64,online_retail,"miami, us",web,0
TXN00002870,CUST1459,2026-07-05 16:58:54,100.0,cash_withdrawal,"new york, us",atm,0
TXN00002871,CUST1490,2026-07-05 17:01:57,28.73,dining,"miami, us",atm,0
TXN00002872,CUST1198,2026-07-05 17:09:36,38.34,dining,"new york, us",pos,0
TXN00002873,CUST1174,2026-07-05 17:13:45,74.37,transfer,"chicago, us",atm,0
TXN00002874,CUST1499,2026-07-05 17:15:02,196.93,transfer,"houston, us",atm,0
TXN00002875,CUST1096,2026-07-05 17:15:57,48.96,dining,"chicago, us",pos,0
TXN00002876,CUST1255,2026-07-05 17:18:49,51.56,online_retail,"miami, us",web,0
TXN00002877,CUST1355,2026-07-05 17:25:02,60.0,cash_withdrawal,"los angeles, us",atm,0
TXN00002878,CUST1255,2026-07-05 17:29:43,692.77,travel,"los angeles, us",atm,0
TXN00002879,CUST1189,2026-07-05 17:33:34,26.03,grocery,"houston, us",web,0
TXN00002880,CUST1474,2026-07-05 17:34:56,192.34,transfer,"los angeles, us",web,0
TXN00002881,CUST1409,2026-07-05 17:37:19,56.93,grocery,"houston, us",mobile,0
TXN00002882,CUST1266,2026-07-05 17:38:28,145.05,online_retail,"houston, us",mobile,0
TXN00002883,CUST1137,2026-07-05 17:41:18,647.43,travel,"houston, us",mobile,0
TXN00002884,CUST1411,2026-07-05 17:41:50,605.91,online_retail,"houston, us",web,0
TXN00002885,CUST1043,2026-07-05 17:50:21,26.76,dining,"los angeles, us",pos,0
TXN00002886,CUST1373,2026-07-05 17:51:36,50.97,dining,"miami, us",atm,0
TXN00002887,CUST1218,2026-07-05 17:56:01,41.28,grocery,"new york, us",pos,0
TXN00002888,CUST1041,2026-07-05 18:03:37,367.73,online_retail,"houston, us",web,0
TXN00002889,CUST1221,2026-07-05 18:12:05,56.39,grocery,"los angeles, us",mobile,0
TXN00002890,CUST1309,2026-07-05 18:19:22,444.79,transfer,"houston, us",mobile,0
TXN00002891,CUST1422,2026-07-05 18:21:55,40.38,dining,"los angeles, us",atm,0
TXN00002892,CUST1093,2026-07-05 18:28:27,36.45,online_retail,"new york, us",mobile,0
TXN00002893,CUST1280,2026-07-05 18:31:41,107.2,online_retail,"houston, us",mobile,0
TXN00002894,CUST1151,2026-07-05 18:39:45,200.05,online_retail,"los angeles, us",web,0
TXN00002895,CUST1165,2026-07-05 18:43:35,60.8,grocery,"houston, us",mobile,0
TXN00002896,CUST1053,2026-07-05 18:46:09,349.52,transfer,"new york, us",mobile,0
TXN00002897,CUST1041,2026-07-05 18:54:01,30.6,grocery,"los angeles, us",web,0
TXN00002898,CUST1168,2026-07-05 19:01:39,658.04,travel,"los angeles, us",pos,0
TXN00002899,CUST1339,2026-07-05 19:04:03,299.22,travel,"miami, us",web,0
TXN00002900,CUST1152,2026-07-05 19:09:26,598.41,travel,"los angeles, us",pos,0
TXN00002901,CUST1157,2026-07-05 19:16:40,990.56,travel,"los angeles, us",mobile,0
TXN00002902,CUST1229,2026-07-05 19:23:19,20.0,cash_withdrawal,"houston, us",atm,0
TXN00002903,CUST1309,2026-07-05 19:31:23,52.37,dining,"chicago, us",mobile,0
TXN00002904,CUST1368,2026-07-05 19:33:48,35.85,dining,"miami, us",pos,0
TXN00002905,CUST1219,2026-07-05 19:38:22,40.0,cash_withdrawal,"miami, us",atm,0
TXN00002906,CUST1086,2026-07-05 19:41:12,757.16,travel,"los angeles, us",atm,0
TXN00002907,CUST1354,2026-07-05 19:45:05,47.67,online_retail,"los angeles, us",web,0
TXN00002908,CUST1228,2026-07-05 19:52:52,30.96,grocery,"chicago, us",mobile,0
TXN00002909,CUST1180,2026-07-05 19:54:26,100.0,cash_withdrawal,"new york, us",atm,0
TXN00002910,CUST1229,2026-07-05 19:57:17,820.58,travel,"houston, us",atm,0
TXN00002911,CUST1022,2026-07-05 20:03:44,30.96,dining,"los angeles, us",atm,0
TXN00002912,CUST1373,2026-07-05 20:08:05,300.0,cash_withdrawal,"chicago, us",atm,0
TXN00002913,CUST1446,2026-07-05 20:14:46,42.95,grocery,"miami, us",atm,0
TXN00002914,CUST1467,2026-07-05 20:23:02,187.95,transfer,"miami, us",pos,0
TXN00002915,CUST1181,2026-07-05 20:24:29,28.88,transfer,"new york, us",atm,0
TXN00002916,CUST1315,2026-07-05 20:29:23,108.35,online_retail,"houston, us",mobile,0
TXN00002917,CUST1223,2026-07-05 20:36:49,666.47,travel,"new york, us",web,0
TXN00002918,CUST1141,2026-07-05 20:44:51,172.9,online_retail,"new york, us",web,0
TXN00002919,CUST1328,2026-07-05 20:50:37,44.62,grocery,"los angeles, us",mobile,0
TXN00002920,CUST1406,2026-07-05 20:56:12,27.05,dining,"los angeles, us",mobile,0
TXN00002921,CUST1486,2026-07-05 21:03:10,200.0,cash_withdrawal,"new york, us",atm,0
TXN00002922,CUST1030,2026-07-05 21:07:05,61.16,grocery,"los angeles, us",pos,0
TXN00002923,CUST1039,2026-07-05 21:07:42,47.28,grocery,"los angeles, us",web,0
TXN00002924,CUST1344,2026-07-05 21:09:28,19898.83,transfer,"chicago, us",web,1
TXN00002925,CUST1327,2026-07-05 21:10:54,13.12,dining,"chicago, us",pos,0
TXN00002926,CUST1208,2026-07-05 21:11:31,220.53,online_retail,"new york, us",web,0
TXN00002927,CUST1187,2026-07-05 21:13:38,7.93,dining,"chicago, us",mobile,0
TXN00002928,CUST1263,2026-07-05 21:15:21,133.37,travel,"miami, us",pos,0
TXN00002929,CUST1411,2026-07-05 21:15:49,65.11,grocery,"miami, us",web,0
TXN00002930,CUST1384,2026-07-05 21:19:59,39.73,grocery,"los angeles, us",web,0
TXN00002931,CUST1348,2026-07-05 21:22:22,61.86,grocery,"houston, us",web,0
TXN00002932,CUST1082,2026-07-05 21:23:55,20.45,grocery,"new york, us",mobile,0
TXN00002933,CUST1488,2026-07-05 21:30:06,340.68,transfer,"miami, us",web,0
TXN00002934,CUST1016,2026-07-05 21:34:15,57.85,dining,"chicago, us",mobile,0
TXN00002935,CUST1074,2026-07-05 21:38:08,20.0,cash_withdrawal,"houston, us",atm,0
TXN00002936,CUST1435,2026-07-05 21:39:17,100.0,cash_withdrawal,"chicago, us",atm,0
TXN00002937,CUST1312,2026-07-05 21:47:05,200.0,cash_withdrawal,"miami, us",atm,0
TXN00002938,CUST1348,2026-07-05 21:55:09,51.24,online_retail,"new york, us",web,0
TXN00002939,CUST1401,2026-07-05 21:59:32,603.57,travel,"houston, us",web,0
TXN00002940,CUST1225,2026-07-05 22:00:02,361.52,travel,"chicago, us",pos,0
TXN00002941,CUST1018,2026-07-05 22:03:58,47.43,online_retail,"new york, us",mobile,0
TXN00002942,CUST1065,2026-07-05 22:07:10,44.28,dining,"new york, us",web,0
TXN00002943,CUST1035,2026-07-05 22:15:46,36.21,dining,"miami, us",mobile,0
TXN00002944,CUST1121,2026-07-05 22:21:59,26.9,grocery,"houston, us",atm,0
TXN00002945,CUST1399,2026-07-05 22:26:56,79.75,grocery,"new york, us",atm,0
TXN00002946,CUST1331,2026-07-05 22:31:14,280.31,transfer,"houston, us",web,0
TXN00002947,CUST1188,2026-07-05 22:35:18,72.34,dining,"houston, us",pos,0
TXN00002948,CUST1186,2026-07-05 22:39:40,300.0,cash_withdrawal,"houston, us",atm,0
TXN00002949,CUST1197,2026-07-05 22:40:47,59.8,online_retail,"los angeles, us",web,0
TXN00002950,CUST1487,2026-07-05 22:48:10,626.09,travel,"new york, us",atm,0
TXN00002951,CUST1291,2026-07-05 22:54:28,61.69,grocery,"new york, us",mobile,0
TXN00002952,CUST1017,2026-07-05 23:02:01,45.64,grocery,"miami, us",pos,0
TXN00002953,CUST1310,2026-07-05 23:03:26,71.17,grocery,"chicago, us",mobile,0
TXN00002954,CUST1079,2026-07-05 23:04:39,214.07,transfer,"new york, us",mobile,0
TXN00002955,CUST1348,2026-07-05 23:07:47,43.92,grocery,"chicago, us",pos,0
TXN00002956,CUST1231,2026-07-05 23:08:44,12463.1,online_retail,"los angeles, us",web,1
TXN00002957,CUST1486,2026-07-05 23:10:38,88.7,transfer,"new york, us",pos,0
TXN00002958,CUST1190,2026-07-05 23:18:12,144.15,online_retail,"miami, us",mobile,0
TXN00002959,CUST1191,2026-07-05 23:20:47,100.0,cash_withdrawal,"los angeles, us",atm,0
TXN00002960,CUST1228,2026-07-05 23:22:29,40.0,cash_withdrawal,"chicago, us",atm,0
TXN00002961,CUST1391,2026-07-05 23:29:46,28.99,dining,"los angeles, us",web,0
TXN00002962,CUST1040,2026-07-05 23:31:22,200.0,cash_withdrawal,"los angeles, us",atm,0
TXN00002963,CUST1294,2026-07-05 23:37:55,19.48,dining,"chicago, us",mobile,0
TXN00002964,CUST1071,2026-07-05 23:42:25,599.37,transfer,"new york, us",pos,0
TXN00002965,CUST1272,2026-07-05 23:49:36,1.0,travel,"houston, us",mobile,0
TXN00002966,CUST1188,2026-07-05 23:52:05,519.61,transfer,"houston, us",web,0
TXN00002967,CUST1204,2026-07-05 23:57:03,52.98,grocery,"los angeles, us",atm,0
TXN00002968,CUST1161,2026-07-06 00:04:49,30.43,dining,"miami, us",mobile,0
TXN00002969,CUST1333,2026-07-06 00:10:38,839.43,travel,"miami, us",pos,0
TXN00002970,CUST1143,2026-07-06 00:15:47,60.74,dining,"new york, us",pos,0
TXN00002971,CUST1128,2026-07-06 00:17:45,54.81,dining,"miami, us",web,0
TXN00002972,CUST1492,2026-07-06 00:22:53,40.0,cash_withdrawal,"chicago, us",atm,0
TXN00002973,CUST1059,2026-07-06 00:31:20,338.96,transfer,"houston, us",web,0
TXN00002974,CUST1014,2026-07-06 00:31:32,23.32,grocery,"new york, us",pos,0
TXN00002975,CUST1377,2026-07-06 00:36:11,54.79,grocery,"miami, us",web,0
TXN00002976,CUST1096,2026-07-06 00:42:53,42.44,grocery,"chicago, us",pos,0
TXN00002977,CUST1256,2026-07-06 00:47:55,100.0,cash_withdrawal,"los angeles, us",atm,0
TXN00002978,CUST1266,2026-07-06 00:49:37,48.78,grocery,"los angeles, us",pos,0
TXN00002979,CUST1199,2026-07-06 00:53:20,6918.0,transfer,"chicago, us",mobile,1
TXN00002980,CUST1468,2026-07-06 01:01:21,53.8,dining,"houston, us",web,0
TXN00002981,CUST1288,2026-07-06 01:02:10,11.62,grocery,"miami, us",pos,0
TXN00002982,CUST1061,2026-07-06 01:04:26,36.86,transfer,"new york, us",mobile,0
TXN00002983,CUST1135,2026-07-06 01:11:09,33.69,grocery,"los angeles, us",web,0
TXN00002984,CUST1397,2026-07-06 01:15:34,49.29,online_retail,"chicago, us",web,0
TXN00002985,CUST1134,2026-07-06 01:21:30,10.22,online_retail,"miami, us",mobile,0
TXN00002986,CUST1361,2026-07-06 01:22:28,412.07,transfer,"houston, us",mobile,0
TXN00002987,CUST1229,2026-07-06 01:30:12,328.54,travel,"new york, us",pos,0
TXN00002988,CUST1110,2026-07-06 01:33:10,64.35,dining,"new york, us",pos,0
TXN00002989,CUST1314,2026-07-06 01:33:33,62.31,grocery,"new york, us",atm,0
TXN00002990,CUST1147,2026-07-06 01:36:08,586.0,transfer,"new york, us",mobile,0
TXN00002991,CUST1356,2026-07-06 01:42:06,20.0,cash_withdrawal,"new york, us",atm,0
TXN00002992,CUST1470,2026-07-06 01:50:38,92.39,online_retail,"miami, us",web,0
TXN00002993,CUST1252,2026-07-06 01:56:36,34.07,grocery,"miami, us",web,0
TXN00002994,CUST1103,2026-07-06 01:57:48,16.03,dining,"houston, us",mobile,0
TXN00002995,CUST1063,2026-07-06 02:01:19,40.0,cash_withdrawal,"houston, us",atm,0
TXN00002996,CUST1070,2026-07-06 02:04:40,394.09,transfer,"new york, us",atm,0
TXN00002997,CUST1437,2026-07-06 02:09:52,40.0,cash_withdrawal,"houston, us",atm,0
TXN00002998,CUST1038,2026-07-06 02:17:57,264.56,online_retail,"chicago, us",mobile,0
TXN00002999,CUST1232,2026-07-06 02:26:14,40.06,online_retail,"houston, us",web,0
TXN00003000,CUST1089,2026-07-06 02:27:18,795.85,travel,"los angeles, us",atm,0
TXN00003001,CUST1461,2026-07-06 02:34:36,513.04,transfer,"miami, us",pos,0
TXN00003002,CUST1366,2026-07-06 03:37:31,7901.58,cash_withdrawal,"houston, us",atm,1
TXN00003003,CUST1228,2026-07-06 02:38:59,537.12,travel,"new york, us",atm,0
TXN00003004,CUST1045,2026-07-06 02:39:23,441.03,transfer,"los angeles, us",web,0
TXN00003005,CUST1415,2026-07-06 02:40:14,71.9,grocery,"los angeles, us",atm,0
TXN00003006,CUST1350,2026-07-06 02:44:19,344.54,transfer,"miami, us",pos,0
TXN00003007,CUST1496,2026-07-06 02:51:34,22.26,online_retail,"houston, us",mobile,0
TXN00003008,CUST1433,2026-07-06 02:57:46,24.2,grocery,"new york, us",atm,0
TXN00003009,CUST1164,2026-07-06 03:03:33,76.04,dining,"new york, us",web,0
TXN00003010,CUST1342,2026-07-06 03:07:48,695.78,travel,"houston, us",atm,0
TXN00003011,CUST1178,2026-07-06 03:11:50,720.08,travel,"houston, us",mobile,0
TXN00003012,CUST1364,2026-07-06 03:17:21,282.96,transfer,"los angeles, us",pos,0
TXN00003013,CUST1034,2026-07-06 03:25:40,41.46,grocery,"miami, us",mobile,0
TXN00003014,CUST1282,2026-07-06 03:28:07,762.61,travel,"new york, us",atm,0
TXN00003015,CUST1278,2026-07-06 03:33:21,9.94,dining,"new york, us",atm,0
TXN00003016,CUST1149,2026-07-06 03:39:07,62.77,online_retail,"houston, us",web,0
TXN00003017,CUST1457,2026-07-06 03:39:19,395.97,transfer,"los angeles, us",mobile,0
TXN00003018,CUST1154,2026-07-06 03:42:17,32.32,dining,"miami, us",web,0
TXN00003019,CUST1436,2026-07-06 03:50:43,45.0,dining,"chicago, us",mobile,0
TXN00003020,CUST1081,2026-07-06 03:51:15,79.94,grocery,"los angeles, us",pos,0
TXN00003021,CUST1365,2026-07-06 03:57:00,102.2,dining,"los angeles, us",atm,0
TXN00003022,CUST1364,2026-07-06 04:02:28,751.68,travel,"miami, us",mobile,0
TXN00003023,CUST1475,2026-07-06 04:10:44,36.34,dining,"miami, us",pos,0
TXN00003024,CUST1359,2026-07-06 04:14:45,733.63,travel,"los angeles, us",atm,0
TXN00003025,CUST1327,2026-07-06 04:17:41,197.94,online_retail,"chicago, us",mobile,0
TXN00003026,CUST1090,2026-07-06 04:25:56,100.0,cash_withdrawal,"chicago, us",atm,0
TXN00003027,CUST1407,2026-07-06 04:32:20,102.91,online_retail,"new york, us",mobile,0
TXN00003028,CUST1186,2026-07-06 04:38:45,57.75,dining,"chicago, us",atm,0
TXN00003029,CUST1261,2026-07-06 04:46:39,44.6,dining,"los angeles, us",mobile,0
TXN00003030,CUST1115,2026-07-06 04:54:59,49.95,dining,"los angeles, us",pos,0
TXN00003031,CUST1063,2026-07-06 05:01:57,20.0,cash_withdrawal,"new york, us",atm,0
TXN00003032,CUST1103,2026-07-06 05:06:58,59.99,grocery,"houston, us",mobile,0
TXN00003033,CUST1406,2026-07-06 05:08:14,705.4,travel,"new york, us",pos,0
TXN00003034,CUST1072,2026-07-06 05:10:12,116.09,transfer,"houston, us",mobile,0
TXN00003035,CUST1122,2026-07-06 05:17:43,466.01,travel,"miami, us",pos,0
TXN00003036,CUST1405,2026-07-06 05:18:17,735.01,travel,"new york, us",atm,0
TXN00003037,CUST1253,2026-07-06 05:25:17,73.55,online_retail,"miami, us",mobile,0
TXN00003038,CUST1014,2026-07-06 05:30:56,48.79,dining,"houston, us",pos,0
TXN00003039,CUST1185,2026-07-06 05:33:30,794.73,travel,"los angeles, us",atm,0
TXN00003040,CUST1284,2026-07-06 05:36:25,714.44,travel,"miami, us",mobile,0
TXN00003041,CUST1294,2026-07-06 05:43:23,73.49,dining,"new york, us",pos,0
TXN00003042,CUST1189,2026-07-06 05:44:01,901.75,transfer,"miami, us",mobile,0
TXN00003043,CUST1240,2026-07-06 05:50:31,14.13,grocery,"houston, us",atm,0
TXN00003044,CUST1412,2026-07-06 05:51:17,48.88,grocery,"miami, us",mobile,0
TXN00003045,CUST1283,2026-07-06 03:56:07,2559.73,transfer,"new york, us",mobile,1
TXN00003046,CUST1067,2026-07-06 06:04:24,100.0,cash_withdrawal,"new york, us",atm,0
TXN00003047,CUST1314,2026-07-06 06:09:42,60.43,grocery,"chicago, us",atm,0
TXN00003048,CUST1453,2026-07-06 06:13:07,812.28,travel,"new york, us",pos,0
TXN00003049,CUST1045,2026-07-06 06:14:04,45.59,grocery,"los angeles, us",atm,0
TXN00003050,CUST1034,2026-07-06 06:17:38,582.1,travel,"miami, us",web,0
TXN00003051,CUST1159,2026-07-06 06:19:58,220.53,travel,"houston, us",atm,0
TXN00003052,CUST1204,2026-07-06 06:21:39,193.05,online_retail,"houston, us",mobile,0
TXN00003053,CUST1368,2026-07-06 06:23:51,264.85,online_retail,"miami, us",web,0
TXN00003054,CUST1369,2026-07-06 06:32:15,44.64,grocery,"houston, us",atm,0
TXN00003055,CUST1246,2026-07-06 06:38:59,725.17,travel,"miami, us",pos,0
TXN00003056,CUST1270,2026-07-06 06:46:32,20.0,cash_withdrawal,"miami, us",atm,0
TXN00003057,CUST1211,2026-07-06 06:50:06,35.92,transfer,"miami, us",atm,0
TXN00003058,CUST1394,2026-07-06 06:51:01,60.0,cash_withdrawal,"miami, us",atm,0
TXN00003059,CUST1210,2026-07-06 06:51:21,115.42,online_retail,"houston, us",mobile,0
TXN00003060,CUST1422,2026-07-06 06:58:47,100.0,cash_withdrawal,"los angeles, us",atm,0
TXN00003061,CUST1295,2026-07-06 07:00:43,50.75,grocery,"miami, us",atm,0
TXN00003062,CUST1038,2026-07-06 07:02:16,200.12,online_retail,"chicago, us",mobile,0
TXN00003063,CUST1065,2026-07-06 07:05:44,615.55,transfer,"chicago, us",web,0
TXN00003064,CUST1498,2026-07-06 07:12:33,39.63,online_retail,"houston, us",web,0
TXN00003065,CUST1163,2026-07-06 07:16:09,100.0,cash_withdrawal,"new york, us",atm,0
TXN00003066,CUST1329,2026-07-06 07:18:44,660.91,travel,"houston, us",mobile,0
TXN00003067,CUST1038,2026-07-06 07:24:25,70.8,grocery,"los angeles, us",mobile,0
TXN00003068,CUST1231,2026-07-06 07:31:00,350.9,travel,"los angeles, us",mobile,0
TXN00003069,CUST1239,2026-07-06 07:39:18,200.0,cash_withdrawal,"los angeles, us",atm,0
TXN00003070,CUST1349,2026-07-06 07:45:02,200.0,cash_withdrawal,"new york, us",atm,0
TXN00003071,CUST1265,2026-07-06 07:46:30,200.0,cash_withdrawal,"los angeles, us",atm,0
TXN00003072,CUST1177,2026-07-06 07:47:41,40.0,cash_withdrawal,"houston, us",atm,0
TXN00003073,CUST1066,2026-07-06 07:50:23,45.8,grocery,"los angeles, us",atm,0
TXN00003074,CUST1450,2026-07-06 07:54:44,621.4,transfer,"new york, us",atm,0
TXN00003075,CUST1425,2026-07-06 08:01:44,30.42,dining,"miami, us",pos,0
TXN00003076,CUST1400,2026-07-06 08:05:35,60.0,cash_withdrawal,"los angeles, us",atm,0
TXN00003077,CUST1283,2026-07-06 08:12:01,122.77,transfer,"miami, us",web,0
TXN00003078,CUST1328,2026-07-06 08:19:03,317.67,online_retail,"los angeles, us",mobile,0
TXN00003079,CUST1301,2026-07-06 08:27:04,355.07,transfer,"miami, us",mobile,0
TXN00003080,CUST1094,2026-07-06 08:29:52,22.74,dining,"miami, us",atm,0
TXN00003081,CUST1394,2026-07-06 08:37:44,437.65,travel,"miami, us",web,0
TXN00003082,CUST1495,2026-07-06 08:43:44,55.44,dining,"miami, us",atm,0
TXN00003083,CUST1067,2026-07-06 08:49:02,62.23,dining,"chicago, us",web,0
TXN00003084,CUST1222,2026-07-06 08:50:19,78.69,dining,"los angeles, us",pos,0
TXN00003085,CUST1258,2026-07-06 08:53:32,51.05,grocery,"new york, us",web,0
TXN00003086,CUST1467,2026-07-06 08:59:22,121.75,transfer,"new york, us",atm,0
TXN00003087,CUST1445,2026-07-06 09:00:21,64.96,online_retail,"houston, us",mobile,0
TXN00003088,CUST1029,2026-07-06 09:07:37,75.3,online_retail,"houston, us",mobile,0
TXN00003089,CUST1426,2026-07-06 09:10:55,27.2,dining,"los angeles, us",mobile,0
TXN00003090,CUST1064,2026-07-06 09:15:27,311.3,transfer,"miami, us",mobile,0
TXN00003091,CUST1266,2026-07-06 09:17:19,141.96,transfer,"chicago, us",web,0
TXN00003092,CUST1079,2026-07-06 09:21:39,415.81,transfer,"miami, us",mobile,0
TXN00003093,CUST1156,2026-07-06 09:25:37,39.72,grocery,"houston, us",mobile,0
TXN00003094,CUST1085,2026-07-06 09:33:20,239.7,online_retail,"miami, us",web,0
TXN00003095,CUST1083,2026-07-06 09:36:48,36.97,dining,"new york, us",atm,0
TXN00003096,CUST1166,2026-07-06 09:41:01,41.96,grocery,"new york, us",mobile,0
TXN00003097,CUST1479,2026-07-06 09:43:28,183.49,online_retail,"houston, us",web,0
TXN00003098,CUST1364,2026-07-06 09:48:26,40.0,cash_withdrawal,"miami, us",atm,0
TXN00003099,CUST1116,2026-07-06 09:53:43,40.0,cash_withdrawal,"chicago, us",atm,0
TXN00003100,CUST1178,2026-07-06 09:57:29,60.0,cash_withdrawal,"new york, us",atm,0
TXN00003101,CUST1486,2026-07-06 09:58:25,70.62,online_retail,"houston, us",web,0
TXN00003102,CUST1482,2026-07-06 10:05:02,37.47,transfer,"miami, us",pos,0
TXN00003103,CUST1266,2026-07-06 10:08:48,24.39,grocery,"houston, us",pos,0
TXN00003104,CUST1459,2026-07-06 10:15:53,735.26,travel,"miami, us",mobile,0
TXN00003105,CUST1146,2026-07-06 10:19:11,300.0,cash_withdrawal,"new york, us",atm,0
TXN00003106,CUST1434,2026-07-06 10:24:35,561.63,travel,"new york, us",web,0
TXN00003107,CUST1041,2026-07-06 10:26:20,946.81,travel,"houston, us",web,0
TXN00003108,CUST1129,2026-07-06 10:30:12,160.07,online_retail,"miami, us",web,0
TXN00003109,CUST1101,2026-07-06 10:35:44,67.2,grocery,"miami, us",mobile,0
TXN00003110,CUST1326,2026-07-06 10:39:32,86.57,transfer,"los angeles, us",atm,0
TXN00003111,CUST1490,2026-07-06 10:40:29,70.41,dining,"chicago, us",pos,0
TXN00003112,CUST1283,2026-07-06 10:40:59,100.0,cash_withdrawal,"los angeles, us",atm,0
TXN00003113,CUST1141,2026-07-06 10:45:31,30.1,dining,"miami, us",atm,0
TXN00003114,CUST1065,2026-07-06 10:48:35,26.03,online_retail,"los angeles, us",web,0
TXN00003115,CUST1321,2026-07-06 10:57:03,20.72,dining,"los angeles, us",pos,0
TXN00003116,CUST1156,2026-07-06 11:01:10,20.86,dining,"los angeles, us",atm,0
TXN00003117,CUST1315,2026-07-06 11:07:06,20.0,cash_withdrawal,"los angeles, us",atm,0
TXN00003118,CUST1274,2026-07-06 11:09:10,685.95,travel,"chicago, us",web,0
TXN00003119,CUST1048,2026-07-06 03:14:51,1938.77,transfer,"houston, us",atm,1
TXN00003120,CUST1258,2026-07-06 11:20:52,587.84,travel,"houston, us",mobile,0
TXN00003121,CUST1329,2026-07-06 11:27:07,13.43,dining,"los angeles, us",atm,0
TXN00003122,CUST1087,2026-07-06 11:28:36,1078.81,transfer,"chicago, us",mobile,0
TXN00003123,CUST1304,2026-07-06 11:36:42,51.16,grocery,"houston, us",pos,0
TXN00003124,CUST1483,2026-07-06 11:41:05,28.04,online_retail,"miami, us",mobile,0
TXN00003125,CUST1298,2026-07-06 11:45:44,70.27,dining,"new york, us",web,0
TXN00003126,CUST1079,2026-07-06 11:51:16,385.78,transfer,"chicago, us",web,0
TXN00003127,CUST1088,2026-07-06 11:56:57,184.83,transfer,"miami, us",atm,0
TXN00003128,CUST1338,2026-07-06 12:01:35,40.8,grocery,"miami, us",pos,0
TXN00003129,CUST1320,2026-07-06 12:02:27,147.63,transfer,"houston, us",atm,0
TXN00003130,CUST1369,2026-07-06 12:05:05,27.55,grocery,"los angeles, us",web,0
TXN00003131,CUST1462,2026-07-06 12:09:14,437.49,travel,"houston, us",atm,0
TXN00003132,CUST1310,2026-07-06 12:13:07,200.0,cash_withdrawal,"houston, us",atm,0
TXN00003133,CUST1173,2026-07-06 12:13:57,44.47,online_retail,"los angeles, us",mobile,0
TXN00003134,CUST1432,2026-07-06 12:21:51,100.0,cash_withdrawal,"los angeles, us",atm,0
TXN00003135,CUST1474,2026-07-06 12:28:51,108.97,online_retail,"chicago, us",web,0
TXN00003136,CUST1289,2026-07-06 12:33:05,369.54,travel,"los angeles, us",web,0
TXN00003137,CUST1022,2026-07-06 12:35:48,200.0,cash_withdrawal,"los angeles, us",atm,0
TXN00003138,CUST1423,2026-07-06 12:37:14,634.66,dining,"london, uk",mobile,1
TXN00003139,CUST1443,2026-07-06 12:45:47,200.0,cash_withdrawal,"houston, us",atm,0
TXN00003140,CUST1015,2026-07-06 12:47:02,19.92,dining,"houston, us",web,0
TXN00003141,CUST1042,2026-07-06 12:53:02,1057.69,transfer,"miami, us",web,0
TXN00003142,CUST1024,2026-07-06 13:00:54,300.0,cash_withdrawal,"houston, us",atm,0
TXN00003143,CUST1486,2026-07-06 13:03:37,419.57,travel,"miami, us",atm,0
TXN00003144,CUST1329,2026-07-06 13:10:57,644.21,travel,"miami, us",web,0
TXN00003145,CUST1395,2026-07-06 13:13:14,463.33,travel,"new york, us",pos,0
TXN00003146,CUST1296,2026-07-06 13:17:51,34.57,dining,"miami, us",web,0
TXN00003147,CUST1136,2026-07-06 13:21:39,73.47,dining,"miami, us",web,0
TXN00003148,CUST1334,2026-07-06 13:24:20,70.11,grocery,"miami, us",web,0
TXN00003149,CUST1108,2026-07-06 13:29:21,20.0,cash_withdrawal,"los angeles, us",atm,0
TXN00003150,CUST1393,2026-07-06 13:29:55,275.1,travel,"new york, us",mobile,0
TXN00003151,CUST1293,2026-07-06 13:34:47,5226.66,online_retail,"chicago, us",web,1
TXN00003152,CUST1214,2026-07-06 13:35:36,1025.85,transfer,"houston, us",atm,0
TXN00003153,CUST1317,2026-07-06 13:43:35,300.0,cash_withdrawal,"new york, us",atm,0
TXN00003154,CUST1328,2026-07-06 13:44:08,56.59,dining,"los angeles, us",mobile,0
TXN00003155,CUST1016,2026-07-06 13:48:40,106.66,transfer,"miami, us",mobile,0
TXN00003156,CUST1255,2026-07-06 13:49:45,179.06,online_retail,"new york, us",web,0
TXN00003157,CUST1456,2026-07-06 13:54:16,100.0,cash_withdrawal,"chicago, us",atm,0
TXN00003158,CUST1322,2026-07-06 13:58:03,387.9,transfer,"miami, us",atm,0
TXN00003159,CUST1280,2026-07-06 14:01:44,200.0,cash_withdrawal,"miami, us",atm,0
TXN00003160,CUST1149,2026-07-06 14:02:42,8.5,dining,"houston, us",pos,0
TXN00003161,CUST1329,2026-07-06 14:06:49,114.86,transfer,"los angeles, us",pos,0
TXN00003162,CUST1490,2026-07-06 14:12:37,58.52,dining,"miami, us",web,0
TXN00003163,CUST1155,2026-07-06 14:18:55,65.26,grocery,"los angeles, us",pos,0
TXN00003164,CUST1248,2026-07-06 14:23:56,449.87,online_retail,"miami, us",mobile,0
TXN00003165,CUST1126,2026-07-06 14:31:02,667.87,travel,"miami, us",mobile,0
TXN00003166,CUST1413,2026-07-06 14:33:21,35.7,dining,"miami, us",atm,0
TXN00003167,CUST1414,2026-07-06 14:36:32,200.0,cash_withdrawal,"new york, us",atm,0
TXN00003168,CUST1351,2026-07-06 14:38:52,45.54,dining,"houston, us",web,0
TXN00003169,CUST1208,2026-07-06 14:44:01,142.86,online_retail,"houston, us",mobile,0
TXN00003170,CUST1153,2026-07-06 14:44:52,191.17,online_retail,"houston, us",mobile,0
TXN00003171,CUST1233,2026-07-06 14:51:35,100.0,cash_withdrawal,"miami, us",atm,0
TXN00003172,CUST1038,2026-07-06 14:56:02,383.86,travel,"los angeles, us",pos,0
TXN00003173,CUST1353,2026-07-06 14:56:20,12.33,online_retail,"chicago, us",web,0
TXN00003174,CUST1031,2026-07-06 14:57:28,73.91,dining,"houston, us",pos,0
TXN00003175,CUST1081,2026-07-06 15:03:57,27.03,grocery,"chicago, us",web,0
TXN00003176,CUST1226,2026-07-06 15:09:45,199.49,transfer,"los angeles, us",atm,0
TXN00003177,CUST1213,2026-07-06 15:13:51,50.29,dining,"houston, us",mobile,0
TXN00003178,CUST1248,2026-07-06 15:15:32,1680.08,dining,"mumbai, in",web,1
TXN00003179,CUST1238,2026-07-06 15:22:24,86.38,online_retail,"houston, us",mobile,0
TXN00003180,CUST1105,2026-07-06 15:24:07,503.65,travel,"new york, us",web,0
TXN00003181,CUST1175,2026-07-06 15:31:28,56.31,grocery,"chicago, us",mobile,0
TXN00003182,CUST1311,2026-07-06 15:34:59,100.0,cash_withdrawal,"los angeles, us",atm,0
TXN00003183,CUST1074,2026-07-06 15:35:32,177.42,online_retail,"los angeles, us",mobile,0
TXN00003184,CUST1161,2026-07-06 15:36:24,39.53,dining,"chicago, us",pos,0
TXN00003185,CUST1442,2026-07-06 15:40:07,36.51,dining,"miami, us",mobile,0
TXN00003186,CUST1368,2026-07-06 15:47:45,656.33,travel,"houston, us",mobile,0
TXN00003187,CUST1164,2026-07-06 15:53:55,100.0,cash_withdrawal,"los angeles, us",atm,0
TXN00003188,CUST1376,2026-07-06 15:56:37,32.61,dining,"new york, us",mobile,0
TXN00003189,CUST1441,2026-07-06 15:59:27,567.13,travel,"houston, us",pos,0
TXN00003190,CUST1177,2026-07-06 16:04:37,20.0,cash_withdrawal,"houston, us",atm,0
TXN00003191,CUST1500,2026-07-06 16:10:57,109.81,transfer,"miami, us",pos,0
TXN00003192,CUST1205,2026-07-06 16:14:59,190.96,transfer,"los angeles, us",web,0
TXN00003193,CUST1067,2026-07-06 16:21:36,60.0,cash_withdrawal,"new york, us",atm,0
TXN00003194,CUST1390,2026-07-06 16:27:29,806.51,travel,"los angeles, us",pos,0
TXN00003195,CUST1190,2026-07-06 16:31:29,202.8,online_retail,"miami, us",mobile,0
TXN00003196,CUST1264,2026-07-06 16:36:58,40.32,dining,"chicago, us",mobile,0
TXN00003197,CUST1288,2026-07-06 16:44:01,152.51,online_retail,"chicago, us",mobile,0
TXN00003198,CUST1055,2026-07-06 16:46:26,324.58,transfer,"miami, us",atm,0
TXN00003199,CUST1164,2026-07-06 16:49:30,48.7,grocery,"miami, us",mobile,0
TXN00003200,CUST1124,2026-07-06 16:57:54,51.57,online_retail,"houston, us",mobile,0
TXN00003201,CUST1239,2026-07-06 17:05:54,725.97,online_retail,"sydney, au",web,1
TXN00003202,CUST1063,2026-07-06 17:13:30,24.38,online_retail,"chicago, us",mobile,0
TXN00003203,CUST1137,2026-07-06 17:20:34,43.33,online_retail,"miami, us",mobile,0
TXN00003204,CUST1231,2026-07-06 17:22:19,55.39,grocery,"miami, us",web,0
TXN00003205,CUST1127,2026-07-06 17:24:17,20.0,cash_withdrawal,"los angeles, us",atm,0
TXN00003206,CUST1073,2026-07-06 17:26:01,741.99,travel,"los angeles, us",mobile,0
TXN00003207,CUST1050,2026-07-06 17:26:51,26.03,dining,"miami, us",atm,0
TXN00003208,CUST1026,2026-07-06 17:33:23,22.59,dining,"new york, us",atm,0
TXN00003209,CUST1149,2026-07-06 17:41:55,52.67,online_retail,"los angeles, us",mobile,0
TXN00003210,CUST1485,2026-07-06 17:47:14,300.0,cash_withdrawal,"chicago, us",atm,0
TXN00003211,CUST1197,2026-07-06 17:49:36,583.21,travel,"chicago, us",atm,0
TXN00003212,CUST1443,2026-07-06 17:57:12,39.26,grocery,"los angeles, us",web,0
TXN00003213,CUST1316,2026-07-06 18:03:06,770.51,travel,"los angeles, us",web,0
TXN00003214,CUST1215,2026-07-06 18:04:10,72.31,grocery,"miami, us",atm,0
TXN00003215,CUST1128,2026-07-06 18:08:02,177.61,online_retail,"miami, us",web,0
TXN00003216,CUST1493,2026-07-06 18:12:45,701.97,travel,"houston, us",mobile,0
TXN00003217,CUST1444,2026-07-06 18:13:04,200.0,cash_withdrawal,"houston, us",atm,0
TXN00003218,CUST1462,2026-07-06 18:13:16,269.73,online_retail,"miami, us",web,0
TXN00003219,CUST1082,2026-07-06 18:16:48,829.63,transfer,"new york, us",mobile,0
TXN00003220,CUST1417,2026-07-06 18:17:57,255.75,transfer,"chicago, us",web,0
TXN00003221,CUST1168,2026-07-06 18:18:13,56.79,grocery,"los angeles, us",atm,0
TXN00003222,CUST1479,2026-07-06 18:19:50,43.52,online_retail,"chicago, us",mobile,0
TXN00003223,CUST1296,2026-07-06 18:25:35,20.0,cash_withdrawal,"chicago, us",atm,0
TXN00003224,CUST1370,2026-07-06 18:29:49,954.26,travel,"los angeles, us",web,0
TXN00003225,CUST1161,2026-07-06 18:33:54,210.86,online_retail,"miami, us",mobile,0
TXN00003226,CUST1098,2026-07-06 18:39:58,770.33,travel,"los angeles, us",web,0
TXN00003227,CUST1391,2026-07-06 18:43:35,38.55,grocery,"miami, us",atm,0
TXN00003228,CUST1082,2026-07-06 18:51:09,609.48,travel,"houston, us",pos,0
TXN00003229,CUST1256,2026-07-06 18:56:55,53.67,dining,"chicago, us",atm,0
TXN00003230,CUST1264,2026-07-06 19:05:19,141.72,online_retail,"miami, us",web,0
TXN00003231,CUST1240,2026-07-06 19:11:50,46.86,grocery,"new york, us",atm,0
TXN00003232,CUST1256,2026-07-06 19:17:08,5.64,dining,"houston, us",mobile,0
TXN00003233,CUST1451,2026-07-06 19:23:29,60.0,cash_withdrawal,"los angeles, us",atm,0
TXN00003234,CUST1158,2026-07-06 19:27:48,671.22,travel,"houston, us",atm,0
TXN00003235,CUST1255,2026-07-06 19:30:33,62.16,grocery,"houston, us",web,0
TXN00003236,CUST1012,2026-07-06 19:35:59,349.4,transfer,"miami, us",atm,0
TXN00003237,CUST1047,2026-07-06 19:43:05,34.61,dining,"los angeles, us",mobile,0
TXN00003238,CUST1484,2026-07-06 19:51:33,542.28,travel,"new york, us",pos,0
TXN00003239,CUST1202,2026-07-06 19:56:58,69.07,dining,"houston, us",atm,0
TXN00003240,CUST1259,2026-07-06 20:00:12,597.46,dining,"london, uk",mobile,1
TXN00003241,CUST1235,2026-07-06 20:06:15,52.83,online_retail,"houston, us",web,0
TXN00003242,CUST1495,2026-07-06 20:12:09,448.53,travel,"los angeles, us",atm,0
TXN00003243,CUST1124,2026-07-06 20:20:32,74.39,dining,"new york, us",web,0
TXN00003244,CUST1111,2026-07-06 20:26:35,195.31,transfer,"new york, us",atm,0
TXN00003245,CUST1299,2026-07-06 20:32:30,167.18,online_retail,"miami, us",web,0
TXN00003246,CUST1181,2026-07-06 20:36:02,19044.21,transfer,"miami, us",web,1
TXN00003247,CUST1025,2026-07-06 20:43:03,19.92,online_retail,"los angeles, us",web,0
TXN00003248,CUST1026,2026-07-06 20:45:47,41.76,grocery,"new york, us",pos,0
TXN00003249,CUST1145,2026-07-06 20:46:41,196.05,transfer,"los angeles, us",atm,0
TXN00003250,CUST1254,2026-07-06 20:47:55,100.0,cash_withdrawal,"miami, us",atm,0
TXN00003251,CUST1306,2026-07-06 20:49:14,13.32,online_retail,"miami, us",web,0
TXN00003252,CUST1452,2026-07-06 20:49:31,63.73,online_retail,"new york, us",mobile,0
TXN00003253,CUST1432,2026-07-06 20:51:18,814.9,travel,"chicago, us",atm,0
TXN00003254,CUST1335,2026-07-06 20:52:25,229.53,transfer,"chicago, us",pos,0
TXN00003255,CUST1345,2026-07-06 20:59:32,37.34,transfer,"miami, us",web,0
TXN00003256,CUST1241,2026-07-06 20:59:50,55.86,dining,"miami, us",pos,0
TXN00003257,CUST1147,2026-07-06 21:05:56,39.67,dining,"los angeles, us",mobile,0
TXN00003258,CUST1275,2026-07-06 21:14:22,26.71,online_retail,"miami, us",web,0
TXN00003259,CUST1005,2026-07-06 21:16:08,100.0,cash_withdrawal,"chicago, us",atm,0
TXN00003260,CUST1434,2026-07-06 21:23:37,40.0,cash_withdrawal,"chicago, us",atm,0
TXN00003261,CUST1056,2026-07-06 21:24:00,30.14,dining,"chicago, us",atm,0
TXN00003262,CUST1221,2026-07-06 21:25:57,71.65,grocery,"los angeles, us",pos,0
TXN00003263,CUST1069,2026-07-06 21:30:13,285.87,travel,"miami, us",atm,0
TXN00003264,CUST1452,2026-07-06 21:35:55,72.12,transfer,"houston, us",atm,0
TXN00003265,CUST1136,2026-07-06 21:37:19,187.45,online_retail,"mumbai, in",web,1
TXN00003266,CUST1373,2026-07-06 21:43:01,803.3,travel,"new york, us",atm,0
TXN00003267,CUST1188,2026-07-06 21:45:14,136.55,online_retail,"mumbai, in",mobile,1
TXN00003268,CUST1392,2026-07-06 21:49:07,58.14,grocery,"chicago, us",mobile,0
TXN00003269,CUST1207,2026-07-06 21:56:28,19.22,dining,"new york, us",mobile,0
TXN00003270,CUST1188,2026-07-06 22:01:58,52.04,grocery,"new york, us",mobile,0
TXN00003271,CUST1024,2026-07-06 22:09:27,366.68,transfer,"new york, us",atm,0
TXN00003272,CUST1206,2026-07-06 22:16:21,27.55,online_retail,"chicago, us",mobile,0
TXN00003273,CUST1027,2026-07-06 22:21:06,100.0,cash_withdrawal,"miami, us",atm,0
TXN00003274,CUST1292,2026-07-06 22:22:53,52.47,grocery,"los angeles, us",pos,0
TXN00003275,CUST1288,2026-07-06 22:23:47,34.88,grocery,"los angeles, us",pos,0
TXN00003276,CUST1100,2026-07-06 22:26:31,60.0,cash_withdrawal,"new york, us",atm,0
TXN00003277,CUST1186,2026-07-06 22:33:15,17.66,dining,"chicago, us",web,0
TXN00003278,CUST1284,2026-07-06 22:37:22,41.99,dining,"houston, us",mobile,0
TXN00003279,CUST1148,2026-07-06 22:38:47,185.06,travel,"new york, us",mobile,0
TXN00003280,CUST1038,2026-07-06 22:42:59,300.0,cash_withdrawal,"miami, us",atm,0
TXN00003281,CUST1198,2026-07-06 22:46:45,63.8,travel,"chicago, us",atm,0
TXN00003282,CUST1259,2026-07-06 22:47:06,733.21,travel,"chicago, us",atm,0
TXN00003283,CUST1231,2026-07-06 22:48:15,40.0,cash_withdrawal,"los angeles, us",atm,0
TXN00003284,CUST1392,2026-07-06 22:49:50,150.99,transfer,"miami, us",atm,0
TXN00003285,CUST1282,2026-07-06 22:57:42,549.05,transfer,"miami, us",atm,0
TXN00003286,CUST1144,2026-07-06 22:59:10,243.59,online_retail,"chicago, us",mobile,0
TXN00003287,CUST1423,2026-07-06 23:05:38,58.23,grocery,"los angeles, us",atm,0
TXN00003288,CUST1320,2026-07-06 23:11:47,936.1,transfer,"new york, us",pos,0
TXN00003289,CUST1349,2026-07-06 23:15:44,69.34,online_retail,"new york, us",web,0
TXN00003290,CUST1313,2026-07-06 23:24:07,60.0,cash_withdrawal,"houston, us",atm,0
TXN00003291,CUST1061,2026-07-06 23:28:25,46.18,grocery,"los angeles, us",web,0
TXN00003292,CUST1066,2026-07-06 23:32:36,300.0,cash_withdrawal,"houston, us",atm,0
TXN00003293,CUST1500,2026-07-06 23:32:56,151.28,transfer,"los angeles, us",web,0
TXN00003294,CUST1050,2026-07-06 23:40:26,776.91,travel,"chicago, us",pos,0
TXN00003295,CUST1202,2026-07-06 23:44:26,40.0,cash_withdrawal,"chicago, us",atm,0
TXN00003296,CUST1192,2026-07-06 23:49:35,50.14,grocery,"houston, us",atm,0
TXN00003297,CUST1407,2026-07-06 23:51:49,300.0,cash_withdrawal,"los angeles, us",atm,0
TXN00003298,CUST1174,2026-07-06 23:53:42,866.22,travel,"houston, us",web,0
TXN00003299,CUST1286,2026-07-06 23:56:22,229.83,transfer,"los angeles, us",web,0
TXN00003300,CUST1481,2026-07-07 00:01:23,1.0,dining,"los angeles, us",mobile,0
TXN00003301,CUST1188,2026-07-07 00:08:37,84.65,transfer,"los angeles, us",mobile,0
TXN00003302,CUST1387,2026-07-07 00:15:53,48.35,dining,"new york, us",mobile,0
TXN00003303,CUST1074,2026-07-07 00:19:23,62.7,grocery,"los angeles, us",web,0
TXN00003304,CUST1102,2026-07-07 00:19:59,43.5,dining,"los angeles, us",web,0
TXN00003305,CUST1309,2026-07-07 00:22:59,641.16,travel,"new york, us",web,0
TXN00003306,CUST1261,2026-07-07 00:23:13,216.96,online_retail,"houston, us",mobile,0
TXN00003307,CUST1206,2026-07-07 00:24:15,96.76,online_retail,"chicago, us",mobile,0
TXN00003308,CUST1257,2026-07-07 00:29:47,33.45,grocery,"houston, us",mobile,0
TXN00003309,CUST1021,2026-07-07 00:37:10,689.76,travel,"chicago, us",atm,0
TXN00003310,CUST1024,2026-07-07 00:43:25,200.0,cash_withdrawal,"new york, us",atm,0
TXN00003311,CUST1020,2026-07-07 00:47:16,35.18,grocery,"new york, us",mobile,0
TXN00003312,CUST1071,2026-07-07 00:55:47,692.0,dining,"paris, fr",web,1
TXN00003313,CUST1366,2026-07-07 00:59:29,58.02,grocery,"houston, us",web,0
TXN00003314,CUST1171,2026-07-07 01:06:53,495.66,travel,"houston, us",atm,0
TXN00003315,CUST1412,2026-07-07 01:11:16,45.57,grocery,"new york, us",atm,0
TXN00003316,CUST1243,2026-07-07 01:17:43,300.0,cash_withdrawal,"new york, us",atm,0
TXN00003317,CUST1266,2026-07-07 01:22:49,843.95,travel,"chicago, us",atm,0
TXN00003318,CUST1234,2026-07-07 01:28:04,829.61,travel,"new york, us",web,0
TXN00003319,CUST1077,2026-07-07 01:34:28,118.52,online_retail,"los angeles, us",mobile,0
TXN00003320,CUST1311,2026-07-07 01:39:21,34.38,dining,"miami, us",pos,0
TXN00003321,CUST1458,2026-07-07 01:41:59,60.0,cash_withdrawal,"los angeles, us",atm,0
TXN00003322,CUST1264,2026-07-07 01:42:27,75.61,online_retail,"new york, us",mobile,0
TXN00003323,CUST1072,2026-07-07 01:46:46,48.5,dining,"new york, us",web,0
TXN00003324,CUST1168,2026-07-07 01:50:20,35.66,dining,"new york, us",atm,0
TXN00003325,CUST1477,2026-07-07 01:54:38,33.83,dining,"miami, us",web,0
TXN00003326,CUST1314,2026-07-07 01:59:10,1206.68,travel,"los angeles, us",pos,0
TXN00003327,CUST1164,2026-07-07 02:04:22,52.23,online_retail,"houston, us",web,0
TXN00003328,CUST1084,2026-07-07 02:10:43,5865.98,transfer,"houston, us",web,1
TXN00003329,CUST1202,2026-07-07 02:16:06,168.8,transfer,"chicago, us",atm,0
TXN00003330,CUST1316,2026-07-07 02:24:14,48.66,dining,"houston, us",mobile,0
TXN00003331,CUST1379,2026-07-07 02:30:11,415.75,travel,"chicago, us",pos,0
TXN00003332,CUST1432,2026-07-07 02:38:04,984.64,transfer,"miami, us",web,0
TXN00003333,CUST1154,2026-07-07 02:45:12,39.52,grocery,"miami, us",atm,0
TXN00003334,CUST1304,2026-07-07 02:52:46,300.0,cash_withdrawal,"chicago, us",atm,0
TXN00003335,CUST1173,2026-07-07 02:57:05,20.0,cash_withdrawal,"chicago, us",atm,0
TXN00003336,CUST1260,2026-07-07 02:59:13,307.37,transfer,"miami, us",atm,0
TXN00003337,CUST1425,2026-07-07 03:05:28,264.17,transfer,"miami, us",pos,0
TXN00003338,CUST1261,2026-07-07 03:06:09,90.62,online_retail,"chicago, us",web,0
TXN00003339,CUST1273,2026-07-07 03:10:49,935.43,travel,"houston, us",pos,0
TXN00003340,CUST1251,2026-07-07 03:11:08,15.04,grocery,"los angeles, us",pos,0
TXN00003341,CUST1363,2026-07-07 03:14:54,188.82,online_retail,"los angeles, us",web,0
TXN00003342,CUST1289,2026-07-07 03:19:59,200.0,cash_withdrawal,"miami, us",atm,0
TXN00003343,CUST1154,2026-07-07 03:22:50,191.67,online_retail,"new york, us",mobile,0
TXN00003344,CUST1244,2026-07-07 03:27:43,60.0,cash_withdrawal,"los angeles, us",atm,0
TXN00003345,CUST1418,2026-07-07 03:28:25,38.26,online_retail,"new york, us",web,0
TXN00003346,CUST1009,2026-07-07 03:30:52,1.0,travel,"los angeles, us",web,0
TXN00003347,CUST1189,2026-07-07 03:38:39,200.0,cash_withdrawal,"chicago, us",atm,0
TXN00003348,CUST1170,2026-07-07 03:44:20,40.07,dining,"los angeles, us",web,0
TXN00003349,CUST1345,2026-07-07 03:48:03,633.28,transfer,"houston, us",atm,0
TXN00003350,CUST1057,2026-07-07 03:55:48,200.0,cash_withdrawal,"miami, us",atm,0
TXN00003351,CUST1214,2026-07-07 04:00:00,58.23,grocery,"los angeles, us",atm,0
TXN00003352,CUST1299,2026-07-07 04:01:09,300.0,cash_withdrawal,"houston, us",atm,0
TXN00003353,CUST1158,2026-07-07 04:05:32,56.78,transfer,"miami, us",pos,0
TXN00003354,CUST1408,2026-07-07 04:11:00,20.0,cash_withdrawal,"houston, us",atm,0
TXN00003355,CUST1461,2026-07-07 04:19:10,299.15,transfer,"los angeles, us",pos,0
TXN00003356,CUST1372,2026-07-07 04:24:50,84.38,dining,"houston, us",pos,0
TXN00003357,CUST1447,2026-07-07 04:27:57,200.0,cash_withdrawal,"miami, us",atm,0
TXN00003358,CUST1353,2026-07-07 04:31:56,33.29,dining,"houston, us",mobile,0
TXN00003359,CUST1323,2026-07-07 04:38:03,24.21,dining,"miami, us",atm,0
TXN00003360,CUST1014,2026-07-07 04:41:56,60.0,cash_withdrawal,"miami, us",atm,0
TXN00003361,CUST1306,2026-07-07 04:42:16,708.37,travel,"los angeles, us",web,0
TXN00003362,CUST1243,2026-07-07 04:43:48,100.0,cash_withdrawal,"los angeles, us",atm,0
TXN00003363,CUST1136,2026-07-07 04:46:25,44.65,online_retail,"new york, us",web,0
TXN00003364,CUST1496,2026-07-07 04:52:46,37.91,grocery,"houston, us",mobile,0
TXN00003365,CUST1336,2026-07-07 04:54:34,62.88,grocery,"new york, us",mobile,0
TXN00003366,CUST1401,2026-07-07 04:58:44,35.31,dining,"chicago, us",atm,0
TXN00003367,CUST1498,2026-07-07 05:01:50,609.56,travel,"chicago, us",pos,0
TXN00003368,CUST1398,2026-07-07 05:05:44,100.0,cash_withdrawal,"chicago, us",atm,0
TXN00003369,CUST1297,2026-07-07 05:07:52,11.03,dining,"houston, us",pos,0
TXN00003370,CUST1296,2026-07-07 05:12:21,45.5,grocery,"chicago, us",atm,0
TXN00003371,CUST1117,2026-07-07 05:14:23,246.08,online_retail,"new york, us",web,0
TXN00003372,CUST1370,2026-07-07 05:19:33,587.45,travel,"chicago, us",atm,0
TXN00003373,CUST1027,2026-07-07 05:27:28,49.31,grocery,"chicago, us",mobile,0
TXN00003374,CUST1299,2026-07-07 05:33:28,408.75,travel,"houston, us",pos,0
TXN00003375,CUST1246,2026-07-07 05:36:31,133.38,online_retail,"los angeles, us",web,0
TXN00003376,CUST1088,2026-07-07 05:44:32,69.28,dining,"chicago, us",mobile,0
TXN00003377,CUST1269,2026-07-07 05:49:50,200.0,cash_withdrawal,"houston, us",atm,0
TXN00003378,CUST1323,2026-07-07 05:57:16,53.81,online_retail,"los angeles, us",web,0
TXN00003379,CUST1370,2026-07-07 06:04:37,849.21,travel,"miami, us",atm,0
TXN00003380,CUST1318,2026-07-07 06:10:53,68.67,grocery,"chicago, us",atm,0
TXN00003381,CUST1397,2026-07-07 06:16:39,536.76,transfer,"new york, us",atm,0
TXN00003382,CUST1431,2026-07-07 06:20:48,51.98,grocery,"houston, us",web,0
TXN00003383,CUST1195,2026-07-07 06:22:05,60.0,cash_withdrawal,"chicago, us",atm,0
TXN00003384,CUST1076,2026-07-07 06:29:47,49.2,grocery,"miami, us",atm,0
TXN00003385,CUST1421,2026-07-07 06:32:27,70.89,online_retail,"chicago, us",web,0
TXN00003386,CUST1349,2026-07-07 06:38:47,490.43,transfer,"miami, us",web,0
TXN00003387,CUST1125,2026-07-07 06:45:01,60.0,cash_withdrawal,"new york, us",atm,0
TXN00003388,CUST1017,2026-07-07 06:48:30,200.06,transfer,"miami, us",mobile,0
TXN00003389,CUST1294,2026-07-07 06:56:51,905.89,travel,"new york, us",atm,0
TXN00003390,CUST1486,2026-07-07 07:00:34,100.0,cash_withdrawal,"los angeles, us",atm,0
TXN00003391,CUST1359,2026-07-07 07:07:50,46.67,dining,"los angeles, us",pos,0
TXN00003392,CUST1057,2026-07-07 07:16:01,34.05,dining,"houston, us",pos,0
TXN00003393,CUST1098,2026-07-07 07:21:55,38.2,dining,"chicago, us",mobile,0
TXN00003394,CUST1010,2026-07-07 07:27:39,60.47,dining,"houston, us",atm,0
TXN00003395,CUST1226,2026-07-07 07:34:05,20.0,cash_withdrawal,"miami, us",atm,0
TXN00003396,CUST1161,2026-07-07 07:37:19,43.62,transfer,"los angeles, us",pos,0
TXN00003397,CUST1215,2026-07-07 07:44:16,64.75,dining,"miami, us",mobile,0
TXN00003398,CUST1078,2026-07-07 07:48:27,485.67,travel,"new york, us",web,0
TXN00003399,CUST1212,2026-07-07 07:55:26,39.14,dining,"chicago, us",web,0
TXN00003400,CUST1354,2026-07-07 08:03:53,20.4,online_retail,"los angeles, us",web,0
TXN00003401,CUST1105,2026-07-07 08:11:15,200.0,cash_withdrawal,"los angeles, us",atm,0
TXN00003402,CUST1211,2026-07-07 08:12:47,41.16,dining,"miami, us",mobile,0
TXN00003403,CUST1257,2026-07-07 08:18:15,34.49,dining,"los angeles, us",mobile,0
TXN00003404,CUST1397,2026-07-07 08:20:11,300.0,cash_withdrawal,"houston, us",atm,0
TXN00003405,CUST1314,2026-07-07 08:22:45,835.17,travel,"chicago, us",atm,0
TXN00003406,CUST1472,2026-07-07 08:28:48,60.0,cash_withdrawal,"new york, us",atm,0
TXN00003407,CUST1242,2026-07-07 08:35:21,127.05,online_retail,"miami, us",mobile,0
TXN00003408,CUST1447,2026-07-07 08:36:15,1053.22,transfer,"miami, us",web,0
TXN00003409,CUST1435,2026-07-07 08:42:06,200.0,cash_withdrawal,"los angeles, us",atm,0
TXN00003410,CUST1377,2026-07-07 08:46:23,43.83,dining,"miami, us",atm,0
TXN00003411,CUST1373,2026-07-07 08:47:39,28.81,dining,"new york, us",atm,0
TXN00003412,CUST1032,2026-07-07 08:49:17,43.1,transfer,"los angeles, us",web,0
TXN00003413,CUST1362,2026-07-07 08:51:09,900.02,travel,"new york, us",pos,0
TXN00003414,CUST1071,2026-07-07 08:52:39,477.02,travel,"miami, us",pos,0
TXN00003415,CUST1266,2026-07-07 08:57:59,130.86,travel,"houston, us",pos,0
TXN00003416,CUST1107,2026-07-07 09:02:20,59.3,grocery,"new york, us",atm,0
TXN00003417,CUST1288,2026-07-07 09:03:21,47.29,online_retail,"houston, us",mobile,0
TXN00003418,CUST1167,2026-07-07 09:10:17,40.0,cash_withdrawal,"new york, us",atm,0
TXN00003419,CUST1340,2026-07-07 09:13:59,20.0,cash_withdrawal,"houston, us",atm,0
TXN00003420,CUST1245,2026-07-07 09:22:11,31.19,grocery,"chicago, us",web,0
TXN00003421,CUST1270,2026-07-07 09:30:49,10.58,dining,"chicago, us",pos,0
TXN00003422,CUST1193,2026-07-07 09:35:11,200.0,cash_withdrawal,"new york, us",atm,0
TXN00003423,CUST1161,2026-07-07 09:37:56,47.2,grocery,"los angeles, us",web,0
TXN00003424,CUST1490,2026-07-07 09:40:06,40.74,grocery,"los angeles, us",atm,0
TXN00003425,CUST1089,2026-07-07 09:42:03,200.0,cash_withdrawal,"miami, us",atm,0
TXN00003426,CUST1236,2026-07-07 09:46:58,76.43,grocery,"los angeles, us",web,0
TXN00003427,CUST1468,2026-07-07 09:47:32,20.0,cash_withdrawal,"new york, us",atm,0
TXN00003428,CUST1273,2026-07-07 09:47:51,529.29,travel,"chicago, us",pos,0
TXN00003429,CUST1176,2026-07-07 09:51:04,340.77,transfer,"miami, us",atm,0
TXN00003430,CUST1280,2026-07-07 09:58:45,60.0,cash_withdrawal,"houston, us",atm,0
TXN00003431,CUST1182,2026-07-07 10:01:08,60.0,cash_withdrawal,"chicago, us",atm,0
TXN00003432,CUST1347,2026-07-07 10:04:20,762.88,travel,"houston, us",atm,0
TXN00003433,CUST1396,2026-07-07 10:10:16,32.93,grocery,"miami, us",mobile,0
TXN00003434,CUST1445,2026-07-07 10:11:47,200.0,cash_withdrawal,"miami, us",atm,0
TXN00003435,CUST1370,2026-07-07 10:13:26,549.63,travel,"los angeles, us",atm,0
TXN00003436,CUST1349,2026-07-07 10:20:39,39.87,dining,"miami, us",mobile,0
TXN00003437,CUST1330,2026-07-07 10:28:09,20.0,cash_withdrawal,"miami, us",atm,0
TXN00003438,CUST1412,2026-07-07 10:35:56,51.98,dining,"miami, us",atm,0
TXN00003439,CUST1355,2026-07-07 10:40:23,40.0,cash_withdrawal,"miami, us",atm,0
TXN00003440,CUST1136,2026-07-07 10:40:49,100.0,cash_withdrawal,"houston, us",atm,0
TXN00003441,CUST1313,2026-07-07 10:47:52,129.25,online_retail,"los angeles, us",web,0
TXN00003442,CUST1248,2026-07-07 10:48:34,767.09,travel,"new york, us",web,0
TXN00003443,CUST1099,2026-07-07 10:51:36,949.15,travel,"new york, us",web,0
TXN00003444,CUST1491,2026-07-07 10:55:26,437.99,transfer,"miami, us",mobile,0
TXN00003445,CUST1127,2026-07-07 10:56:34,48.29,dining,"new york, us",mobile,0
TXN00003446,CUST1143,2026-07-07 11:02:00,300.0,cash_withdrawal,"miami, us",atm,0
TXN00003447,CUST1286,2026-07-07 11:04:06,620.96,travel,"new york, us",web,0
TXN00003448,CUST1153,2026-07-07 11:05:17,32.68,online_retail,"houston, us",web,0
TXN00003449,CUST1116,2026-07-07 11:10:14,952.61,travel,"miami, us",mobile,0
TXN00003450,CUST1483,2026-07-07 11:12:18,176.83,online_retail,"houston, us",web,0
TXN00003451,CUST1499,2026-07-07 11:16:37,71.05,grocery,"miami, us",web,0
TXN00003452,CUST1153,2026-07-07 11:18:59,40.0,cash_withdrawal,"los angeles, us",atm,0
TXN00003453,CUST1395,2026-07-07 11:27:37,75.86,transfer,"miami, us",atm,0
TXN00003454,CUST1148,2026-07-07 11:30:41,100.0,cash_withdrawal,"new york, us",atm,0
TXN00003455,CUST1361,2026-07-07 11:37:32,53.96,dining,"new york, us",atm,0
TXN00003456,CUST1107,2026-07-07 11:40:43,637.72,travel,"miami, us",atm,0
TXN00003457,CUST1354,2026-07-07 11:47:26,435.86,transfer,"los angeles, us",web,0
TXN00003458,CUST1361,2026-07-07 11:47:59,736.54,transfer,"houston, us",mobile,0
TXN00003459,CUST1251,2026-07-07 11:54:43,570.53,travel,"los angeles, us",mobile,0
TXN00003460,CUST1163,2026-07-07 12:02:22,446.53,transfer,"los angeles, us",mobile,0
TXN00003461,CUST1246,2026-07-07 12:07:17,74.0,dining,"new york, us",pos,0
TXN00003462,CUST1179,2026-07-07 12:09:43,339.91,online_retail,"chicago, us",web,0
TXN00003463,CUST1287,2026-07-07 12:17:31,100.0,cash_withdrawal,"miami, us",atm,0
TXN00003464,CUST1479,2026-07-07 12:18:58,279.4,transfer,"los angeles, us",pos,0
TXN00003465,CUST1479,2026-07-07 12:26:24,61.43,dining,"chicago, us",mobile,0
TXN00003466,CUST1408,2026-07-07 12:32:27,200.0,cash_withdrawal,"los angeles, us",atm,0
TXN00003467,CUST1370,2026-07-07 12:40:04,160.11,online_retail,"chicago, us",web,0
TXN00003468,CUST1141,2026-07-07 12:44:37,576.9,travel,"new york, us",mobile,0
TXN00003469,CUST1148,2026-07-07 12:49:56,31.74,grocery,"chicago, us",mobile,0
TXN00003470,CUST1063,2026-07-07 12:55:48,100.0,cash_withdrawal,"new york, us",atm,0
TXN00003471,CUST1294,2026-07-07 12:56:51,353.04,travel,"miami, us",mobile,0
TXN00003472,CUST1347,2026-07-07 13:03:02,300.0,cash_withdrawal,"houston, us",atm,0
TXN00003473,CUST1279,2026-07-07 13:03:37,833.31,travel,"miami, us",atm,0
TXN00003474,CUST1195,2026-07-07 13:11:41,40.55,grocery,"los angeles, us",pos,0
TXN00003475,CUST1459,2026-07-07 13:19:55,102.92,transfer,"chicago, us",pos,0
TXN00003476,CUST1203,2026-07-07 13:23:49,19.84,dining,"chicago, us",atm,0
TXN00003477,CUST1420,2026-07-07 13:30:48,60.0,cash_withdrawal,"new york, us",atm,0
TXN00003478,CUST1177,2026-07-07 13:34:52,44.44,grocery,"houston, us",atm,0
TXN00003479,CUST1489,2026-07-07 13:43:14,367.63,online_retail,"new york, us",mobile,0
TXN00003480,CUST1396,2026-07-07 13:50:34,28.92,grocery,"miami, us",pos,0
TXN00003481,CUST1412,2026-07-07 13:57:10,256.91,travel,"miami, us",web,0
TXN00003482,CUST1075,2026-07-07 13:58:16,40.62,dining,"miami, us",atm,0
TXN00003483,CUST1149,2026-07-07 14:06:45,44.03,transfer,"los angeles, us",web,0
TXN00003484,CUST1022,2026-07-07 14:07:49,36.38,grocery,"new york, us",atm,0
TXN00003485,CUST1148,2026-07-07 14:14:39,537.51,transfer,"los angeles, us",mobile,0
TXN00003486,CUST1490,2026-07-07 14:20:01,171.61,online_retail,"chicago, us",mobile,0
TXN00003487,CUST1366,2026-07-07 14:25:23,497.25,transfer,"chicago, us",web,0
TXN00003488,CUST1041,2026-07-07 14:32:13,72.79,grocery,"los angeles, us",web,0
TXN00003489,CUST1178,2026-07-07 14:39:42,831.65,travel,"chicago, us",mobile,0
TXN00003490,CUST1474,2026-07-07 14:47:57,111.98,transfer,"chicago, us",web,0
TXN00003491,CUST1227,2026-07-07 14:48:59,325.36,travel,"new york, us",atm,0
TXN00003492,CUST1336,2026-07-07 14:56:10,43.44,dining,"chicago, us",atm,0
TXN00003493,CUST1132,2026-07-07 15:01:07,137.7,transfer,"chicago, us",atm,0
TXN00003494,CUST1383,2026-07-07 15:01:38,57.11,online_retail,"chicago, us",mobile,0
TXN00003495,CUST1246,2026-07-07 15:06:07,83.56,transfer,"new york, us",atm,0
TXN00003496,CUST1110,2026-07-07 15:07:10,20.0,cash_withdrawal,"houston, us",atm,0
TXN00003497,CUST1104,2026-07-07 15:08:45,187.94,online_retail,"chicago, us",web,0
TXN00003498,CUST1424,2026-07-07 15:14:17,58.3,grocery,"new york, us",mobile,0
TXN00003499,CUST1276,2026-07-07 15:15:27,20.0,cash_withdrawal,"chicago, us",atm,0
TXN00003500,CUST1139,2026-07-07 15:23:02,47.02,online_retail,"los angeles, us",mobile,0
TXN00003501,CUST1478,2026-07-07 15:24:57,291.39,transfer,"houston, us",atm,0
TXN00003502,CUST1288,2026-07-07 15:32:53,56.11,online_retail,"miami, us",mobile,0
TXN00003503,CUST1357,2026-07-07 15:36:08,65.67,grocery,"houston, us",atm,0
TXN00003504,CUST1140,2026-07-07 15:37:38,471.56,transfer,"los angeles, us",web,0
TXN00003505,CUST1071,2026-07-07 15:44:00,50.74,dining,"los angeles, us",web,0
TXN00003506,CUST1056,2026-07-07 15:46:39,224.6,online_retail,"los angeles, us",mobile,0
TXN00003507,CUST1316,2026-07-07 15:52:51,82.37,transfer,"chicago, us",mobile,0
TXN00003508,CUST1380,2026-07-07 15:56:47,47.76,transfer,"miami, us",atm,0
TXN00003509,CUST1301,2026-07-07 16:03:27,35.76,grocery,"new york, us",web,0
TXN00003510,CUST1123,2026-07-07 16:07:56,958.68,travel,"houston, us",mobile,0
TXN00003511,CUST1125,2026-07-07 16:12:21,484.98,travel,"houston, us",atm,0
TXN00003512,CUST1026,2026-07-07 16:18:46,55.08,online_retail,"new york, us",web,0
TXN00003513,CUST1343,2026-07-07 16:26:21,30.28,transfer,"houston, us",web,0
TXN00003514,CUST1464,2026-07-07 16:27:21,327.03,online_retail,"los angeles, us",web,0
TXN00003515,CUST1272,2026-07-07 16:28:49,103.67,transfer,"los angeles, us",pos,0
TXN00003516,CUST1116,2026-07-07 16:34:30,20.0,cash_withdrawal,"new york, us",atm,0
TXN00003517,CUST1327,2026-07-07 16:37:46,49.0,grocery,"houston, us",atm,0
TXN00003518,CUST1120,2026-07-07 16:40:47,465.49,travel,"houston, us",pos,0
TXN00003519,CUST1027,2026-07-07 16:47:56,174.87,online_retail,"new york, us",mobile,0
TXN00003520,CUST1052,2026-07-07 16:49:16,20.0,cash_withdrawal,"chicago, us",atm,0
TXN00003521,CUST1212,2026-07-07 16:50:28,41.34,dining,"chicago, us",atm,0
TXN00003522,CUST1170,2026-07-07 16:57:52,53.58,dining,"new york, us",web,0
TXN00003523,CUST1368,2026-07-07 16:59:45,33.96,dining,"new york, us",atm,0
TXN00003524,CUST1242,2026-07-07 17:03:39,517.64,travel,"chicago, us",atm,0
TXN00003525,CUST1052,2026-07-07 17:12:05,60.98,grocery,"houston, us",mobile,0
TXN00003526,CUST1349,2026-07-07 17:15:47,683.76,travel,"los angeles, us",atm,0
TXN00003527,CUST1395,2026-07-07 17:22:30,679.04,travel,"los angeles, us",mobile,0
TXN00003528,CUST1071,2026-07-07 17:29:13,49.39,dining,"houston, us",pos,0
TXN00003529,CUST1003,2026-07-07 17:29:26,26.97,grocery,"los angeles, us",atm,0
TXN00003530,CUST1494,2026-07-07 17:31:41,789.2,travel,"chicago, us",mobile,0
TXN00003531,CUST1282,2026-07-07 17:38:58,302.81,online_retail,"new york, us",web,0
TXN00003532,CUST1476,2026-07-07 17:46:02,60.0,cash_withdrawal,"new york, us",atm,0
TXN00003533,CUST1081,2026-07-07 17:50:14,1833.24,transfer,"chicago, us",pos,0
TXN00003534,CUST1209,2026-07-07 17:53:18,102.92,transfer,"los angeles, us",pos,0
TXN00003535,CUST1335,2026-07-07 17:55:54,32.36,transfer,"chicago, us",atm,0
TXN00003536,CUST1479,2026-07-07 18:00:22,59.19,grocery,"miami, us",web,0
TXN00003537,CUST1451,2026-07-07 18:01:59,19.67,dining,"houston, us",web,0
TXN00003538,CUST1450,2026-07-07 18:02:52,13.4,online_retail,"chicago, us",mobile,0
TXN00003539,CUST1244,2026-07-07 18:05:18,154.09,transfer,"new york, us",pos,0
TXN00003540,CUST1245,2026-07-07 18:08:38,35.12,dining,"miami, us",web,0
TXN00003541,CUST1334,2026-07-07 18:14:54,239.69,online_retail,"new york, us",mobile,0
TXN00003542,CUST1103,2026-07-07 18:21:30,100.0,cash_withdrawal,"miami, us",atm,0
TXN00003543,CUST1388,2026-07-07 18:25:12,60.0,cash_withdrawal,"los angeles, us",atm,0
TXN00003544,CUST1494,2026-07-07 18:28:26,270.54,transfer,"new york, us",pos,0
TXN00003545,CUST1148,2026-07-07 18:33:58,287.55,dining,"paris, fr",mobile,1
TXN00003546,CUST1165,2026-07-07 18:39:48,299.67,travel,"houston, us",mobile,0
TXN00003547,CUST1147,2026-07-07 18:42:03,12.17,online_retail,"miami, us",mobile,0
TXN00003548,CUST1331,2026-07-07 18:43:30,226.81,online_retail,"new york, us",mobile,0
TXN00003549,CUST1031,2026-07-07 18:50:05,156.62,online_retail,"chicago, us",web,0
TXN00003550,CUST1465,2026-07-07 18:56:40,53.84,dining,"new york, us",mobile,0
TXN00003551,CUST1394,2026-07-07 19:01:21,696.7,travel,"houston, us",atm,0
TXN00003552,CUST1046,2026-07-07 19:05:06,134.31,online_retail,"new york, us",mobile,0
TXN00003553,CUST1334,2026-07-07 19:11:59,156.97,online_retail,"miami, us",mobile,0
TXN00003554,CUST1294,2026-07-07 19:14:05,300.0,cash_withdrawal,"houston, us",atm,0
TXN00003555,CUST1119,2026-07-07 19:15:25,61.82,dining,"houston, us",pos,0
TXN00003556,CUST1274,2026-07-07 19:22:25,662.33,travel,"new york, us",atm,0
TXN00003557,CUST1379,2026-07-07 19:26:14,280.93,transfer,"new york, us",web,0
TXN00003558,CUST1371,2026-07-07 19:29:55,300.0,cash_withdrawal,"los angeles, us",atm,0
TXN00003559,CUST1436,2026-07-07 19:37:55,1422.65,transfer,"new york, us",pos,0
TXN00003560,CUST1480,2026-07-07 19:41:34,65.68,grocery,"los angeles, us",mobile,0
TXN00003561,CUST1020,2026-07-07 19:49:23,222.04,online_retail,"los angeles, us",web,0
TXN00003562,CUST1468,2026-07-07 19:53:27,100.0,cash_withdrawal,"chicago, us",atm,0
TXN00003563,CUST1472,2026-07-07 20:01:44,195.18,transfer,"chicago, us",mobile,0
TXN00003564,CUST1090,2026-07-07 20:09:10,37.72,grocery,"los angeles, us",pos,0
TXN00003565,CUST1214,2026-07-07 20:13:44,48.99,online_retail,"chicago, us",web,0
TXN00003566,CUST1452,2026-07-07 20:20:40,983.09,travel,"houston, us",mobile,0
TXN00003567,CUST1429,2026-07-07 20:26:39,146.27,online_retail,"chicago, us",mobile,0
TXN00003568,CUST1091,2026-07-07 20:29:54,40.0,cash_withdrawal,"new york, us",atm,0
TXN00003569,CUST1479,2026-07-07 20:38:07,691.91,travel,"houston, us",web,0
TXN00003570,CUST1471,2026-07-07 20:38:32,91.34,transfer,"miami, us",web,0
TXN00003571,CUST1019,2026-07-07 20:42:28,18.5,grocery,"chicago, us",mobile,0
TXN00003572,CUST1429,2026-07-07 20:43:52,62.37,dining,"los angeles, us",web,0
TXN00003573,CUST1204,2026-07-07 20:50:36,58.24,grocery,"new york, us",pos,0
TXN00003574,CUST1404,2026-07-07 20:50:51,396.69,transfer,"new york, us",mobile,0
TXN00003575,CUST1254,2026-07-07 20:57:08,289.8,transfer,"miami, us",mobile,0
TXN00003576,CUST1096,2026-07-07 21:04:10,18.22,online_retail,"los angeles, us",mobile,0
TXN00003577,CUST1480,2026-07-07 21:08:44,79.31,grocery,"los angeles, us",mobile,0
TXN00003578,CUST1384,2026-07-07 21:16:57,359.53,transfer,"los angeles, us",pos,0
TXN00003579,CUST1493,2026-07-07 21:17:42,473.56,travel,"new york, us",web,0
TXN00003580,CUST1447,2026-07-07 21:18:35,160.1,transfer,"miami, us",pos,0
TXN00003581,CUST1475,2026-07-07 21:21:38,1090.65,travel,"chicago, us",pos,0
TXN00003582,CUST1149,2026-07-07 21:24:29,40.07,dining,"los angeles, us",atm,0
TXN00003583,CUST1449,2026-07-07 21:28:04,60.23,dining,"miami, us",atm,0
TXN00003584,CUST1020,2026-07-07 21:36:36,58.3,online_retail,"los angeles, us",mobile,0
TXN00003585,CUST1005,2026-07-07 21:43:21,935.37,travel,"houston, us",web,0
TXN00003586,CUST1153,2026-07-07 21:44:55,70.95,transfer,"new york, us",pos,0
TXN00003587,CUST1291,2026-07-07 21:48:47,907.72,travel,"houston, us",web,0
TXN00003588,CUST1309,2026-07-07 21:49:28,200.0,cash_withdrawal,"chicago, us",atm,0
TXN00003589,CUST1055,2026-07-07 21:52:59,1021.25,travel,"los angeles, us",pos,0
TXN00003590,CUST1476,2026-07-07 21:59:37,39.65,online_retail,"chicago, us",web,0
TXN00003591,CUST1172,2026-07-07 22:00:05,500.57,travel,"chicago, us",pos,0
TXN00003592,CUST1146,2026-07-07 22:05:53,175.28,online_retail,"chicago, us",mobile,0
TXN00003593,CUST1233,2026-07-07 22:13:55,1054.99,travel,"los angeles, us",pos,0
TXN00003594,CUST1329,2026-07-07 22:19:33,564.88,transfer,"miami, us",mobile,0
TXN00003595,CUST1279,2026-07-07 22:21:00,730.77,travel,"houston, us",pos,0
TXN00003596,CUST1269,2026-07-07 22:28:52,932.72,travel,"chicago, us",web,0
TXN00003597,CUST1253,2026-07-07 22:33:56,300.0,cash_withdrawal,"chicago, us",atm,0
TXN00003598,CUST1456,2026-07-07 22:34:35,811.63,travel,"chicago, us",atm,0
TXN00003599,CUST1481,2026-07-07 22:43:05,50.0,dining,"los angeles, us",pos,0
TXN00003600,CUST1069,2026-07-07 22:48:38,300.0,cash_withdrawal,"houston, us",atm,0
TXN00003601,CUST1436,2026-07-07 22:57:09,507.08,transfer,"miami, us",pos,0
TXN00003602,CUST1259,2026-07-07 23:03:24,50.65,grocery,"chicago, us",web,0
TXN00003603,CUST1240,2026-07-07 23:10:23,221.12,transfer,"houston, us",atm,0
TXN00003604,CUST1140,2026-07-07 23:16:11,58.37,grocery,"chicago, us",mobile,0
TXN00003605,CUST1099,2026-07-07 23:23:49,87.1,online_retail,"los angeles, us",mobile,0
TXN00003606,CUST1415,2026-07-07 23:28:25,70.06,transfer,"houston, us",web,0
TXN00003607,CUST1058,2026-07-07 23:36:53,40.0,cash_withdrawal,"chicago, us",atm,0
TXN00003608,CUST1170,2026-07-07 23:39:34,275.02,transfer,"chicago, us",atm,0
TXN00003609,CUST1084,2026-07-07 23:43:18,300.0,cash_withdrawal,"houston, us",atm,0
TXN00003610,CUST1375,2026-07-07 23:46:53,20.0,cash_withdrawal,"houston, us",atm,0
TXN00003611,CUST1235,2026-07-07 23:54:36,696.58,travel,"miami, us",web,0
TXN00003612,CUST1332,2026-07-08 00:00:34,548.88,travel,"miami, us",web,0
TXN00003613,CUST1132,2026-07-08 00:06:42,300.0,cash_withdrawal,"new york, us",atm,0
TXN00003614,CUST1368,2026-07-08 00:11:35,75.11,dining,"los angeles, us",mobile,0
TXN00003615,CUST1096,2026-07-08 00:19:12,300.0,cash_withdrawal,"los angeles, us",atm,0
TXN00003616,CUST1008,2026-07-08 00:21:57,75.76,online_retail,"new york, us",web,0
TXN00003617,CUST1378,2026-07-08 00:28:16,73.6,grocery,"houston, us",web,0
TXN00003618,CUST1173,2026-07-08 00:34:46,398.14,travel,"los angeles, us",mobile,0
TXN00003619,CUST1405,2026-07-08 00:37:36,37.02,dining,"miami, us",atm,0
TXN00003620,CUST1152,2026-07-08 00:45:31,300.0,cash_withdrawal,"new york, us",atm,0
TXN00003621,CUST1291,2026-07-08 00:48:37,63.97,grocery,"houston, us",pos,0
TXN00003622,CUST1346,2026-07-08 00:48:51,331.73,online_retail,"los angeles, us",web,0
TXN00003623,CUST1388,2026-07-08 00:56:04,665.32,travel,"los angeles, us",pos,0
TXN00003624,CUST1099,2026-07-08 00:58:37,317.35,travel,"houston, us",web,0
TXN00003625,CUST1090,2026-07-08 01:06:27,52.45,dining,"los angeles, us",web,0
TXN00003626,CUST1313,2026-07-08 01:11:07,616.33,transfer,"chicago, us",pos,0
TXN00003627,CUST1439,2026-07-08 01:16:29,47.5,grocery,"los angeles, us",mobile,0
TXN00003628,CUST1328,2026-07-08 01:24:30,421.17,transfer,"miami, us",pos,0
TXN00003629,CUST1460,2026-07-08 01:25:55,268.8,dining,"sydney, au",web,1
TXN00003630,CUST1208,2026-07-08 01:32:03,253.41,online_retail,"los angeles, us",mobile,0
TXN00003631,CUST1424,2026-07-08 01:35:39,652.97,travel,"chicago, us",atm,0
TXN00003632,CUST1219,2026-07-08 01:39:37,663.29,travel,"houston, us",mobile,0
TXN00003633,CUST1264,2026-07-08 01:45:16,40.0,cash_withdrawal,"los angeles, us",atm,0
TXN00003634,CUST1168,2026-07-08 01:47:11,20.0,cash_withdrawal,"new york, us",atm,0
TXN00003635,CUST1045,2026-07-08 01:54:55,805.09,travel,"new york, us",web,0
TXN00003636,CUST1206,2026-07-08 01:59:43,20.0,cash_withdrawal,"new york, us",atm,0
TXN00003637,CUST1343,2026-07-08 02:05:12,1107.86,transfer,"los angeles, us",pos,0
TXN00003638,CUST1049,2026-07-08 02:12:05,103.83,online_retail,"new york, us",web,0
TXN00003639,CUST1095,2026-07-08 02:17:31,29.67,dining,"chicago, us",web,0
TXN00003640,CUST1072,2026-07-08 02:23:14,1130.81,transfer,"houston, us",atm,0
TXN00003641,CUST1245,2026-07-08 02:27:10,47.05,grocery,"chicago, us",mobile,0
TXN00003642,CUST1166,2026-07-08 02:33:17,200.0,cash_withdrawal,"chicago, us",atm,0
TXN00003643,CUST1480,2026-07-08 02:36:23,264.72,online_retail,"new york, us",mobile,0
TXN00003644,CUST1128,2026-07-08 02:44:07,46.91,grocery,"new york, us",mobile,0
TXN00003645,CUST1004,2026-07-08 02:51:12,20.0,cash_withdrawal,"new york, us",atm,0
TXN00003646,CUST1134,2026-07-08 02:58:02,25.07,dining,"miami, us",mobile,0
TXN00003647,CUST1197,2026-07-08 03:03:44,21.05,online_retail,"chicago, us",web,0
TXN00003648,CUST1121,2026-07-08 03:07:21,45.51,online_retail,"los angeles, us",mobile,0
TXN00003649,CUST1229,2026-07-08 03:14:08,49.08,online_retail,"houston, us",web,0
TXN00003650,CUST1386,2026-07-08 03:15:59,104.98,online_retail,"miami, us",web,0
TXN00003651,CUST1137,2026-07-08 03:23:40,42.63,grocery,"new york, us",web,0
TXN00003652,CUST1489,2026-07-08 03:26:24,74.99,transfer,"chicago, us",pos,0
TXN00003653,CUST1169,2026-07-08 03:27:17,45.73,grocery,"new york, us",web,0
TXN00003654,CUST1155,2026-07-08 03:27:45,33.9,online_retail,"houston, us",web,0
TXN00003655,CUST1299,2026-07-08 03:32:30,300.0,cash_withdrawal,"new york, us",atm,0
TXN00003656,CUST1371,2026-07-08 03:35:31,20.0,cash_withdrawal,"los angeles, us",atm,0
TXN00003657,CUST1294,2026-07-08 03:39:00,584.56,travel,"new york, us",mobile,0
TXN00003658,CUST1006,2026-07-08 03:45:21,719.86,travel,"new york, us",mobile,0
TXN00003659,CUST1134,2026-07-08 03:51:39,58.94,online_retail,"los angeles, us",web,0
TXN00003660,CUST1335,2026-07-08 03:58:07,250.14,online_retail,"miami, us",mobile,0
TXN00003661,CUST1185,2026-07-08 04:05:47,69.24,online_retail,"los angeles, us",mobile,0
TXN00003662,CUST1355,2026-07-08 04:07:01,126.74,transfer,"new york, us",web,0
TXN00003663,CUST1121,2026-07-08 04:11:37,200.0,cash_withdrawal,"new york, us",atm,0
TXN00003664,CUST1032,2026-07-08 04:20:14,49.69,online_retail,"los angeles, us",mobile,0
TXN00003665,CUST1342,2026-07-08 04:25:00,32.37,dining,"chicago, us",web,0
TXN00003666,CUST1061,2026-07-08 04:27:35,151.7,transfer,"new york, us",web,0
TXN00003667,CUST1239,2026-07-08 04:29:34,454.96,travel,"miami, us",pos,0
TXN00003668,CUST1158,2026-07-08 04:30:31,30.88,dining,"houston, us",web,0
TXN00003669,CUST1082,2026-07-08 04:35:02,52.72,grocery,"miami, us",mobile,0
TXN00003670,CUST1208,2026-07-08 04:39:54,90.91,transfer,"houston, us",pos,0
TXN00003671,CUST1352,2026-07-08 04:42:43,258.34,online_retail,"houston, us",web,0
TXN00003672,CUST1258,2026-07-08 04:47:19,31.74,dining,"los angeles, us",web,0
TXN00003673,CUST1473,2026-07-08 04:50:23,309.99,online_retail,"chicago, us",mobile,0
TXN00003674,CUST1459,2026-07-08 04:57:00,35.25,online_retail,"los angeles, us",web,0
TXN00003675,CUST1455,2026-07-08 05:02:35,36.1,grocery,"chicago, us",mobile,0
TXN00003676,CUST1361,2026-07-08 05:04:06,45.91,transfer,"houston, us",web,0
TXN00003677,CUST1395,2026-07-08 05:04:27,120.48,travel,"miami, us",pos,0
TXN00003678,CUST1160,2026-07-08 05:04:51,37.0,dining,"los angeles, us",pos,0
TXN00003679,CUST1354,2026-07-08 05:12:36,268.63,transfer,"houston, us",pos,0
TXN00003680,CUST1061,2026-07-08 05:19:33,254.3,online_retail,"los angeles, us",mobile,0
TXN00003681,CUST1328,2026-07-08 05:24:19,64.25,transfer,"new york, us",atm,0
TXN00003682,CUST1470,2026-07-08 05:29:32,300.0,cash_withdrawal,"miami, us",atm,0
TXN00003683,CUST1482,2026-07-08 05:31:54,60.0,cash_withdrawal,"houston, us",atm,0
TXN00003684,CUST1152,2026-07-08 05:34:07,43.68,dining,"miami, us",web,0
TXN00003685,CUST1189,2026-07-08 05:41:23,33.34,online_retail,"chicago, us",web,0
TXN00003686,CUST1315,2026-07-08 05:48:09,313.45,transfer,"chicago, us",atm,0
TXN00003687,CUST1114,2026-07-08 05:50:54,115.91,transfer,"houston, us",web,0
TXN00003688,CUST1113,2026-07-08 05:57:15,60.0,cash_withdrawal,"los angeles, us",atm,0
TXN00003689,CUST1491,2026-07-08 06:01:01,90.4,grocery,"houston, us",mobile,0
TXN00003690,CUST1069,2026-07-08 06:09:36,388.34,travel,"houston, us",web,0
TXN00003691,CUST1245,2026-07-08 06:14:04,39.51,dining,"houston, us",pos,0
TXN00003692,CUST1079,2026-07-08 06:15:10,128.56,travel,"new york, us",atm,0
TXN00003693,CUST1233,2026-07-08 06:21:34,269.22,online_retail,"new york, us",mobile,0
TXN00003694,CUST1383,2026-07-08 06:22:14,37.6,transfer,"chicago, us",mobile,0
TXN00003695,CUST1311,2026-07-08 06:29:34,91.35,online_retail,"houston, us",mobile,0
TXN00003696,CUST1192,2026-07-08 06:32:54,32.12,dining,"new york, us",atm,0
TXN00003697,CUST1213,2026-07-08 06:35:16,101.99,online_retail,"new york, us",web,0
TXN00003698,CUST1360,2026-07-08 06:40:47,735.46,travel,"houston, us",mobile,0
TXN00003699,CUST1282,2026-07-08 06:45:16,175.04,online_retail,"houston, us",web,0
TXN00003700,CUST1468,2026-07-08 06:48:27,235.12,online_retail,"houston, us",mobile,0
TXN00003701,CUST1242,2026-07-08 06:49:40,300.0,cash_withdrawal,"new york, us",atm,0
TXN00003702,CUST1388,2026-07-08 06:50:14,614.59,transfer,"los angeles, us",web,0
TXN00003703,CUST1276,2026-07-08 06:56:51,40.0,cash_withdrawal,"los angeles, us",atm,0
TXN00003704,CUST1411,2026-07-08 07:02:34,74.62,grocery,"chicago, us",mobile,0
TXN00003705,CUST1341,2026-07-08 07:10:45,698.45,travel,"chicago, us",web,0
TXN00003706,CUST1423,2026-07-08 07:11:58,1.45,dining,"miami, us",pos,0
TXN00003707,CUST1112,2026-07-08 07:15:57,34.42,dining,"new york, us",mobile,0
TXN00003708,CUST1391,2026-07-08 07:18:39,60.0,cash_withdrawal,"houston, us",atm,0
TXN00003709,CUST1127,2026-07-08 07:23:42,42.57,online_retail,"los angeles, us",mobile,0
TXN00003710,CUST1349,2026-07-08 07:30:09,110.82,online_retail,"new york, us",web,0
TXN00003711,CUST1387,2026-07-08 07:30:21,213.01,online_retail,"chicago, us",web,0
TXN00003712,CUST1306,2026-07-08 07:34:23,811.29,travel,"los angeles, us",web,0
TXN00003713,CUST1448,2026-07-08 07:37:26,200.0,cash_withdrawal,"los angeles, us",atm,0
TXN00003714,CUST1404,2026-07-08 07:45:59,111.76,online_retail,"houston, us",mobile,0
TXN00003715,CUST1042,2026-07-08 07:48:09,218.02,transfer,"chicago, us",atm,0
TXN00003716,CUST1270,2026-07-08 07:55:11,283.24,online_retail,"miami, us",mobile,0
TXN00003717,CUST1229,2026-07-08 08:01:42,77.27,online_retail,"los angeles, us",web,0
TXN00003718,CUST1271,2026-07-08 08:10:18,304.7,online_retail,"chicago, us",web,0
TXN00003719,CUST1361,2026-07-08 08:15:25,176.67,transfer,"chicago, us",web,0
TXN00003720,CUST1186,2026-07-08 08:20:24,60.0,cash_withdrawal,"los angeles, us",atm,0
TXN00003721,CUST1040,2026-07-08 08:26:39,20.0,cash_withdrawal,"chicago, us",atm,0
TXN00003722,CUST1470,2026-07-08 08:34:26,100.0,cash_withdrawal,"houston, us",atm,0
TXN00003723,CUST1289,2026-07-08 08:42:36,139.35,transfer,"los angeles, us",mobile,0
TXN00003724,CUST1058,2026-07-08 08:48:07,201.54,transfer,"miami, us",web,0
TXN00003725,CUST1032,2026-07-08 08:53:57,42.63,grocery,"chicago, us",atm,0
TXN00003726,CUST1425,2026-07-08 08:58:40,300.0,cash_withdrawal,"new york, us",atm,0
TXN00003727,CUST1281,2026-07-08 09:06:02,55.17,grocery,"houston, us",mobile,0
TXN00003728,CUST1463,2026-07-08 09:11:16,42.8,online_retail,"los angeles, us",mobile,0
TXN00003729,CUST1259,2026-07-08 09:13:25,78.56,grocery,"houston, us",mobile,0
TXN00003730,CUST1104,2026-07-08 09:16:34,72.52,dining,"miami, us",pos,0
TXN00003731,CUST1294,2026-07-08 09:19:17,1154.7,travel,"chicago, us",pos,0
TXN00003732,CUST1275,2026-07-08 09:21:52,49.17,online_retail,"miami, us",mobile,0
TXN00003733,CUST1077,2026-07-08 09:27:43,261.33,transfer,"new york, us",atm,0
TXN00003734,CUST1085,2026-07-08 09:34:34,560.24,travel,"miami, us",mobile,0
TXN00003735,CUST1168,2026-07-08 09:41:41,69.54,dining,"los angeles, us",atm,0
TXN00003736,CUST1438,2026-07-08 09:47:57,7118.35,transfer,"houston, us",mobile,1
TXN00003737,CUST1267,2026-07-08 09:53:00,32.48,grocery,"los angeles, us",atm,0
TXN00003738,CUST1227,2026-07-08 09:58:54,14.17,dining,"houston, us",mobile,0
TXN00003739,CUST1060,2026-07-08 10:00:15,45.82,dining,"los angeles, us",atm,0
TXN00003740,CUST1349,2026-07-08 10:06:30,36.37,grocery,"houston, us",mobile,0
TXN00003741,CUST1106,2026-07-08 10:09:53,20.0,cash_withdrawal,"los angeles, us",atm,0
TXN00003742,CUST1368,2026-07-08 10:14:29,80.58,transfer,"new york, us",pos,0
TXN00003743,CUST1299,2026-07-08 10:20:56,544.11,transfer,"houston, us",web,0
TXN00003744,CUST1251,2026-07-08 10:23:12,421.24,travel,"chicago, us",pos,0
TXN00003745,CUST1047,2026-07-08 10:24:15,695.1,travel,"los angeles, us",pos,0
TXN00003746,CUST1461,2026-07-08 10:27:12,535.62,online_retail,"miami, us",mobile,0
TXN00003747,CUST1262,2026-07-08 10:31:46,47.14,grocery,"los angeles, us",pos,0
TXN00003748,CUST1229,2026-07-08 10:36:54,17.9,dining,"miami, us",mobile,0
TXN00003749,CUST1415,2026-07-08 10:38:42,44.41,dining,"new york, us",atm,0
TXN00003750,CUST1029,2026-07-08 10:45:53,64.36,dining,"new york, us",pos,0
TXN00003751,CUST1233,2026-07-08 10:52:41,471.7,travel,"miami, us",mobile,0
TXN00003752,CUST1068,2026-07-08 10:55:55,25.64,dining,"chicago, us",atm,0
TXN00003753,CUST1263,2026-07-08 10:59:57,20.0,cash_withdrawal,"houston, us",atm,0
TXN00003754,CUST1213,2026-07-08 11:00:57,542.37,travel,"miami, us",atm,0
TXN00003755,CUST1234,2026-07-08 11:02:22,506.85,online_retail,"tokyo, jp",mobile,1
TXN00003756,CUST1289,2026-07-08 11:08:36,56.02,grocery,"los angeles, us",web,0
TXN00003757,CUST1030,2026-07-08 11:12:23,49.37,dining,"miami, us",pos,0
TXN00003758,CUST1287,2026-07-08 11:19:37,57.8,grocery,"new york, us",pos,0
TXN00003759,CUST1237,2026-07-08 11:23:17,35.33,grocery,"miami, us",atm,0
TXN00003760,CUST1345,2026-07-08 11:24:08,26.35,dining,"new york, us",web,0
TXN00003761,CUST1414,2026-07-08 11:25:05,430.79,travel,"los angeles, us",mobile,0
TXN00003762,CUST1158,2026-07-08 11:25:46,320.81,online_retail,"houston, us",mobile,0
TXN00003763,CUST1371,2026-07-08 11:29:33,40.0,cash_withdrawal,"los angeles, us",atm,0
TXN00003764,CUST1012,2026-07-08 11:37:17,53.09,online_retail,"houston, us",mobile,0
TXN00003765,CUST1203,2026-07-08 11:38:33,54.44,grocery,"new york, us",pos,0
TXN00003766,CUST1131,2026-07-08 11:42:46,40.0,cash_withdrawal,"houston, us",atm,0
TXN00003767,CUST1419,2026-07-08 11:44:45,55.63,grocery,"houston, us",mobile,0
TXN00003768,CUST1002,2026-07-08 11:48:43,70.31,grocery,"chicago, us",mobile,0
TXN00003769,CUST1382,2026-07-08 11:49:32,34.74,online_retail,"los angeles, us",web,0
TXN00003770,CUST1112,2026-07-08 11:52:51,53.78,dining,"miami, us",pos,0
TXN00003771,CUST1297,2026-07-08 11:58:47,11874.85,transfer,"houston, us",web,1
TXN00003772,CUST1038,2026-07-08 12:03:26,74.9,online_retail,"new york, us",web,0
TXN00003773,CUST1024,2026-07-08 12:07:02,49.53,grocery,"chicago, us",web,0
TXN00003774,CUST1217,2026-07-08 12:12:13,372.58,travel,"new york, us",mobile,0
TXN00003775,CUST1177,2026-07-08 02:17:09,7484.81,cash_withdrawal,"miami, us",mobile,1
TXN00003776,CUST1359,2026-07-08 12:21:44,435.95,travel,"los angeles, us",web,0
TXN00003777,CUST1033,2026-07-08 12:28:32,416.78,travel,"chicago, us",atm,0
TXN00003778,CUST1278,2026-07-08 12:32:04,737.21,transfer,"chicago, us",pos,0
TXN00003779,CUST1031,2026-07-08 12:39:40,1.0,dining,"new york, us",atm,0
TXN00003780,CUST1479,2026-07-08 12:42:05,40.0,cash_withdrawal,"los angeles, us",atm,0
TXN00003781,CUST1458,2026-07-08 12:47:14,814.76,online_retail,"paris, fr",web,1
TXN00003782,CUST1036,2026-07-08 12:51:39,69.82,travel,"houston, us",atm,0
TXN00003783,CUST1479,2026-07-08 12:57:14,20.0,cash_withdrawal,"chicago, us",atm,0
TXN00003784,CUST1242,2026-07-08 13:01:00,39.11,dining,"houston, us",pos,0
TXN00003785,CUST1017,2026-07-08 13:04:55,296.51,travel,"new york, us",mobile,0
TXN00003786,CUST1147,2026-07-08 13:10:57,78.78,dining,"los angeles, us",mobile,0
TXN00003787,CUST1210,2026-07-08 13:19:03,2337.06,transfer,"houston, us",atm,0
TXN00003788,CUST1093,2026-07-08 13:27:18,249.75,travel,"houston, us",pos,0
TXN00003789,CUST1394,2026-07-08 13:31:38,42.11,grocery,"houston, us",atm,0
TXN00003790,CUST1070,2026-07-08 13:38:02,273.65,online_retail,"miami, us",web,0
TXN00003791,CUST1393,2026-07-08 13:46:30,76.16,transfer,"chicago, us",atm,0
TXN00003792,CUST1329,2026-07-08 13:50:13,947.08,travel,"new york, us",mobile,0
TXN00003793,CUST1374,2026-07-08 13:57:24,52.12,grocery,"new york, us",mobile,0
TXN00003794,CUST1331,2026-07-08 13:58:57,306.45,transfer,"miami, us",atm,0
TXN00003795,CUST1494,2026-07-08 14:00:20,744.41,transfer,"houston, us",atm,0
TXN00003796,CUST1216,2026-07-08 14:04:48,18.04,grocery,"los angeles, us",web,0
TXN00003797,CUST1192,2026-07-08 14:06:03,727.07,travel,"new york, us",pos,0
TXN00003798,CUST1457,2026-07-08 14:10:21,17.73,online_retail,"los angeles, us",mobile,0
TXN00003799,CUST1196,2026-07-08 14:16:35,300.0,cash_withdrawal,"chicago, us",atm,0
TXN00003800,CUST1230,2026-07-08 14:20:39,118.52,dining,"houston, us",web,0
TXN00003801,CUST1446,2026-07-08 14:21:55,15.33,online_retail,"new york, us",mobile,0
TXN00003802,CUST1470,2026-07-08 14:30:20,60.0,cash_withdrawal,"los angeles, us",atm,0
TXN00003803,CUST1465,2026-07-08 14:36:30,130.16,online_retail,"los angeles, us",mobile,0
TXN00003804,CUST1194,2026-07-08 14:41:02,67.99,grocery,"miami, us",web,0
TXN00003805,CUST1193,2026-07-08 14:48:33,72.55,transfer,"new york, us",web,0
TXN00003806,CUST1042,2026-07-08 14:53:13,545.34,travel,"chicago, us",atm,0
TXN00003807,CUST1350,2026-07-08 14:54:23,49.32,grocery,"los angeles, us",atm,0
TXN00003808,CUST1494,2026-07-08 15:00:28,300.0,cash_withdrawal,"chicago, us",atm,0
TXN00003809,CUST1339,2026-07-08 15:02:26,101.34,transfer,"miami, us",web,0
TXN00003810,CUST1448,2026-07-08 15:06:29,493.94,travel,"houston, us",pos,0
TXN00003811,CUST1277,2026-07-08 15:10:41,44.98,dining,"los angeles, us",web,0
TXN00003812,CUST1069,2026-07-08 15:11:07,59.49,online_retail,"chicago, us",web,0
TXN00003813,CUST1335,2026-07-08 15:17:39,22.13,dining,"los angeles, us",atm,0
TXN00003814,CUST1441,2026-07-08 15:19:09,43.76,grocery,"houston, us",atm,0
TXN00003815,CUST1179,2026-07-08 15:27:22,33.05,grocery,"chicago, us",mobile,0
TXN00003816,CUST1061,2026-07-08 15:32:18,487.5,travel,"los angeles, us",pos,0
TXN00003817,CUST1092,2026-07-08 15:35:37,65.14,dining,"los angeles, us",web,0
TXN00003818,CUST1276,2026-07-08 15:43:38,29.29,dining,"houston, us",pos,0
TXN00003819,CUST1202,2026-07-08 15:51:55,689.61,travel,"miami, us",atm,0
TXN00003820,CUST1271,2026-07-08 15:53:05,25.38,dining,"miami, us",atm,0
TXN00003821,CUST1066,2026-07-08 15:58:23,100.0,cash_withdrawal,"los angeles, us",atm,0
TXN00003822,CUST1373,2026-07-08 16:05:49,60.0,cash_withdrawal,"chicago, us",atm,0
TXN00003823,CUST1115,2026-07-08 16:09:28,179.7,online_retail,"chicago, us",mobile,0
TXN00003824,CUST1428,2026-07-08 16:10:34,55.16,dining,"new york, us",atm,0
TXN00003825,CUST1002,2026-07-08 16:11:45,100.0,cash_withdrawal,"chicago, us",atm,0
TXN00003826,CUST1388,2026-07-08 16:15:04,54.86,dining,"new york, us",web,0
TXN00003827,CUST1012,2026-07-08 16:20:06,83.49,online_retail,"houston, us",web,0
TXN00003828,CUST1153,2026-07-08 16:22:44,628.47,travel,"houston, us",web,0
TXN00003829,CUST1238,2026-07-08 16:23:14,51.47,grocery,"chicago, us",mobile,0
TXN00003830,CUST1345,2026-07-08 16:27:51,40.0,cash_withdrawal,"chicago, us",atm,0
TXN00003831,CUST1369,2026-07-08 16:29:19,65.92,dining,"los angeles, us",mobile,0
TXN00003832,CUST1279,2026-07-08 16:30:29,233.91,online_retail,"chicago, us",mobile,0
TXN00003833,CUST1218,2026-07-08 16:33:49,100.14,transfer,"chicago, us",mobile,0
TXN00003834,CUST1273,2026-07-08 16:36:35,47.08,grocery,"chicago, us",atm,0
TXN00003835,CUST1195,2026-07-08 16:45:12,997.07,transfer,"new york, us",pos,0
TXN00003836,CUST1422,2026-07-08 16:48:33,583.95,travel,"miami, us",atm,0
TXN00003837,CUST1118,2026-07-08 16:51:18,57.58,grocery,"chicago, us",mobile,0
TXN00003838,CUST1127,2026-07-08 16:53:58,43.92,dining,"new york, us",atm,0
TXN00003839,CUST1236,2026-07-08 16:58:16,60.43,grocery,"miami, us",web,0
TXN00003840,CUST1178,2026-07-08 16:58:40,234.44,travel,"miami, us",web,0
TXN00003841,CUST1080,2026-07-08 17:05:35,32.42,grocery,"houston, us",web,0
TXN00003842,CUST1142,2026-07-08 17:06:58,300.0,cash_withdrawal,"chicago, us",atm,0
TXN00003843,CUST1097,2026-07-08 17:08:20,585.38,transfer,"houston, us",atm,0
TXN00003844,CUST1480,2026-07-08 17:15:11,902.15,transfer,"houston, us",mobile,0
TXN00003845,CUST1449,2026-07-08 17:20:22,886.72,travel,"los angeles, us",web,0
TXN00003846,CUST1372,2026-07-08 17:24:07,100.0,cash_withdrawal,"los angeles, us",atm,0
TXN00003847,CUST1392,2026-07-08 17:24:41,18272.83,transfer,"los angeles, us",web,1
TXN00003848,CUST1058,2026-07-08 17:32:50,211.52,online_retail,"miami, us",mobile,0
TXN00003849,CUST1017,2026-07-08 17:40:37,20.75,dining,"los angeles, us",atm,0
TXN00003850,CUST1415,2026-07-08 17:43:23,40.0,cash_withdrawal,"los angeles, us",atm,0
TXN00003851,CUST1339,2026-07-08 17:51:08,35.29,grocery,"houston, us",atm,0
TXN00003852,CUST1215,2026-07-08 17:53:43,847.81,travel,"new york, us",web,0
TXN00003853,CUST1315,2026-07-08 17:55:43,312.41,transfer,"miami, us",atm,0
TXN00003854,CUST1393,2026-07-08 17:57:26,1404.83,transfer,"new york, us",web,0
TXN00003855,CUST1480,2026-07-08 18:04:35,60.77,dining,"chicago, us",pos,0
TXN00003856,CUST1453,2026-07-08 18:11:03,40.0,cash_withdrawal,"new york, us",atm,0
TXN00003857,CUST1456,2026-07-08 18:15:23,18.23,dining,"houston, us",pos,0
TXN00003858,CUST1009,2026-07-08 18:15:34,22.33,online_retail,"new york, us",web,0
TXN00003859,CUST1124,2026-07-08 18:16:46,60.0,cash_withdrawal,"new york, us",atm,0
TXN00003860,CUST1106,2026-07-08 18:21:36,30.81,grocery,"chicago, us",mobile,0
TXN00003861,CUST1035,2026-07-08 18:24:44,97.72,online_retail,"new york, us",web,0
TXN00003862,CUST1052,2026-07-08 18:25:28,23.6,dining,"houston, us",mobile,0
TXN00003863,CUST1305,2026-07-08 18:33:03,300.0,cash_withdrawal,"new york, us",atm,0
TXN00003864,CUST1018,2026-07-08 18:33:35,279.88,online_retail,"los angeles, us",web,0
TXN00003865,CUST1229,2026-07-08 18:37:18,842.25,transfer,"new york, us",mobile,0
TXN00003866,CUST1307,2026-07-08 18:41:34,14.97,dining,"los angeles, us",mobile,0
TXN00003867,CUST1345,2026-07-08 18:46:37,482.89,travel,"miami, us",pos,0
TXN00003868,CUST1361,2026-07-08 18:49:25,32.68,grocery,"chicago, us",web,0
TXN00003869,CUST1447,2026-07-08 18:54:24,811.97,transfer,"new york, us",pos,0
TXN00003870,CUST1025,2026-07-08 18:58:25,54.86,grocery,"houston, us",pos,0
TXN00003871,CUST1126,2026-07-08 19:06:15,17.05,dining,"miami, us",mobile,0
TXN00003872,CUST1380,2026-07-08 19:09:17,300.0,cash_withdrawal,"new york, us",atm,0
TXN00003873,CUST1023,2026-07-08 19:16:07,621.3,travel,"miami, us",pos,0
TXN00003874,CUST1206,2026-07-08 19:19:30,1.0,travel,"new york, us",atm,0
TXN00003875,CUST1225,2026-07-08 19:23:43,553.28,travel,"miami, us",pos,0
TXN00003876,CUST1120,2026-07-08 19:31:00,20.0,cash_withdrawal,"los angeles, us",atm,0
TXN00003877,CUST1277,2026-07-08 19:37:18,345.34,transfer,"new york, us",atm,0
TXN00003878,CUST1112,2026-07-08 19:44:34,300.0,cash_withdrawal,"miami, us",atm,0
TXN00003879,CUST1387,2026-07-08 19:49:54,25.54,grocery,"houston, us",mobile,0
TXN00003880,CUST1443,2026-07-08 19:51:11,218.65,online_retail,"chicago, us",mobile,0
TXN00003881,CUST1398,2026-07-08 19:57:51,100.0,cash_withdrawal,"new york, us",atm,0
TXN00003882,CUST1029,2026-07-08 19:59:11,100.0,cash_withdrawal,"houston, us",atm,0
TXN00003883,CUST1072,2026-07-08 20:03:39,300.0,cash_withdrawal,"miami, us",atm,0
TXN00003884,CUST1258,2026-07-08 20:09:14,57.0,grocery,"los angeles, us",atm,0
TXN00003885,CUST1149,2026-07-08 20:13:19,362.07,online_retail,"chicago, us",web,0
TXN00003886,CUST1120,2026-07-08 20:19:58,40.0,cash_withdrawal,"chicago, us",atm,0
TXN00003887,CUST1418,2026-07-08 20:23:58,70.42,dining,"miami, us",mobile,0
TXN00003888,CUST1470,2026-07-08 20:29:49,741.52,travel,"chicago, us",atm,0
TXN00003889,CUST1375,2026-07-08 20:33:48,60.0,cash_withdrawal,"los angeles, us",atm,0
TXN00003890,CUST1295,2026-07-08 20:35:14,60.49,grocery,"los angeles, us",web,0
TXN00003891,CUST1164,2026-07-08 20:42:47,758.86,travel,"houston, us",web,0
TXN00003892,CUST1296,2026-07-08 20:49:09,178.9,transfer,"houston, us",pos,0
TXN00003893,CUST1307,2026-07-08 20:52:05,87.23,online_retail,"chicago, us",mobile,0
TXN00003894,CUST1396,2026-07-08 20:53:00,320.65,travel,"miami, us",atm,0
TXN00003895,CUST1345,2026-07-08 20:59:59,45.95,grocery,"new york, us",web,0
TXN00003896,CUST1420,2026-07-08 03:05:28,5991.86,cash_withdrawal,"los angeles, us",mobile,1
TXN00003897,CUST1165,2026-07-08 21:11:18,748.48,travel,"houston, us",web,0
TXN00003898,CUST1122,2026-07-08 21:16:47,57.54,online_retail,"chicago, us",web,0
TXN00003899,CUST1155,2026-07-08 21:20:26,42.47,grocery,"miami, us",pos,0
TXN00003900,CUST1449,2026-07-08 21:23:54,476.81,travel,"new york, us",web,0
TXN00003901,CUST1074,2026-07-08 03:26:03,3723.7,cash_withdrawal,"new york, us",mobile,1
TXN00003902,CUST1339,2026-07-08 21:33:53,188.61,transfer,"new york, us",atm,0
TXN00003903,CUST1267,2026-07-08 21:37:25,53.44,grocery,"miami, us",web,0
TXN00003904,CUST1114,2026-07-08 21:40:28,1028.17,travel,"houston, us",atm,0
TXN00003905,CUST1212,2026-07-08 21:45:14,60.94,online_retail,"new york, us",mobile,0
TXN00003906,CUST1154,2026-07-08 21:45:47,21.32,grocery,"houston, us",atm,0
TXN00003907,CUST1141,2026-07-08 21:54:07,20.0,cash_withdrawal,"new york, us",atm,0
TXN00003908,CUST1032,2026-07-08 22:00:00,145.98,online_retail,"los angeles, us",web,0
TXN00003909,CUST1286,2026-07-08 22:07:45,48.97,grocery,"chicago, us",web,0
TXN00003910,CUST1486,2026-07-08 22:11:41,190.67,transfer,"chicago, us",atm,0
TXN00003911,CUST1303,2026-07-08 22:18:07,73.88,transfer,"new york, us",pos,0
TXN00003912,CUST1451,2026-07-08 22:20:39,630.71,travel,"houston, us",atm,0
TXN00003913,CUST1377,2026-07-08 22:26:19,300.0,cash_withdrawal,"houston, us",atm,0
TXN00003914,CUST1467,2026-07-08 22:27:14,718.1,transfer,"miami, us",atm,0
TXN00003915,CUST1090,2026-07-08 22:34:47,19.83,dining,"miami, us",atm,0
TXN00003916,CUST1321,2026-07-08 22:36:21,915.93,travel,"houston, us",atm,0
TXN00003917,CUST1348,2026-07-08 22:42:33,171.23,online_retail,"miami, us",mobile,0
TXN00003918,CUST1219,2026-07-08 22:42:55,37.31,grocery,"los angeles, us",pos,0
TXN00003919,CUST1285,2026-07-08 22:47:57,412.26,online_retail,"new york, us",mobile,0
TXN00003920,CUST1254,2026-07-08 22:53:29,45.28,dining,"los angeles, us",atm,0
TXN00003921,CUST1025,2026-07-08 23:00:26,65.45,dining,"los angeles, us",atm,0
TXN00003922,CUST1498,2026-07-08 23:07:11,341.03,transfer,"los angeles, us",web,0
TXN00003923,CUST1177,2026-07-08 23:13:23,20.0,cash_withdrawal,"chicago, us",atm,0
TXN00003924,CUST1483,2026-07-08 23:16:11,300.0,cash_withdrawal,"new york, us",atm,0
TXN00003925,CUST1330,2026-07-08 23:21:08,35.67,dining,"chicago, us",atm,0
TXN00003926,CUST1344,2026-07-08 23:26:48,814.83,travel,"new york, us",mobile,0
TXN00003927,CUST1196,2026-07-08 23:28:01,138.71,transfer,"miami, us",mobile,0
TXN00003928,CUST1403,2026-07-08 23:33:40,37.55,dining,"new york, us",mobile,0
TXN00003929,CUST1269,2026-07-08 23:38:36,623.34,travel,"los angeles, us",atm,0
TXN00003930,CUST1164,2026-07-08 02:39:29,5249.57,cash_withdrawal,"houston, us",mobile,1
TXN00003931,CUST1357,2026-07-08 23:41:17,207.08,transfer,"los angeles, us",pos,0
TXN00003932,CUST1214,2026-07-08 23:49:36,70.33,dining,"miami, us",atm,0
TXN00003933,CUST1210,2026-07-08 23:55:02,59.03,grocery,"los angeles, us",pos,0
TXN00003934,CUST1077,2026-07-08 23:59:49,300.0,cash_withdrawal,"los angeles, us",atm,0
TXN00003935,CUST1154,2026-07-09 00:04:54,14.95,online_retail,"miami, us",web,0
TXN00003936,CUST1193,2026-07-09 00:11:31,100.0,cash_withdrawal,"houston, us",atm,0
TXN00003937,CUST1095,2026-07-09 00:12:08,48.47,dining,"houston, us",web,0
TXN00003938,CUST1387,2026-07-09 00:20:28,52.7,transfer,"miami, us",atm,0
TXN00003939,CUST1276,2026-07-09 00:25:29,1120.19,travel,"chicago, us",web,0
TXN00003940,CUST1243,2026-07-09 00:30:06,38.41,online_retail,"los angeles, us",web,0
TXN00003941,CUST1124,2026-07-09 00:31:52,163.92,travel,"los angeles, us",atm,0
TXN00003942,CUST1435,2026-07-09 00:38:26,58.73,grocery,"miami, us",web,0
TXN00003943,CUST1116,2026-07-09 00:42:39,60.0,cash_withdrawal,"chicago, us",atm,0
TXN00003944,CUST1154,2026-07-09 00:47:06,40.0,cash_withdrawal,"houston, us",atm,0
TXN00003945,CUST1440,2026-07-09 00:54:55,38.68,dining,"new york, us",mobile,0
TXN00003946,CUST1363,2026-07-09 00:55:14,148.09,transfer,"los angeles, us",mobile,0
TXN00003947,CUST1074,2026-07-09 00:56:25,35.5,transfer,"new york, us",mobile,0
TXN00003948,CUST1413,2026-07-09 01:02:12,36.26,transfer,"houston, us",mobile,0
TXN00003949,CUST1238,2026-07-09 01:10:21,20.0,cash_withdrawal,"miami, us",atm,0
TXN00003950,CUST1469,2026-07-09 01:15:03,49.01,dining,"los angeles, us",web,0
TXN00003951,CUST1030,2026-07-09 01:16:45,186.65,online_retail,"houston, us",web,0
TXN00003952,CUST1288,2026-07-09 01:25:07,203.71,transfer,"los angeles, us",web,0
TXN00003953,CUST1212,2026-07-09 01:25:26,739.14,travel,"los angeles, us",atm,0
TXN00003954,CUST1496,2026-07-09 01:27:56,29.97,grocery,"new york, us",mobile,0
TXN00003955,CUST1214,2026-07-09 01:34:48,53.73,online_retail,"new york, us",web,0
TXN00003956,CUST1286,2026-07-09 01:36:43,200.0,cash_withdrawal,"los angeles, us",atm,0
TXN00003957,CUST1272,2026-07-09 01:38:58,133.61,travel,"miami, us",mobile,0
TXN00003958,CUST1069,2026-07-09 01:46:12,60.57,dining,"miami, us",mobile,0
TXN00003959,CUST1199,2026-07-09 01:52:23,540.42,transfer,"los angeles, us",pos,0
TXN00003960,CUST1125,2026-07-09 01:59:42,38.13,dining,"new york, us",pos,0
TXN00003961,CUST1131,2026-07-09 02:07:26,40.0,cash_withdrawal,"miami, us",atm,0
TXN00003962,CUST1105,2026-07-09 02:12:32,300.0,cash_withdrawal,"los angeles, us",atm,0
TXN00003963,CUST1170,2026-07-09 02:16:29,66.52,dining,"los angeles, us",atm,0
TXN00003964,CUST1332,2026-07-09 02:17:22,74.81,online_retail,"los angeles, us",mobile,0
TXN00003965,CUST1041,2026-07-09 02:24:25,300.0,cash_withdrawal,"new york, us",atm,0
TXN00003966,CUST1473,2026-07-09 02:29:08,77.54,online_retail,"los angeles, us",web,0
TXN00003967,CUST1231,2026-07-09 02:34:28,454.1,travel,"miami, us",mobile,0
TXN00003968,CUST1434,2026-07-09 02:37:22,60.0,cash_withdrawal,"houston, us",atm,0
TXN00003969,CUST1190,2026-07-09 02:40:57,60.77,dining,"houston, us",mobile,0
TXN00003970,CUST1048,2026-07-09 02:46:08,90.36,transfer,"los angeles, us",mobile,0
TXN00003971,CUST1275,2026-07-09 02:46:41,23.27,online_retail,"new york, us",mobile,0
TXN00003972,CUST1371,2026-07-09 02:51:02,27.21,grocery,"los angeles, us",mobile,0
TXN00003973,CUST1425,2026-07-09 02:58:33,1.0,travel,"houston, us",web,0
TXN00003974,CUST1098,2026-07-09 03:06:41,200.0,cash_withdrawal,"chicago, us",atm,0
TXN00003975,CUST1027,2026-07-09 03:07:02,285.74,online_retail,"miami, us",web,0
TXN00003976,CUST1138,2026-07-09 03:10:06,41.67,grocery,"houston, us",web,0
TXN00003977,CUST1194,2026-07-09 03:13:59,274.66,travel,"chicago, us",mobile,0
TXN00003978,CUST1345,2026-07-09 03:15:41,257.86,online_retail,"houston, us",mobile,0
TXN00003979,CUST1310,2026-07-09 03:19:23,540.54,transfer,"new york, us",atm,0
TXN00003980,CUST1309,2026-07-09 03:19:45,38.12,grocery,"miami, us",web,0
TXN00003981,CUST1021,2026-07-09 03:27:15,16.46,grocery,"houston, us",pos,0
TXN00003982,CUST1448,2026-07-09 03:31:55,128.41,transfer,"houston, us",web,0
TXN00003983,CUST1038,2026-07-09 03:34:47,647.61,travel,"los angeles, us",web,0
TXN00003984,CUST1097,2026-07-09 03:38:12,712.3,travel,"houston, us",atm,0
TXN00003985,CUST1412,2026-07-09 03:40:33,247.51,transfer,"miami, us",mobile,0
TXN00003986,CUST1390,2026-07-09 03:41:29,29.96,transfer,"los angeles, us",atm,0
TXN00003987,CUST1301,2026-07-09 03:42:37,106.82,online_retail,"houston, us",mobile,0
TXN00003988,CUST1371,2026-07-09 03:51:08,300.0,cash_withdrawal,"miami, us",atm,0
TXN00003989,CUST1344,2026-07-09 03:52:08,177.15,transfer,"miami, us",mobile,0
TXN00003990,CUST1287,2026-07-09 03:56:55,200.0,cash_withdrawal,"los angeles, us",atm,0
TXN00003991,CUST1112,2026-07-09 03:58:31,200.0,cash_withdrawal,"new york, us",atm,0
TXN00003992,CUST1246,2026-07-09 04:01:07,49.07,dining,"miami, us",atm,0
TXN00003993,CUST1107,2026-07-09 04:02:30,35.27,grocery,"houston, us",pos,0
TXN00003994,CUST1446,2026-07-09 04:04:13,614.75,travel,"houston, us",pos,0
TXN00003995,CUST1465,2026-07-09 04:06:33,56.7,grocery,"miami, us",pos,0
TXN00003996,CUST1171,2026-07-09 04:13:16,20.0,cash_withdrawal,"chicago, us",atm,0
TXN00003997,CUST1156,2026-07-09 04:14:11,198.16,online_retail,"chicago, us",web,0
TXN00003998,CUST1490,2026-07-09 04:15:39,20.64,online_retail,"houston, us",mobile,0
TXN00003999,CUST1466,2026-07-09 04:18:26,40.0,cash_withdrawal,"miami, us",atm,0
TXN00004000,CUST1008,2026-07-09 04:26:43,35.56,grocery,"miami, us",pos,0
TXN00004001,CUST1109,2026-07-09 04:30:21,35.87,dining,"new york, us",atm,0
TXN00004002,CUST1480,2026-07-09 04:36:18,152.32,online_retail,"chicago, us",mobile,0
TXN00004003,CUST1098,2026-07-09 04:37:54,856.53,transfer,"chicago, us",mobile,0
TXN00004004,CUST1493,2026-07-09 02:38:34,5801.56,transfer,"chicago, us",atm,1
TXN00004005,CUST1380,2026-07-09 04:43:58,545.89,travel,"miami, us",atm,0
TXN00004006,CUST1061,2026-07-09 04:52:20,442.43,travel,"new york, us",web,0
TXN00004007,CUST1383,2026-07-09 04:55:16,17.22,grocery,"miami, us",web,0
TXN00004008,CUST1387,2026-07-09 04:56:58,279.04,online_retail,"los angeles, us",mobile,0
TXN00004009,CUST1246,2026-07-09 04:57:21,262.84,online_retail,"miami, us",mobile,0
TXN00004010,CUST1469,2026-07-09 05:03:36,151.95,online_retail,"houston, us",mobile,0
TXN00004011,CUST1125,2026-07-09 05:04:15,80.13,online_retail,"houston, us",mobile,0
TXN00004012,CUST1357,2026-07-09 05:06:57,67.16,grocery,"los angeles, us",web,0
TXN00004013,CUST1310,2026-07-09 05:10:26,483.7,travel,"miami, us",web,0
TXN00004014,CUST1361,2026-07-09 05:11:26,151.5,transfer,"miami, us",mobile,0
TXN00004015,CUST1105,2026-07-09 05:14:19,89.95,online_retail,"new york, us",mobile,0
TXN00004016,CUST1204,2026-07-09 05:15:41,178.97,online_retail,"los angeles, us",mobile,0
TXN00004017,CUST1469,2026-07-09 05:19:22,527.8,travel,"houston, us",web,0
TXN00004018,CUST1123,2026-07-09 05:27:09,100.0,cash_withdrawal,"chicago, us",atm,0
TXN00004019,CUST1283,2026-07-09 05:30:04,342.02,transfer,"chicago, us",mobile,0
TXN00004020,CUST1165,2026-07-09 05:32:26,36.69,dining,"houston, us",mobile,0
TXN00004021,CUST1398,2026-07-09 05:35:48,26.41,dining,"chicago, us",atm,0
TXN00004022,CUST1145,2026-07-09 05:44:00,60.0,cash_withdrawal,"houston, us",atm,0
TXN00004023,CUST1195,2026-07-09 05:51:13,505.74,travel,"chicago, us",mobile,0
TXN00004024,CUST1239,2026-07-09 05:59:03,100.0,cash_withdrawal,"los angeles, us",atm,0
TXN00004025,CUST1274,2026-07-09 06:00:14,33.01,dining,"chicago, us",pos,0
TXN00004026,CUST1333,2026-07-09 06:00:50,16.0,dining,"new york, us",pos,0
TXN00004027,CUST1184,2026-07-09 06:02:43,526.94,travel,"miami, us",atm,0
TXN00004028,CUST1158,2026-07-09 06:04:55,40.0,cash_withdrawal,"chicago, us",atm,0
TXN00004029,CUST1134,2026-07-09 06:11:30,43.06,dining,"miami, us",web,0
TXN00004030,CUST1185,2026-07-09 06:16:45,60.36,dining,"miami, us",atm,0
TXN00004031,CUST1263,2026-07-09 06:21:55,603.56,travel,"houston, us",web,0
TXN00004032,CUST1452,2026-07-09 06:24:06,205.91,travel,"chicago, us",pos,0
TXN00004033,CUST1255,2026-07-09 06:28:28,207.23,online_retail,"houston, us",mobile,0
TXN00004034,CUST1239,2026-07-09 06:32:58,656.32,travel,"new york, us",pos,0
TXN00004035,CUST1051,2026-07-09 06:39:33,318.13,transfer,"houston, us",web,0
TXN00004036,CUST1412,2026-07-09 06:44:01,174.86,transfer,"chicago, us",pos,0
TXN00004037,CUST1370,2026-07-09 06:47:28,438.78,transfer,"houston, us",pos,0
TXN00004038,CUST1241,2026-07-09 06:55:44,123.67,online_retail,"chicago, us",web,0
TXN00004039,CUST1390,2026-07-09 06:56:52,53.85,dining,"chicago, us",mobile,0
TXN00004040,CUST1430,2026-07-09 06:59:19,359.44,transfer,"new york, us",web,0
TXN00004041,CUST1164,2026-07-09 07:00:00,1006.6,travel,"houston, us",web,0
TXN00004042,CUST1469,2026-07-09 07:02:52,270.99,online_retail,"new york, us",mobile,0
TXN00004043,CUST1105,2026-07-09 07:06:59,42.46,grocery,"miami, us",web,0
TXN00004044,CUST1190,2026-07-09 07:11:52,67.5,transfer,"houston, us",atm,0
TXN00004045,CUST1161,2026-07-09 07:15:30,556.8,transfer,"houston, us",web,0
TXN00004046,CUST1212,2026-07-09 07:16:13,60.0,cash_withdrawal,"chicago, us",atm,0
TXN00004047,CUST1024,2026-07-09 07:20:30,64.01,dining,"new york, us",web,0
TXN00004048,CUST1289,2026-07-09 07:20:54,94.66,online_retail,"new york, us",mobile,0
TXN00004049,CUST1443,2026-07-09 07:24:32,60.0,cash_withdrawal,"new york, us",atm,0
TXN00004050,CUST1114,2026-07-09 07:30:06,162.95,transfer,"los angeles, us",mobile,0
TXN00004051,CUST1380,2026-07-09 07:32:15,42.81,dining,"new york, us",web,0
TXN00004052,CUST1075,2026-07-09 07:40:12,379.87,online_retail,"chicago, us",web,0
TXN00004053,CUST1009,2026-07-09 07:47:55,53.39,online_retail,"los angeles, us",mobile,0
TXN00004054,CUST1134,2026-07-09 07:48:14,577.78,transfer,"los angeles, us",web,0
TXN00004055,CUST1284,2026-07-09 07:50:41,60.0,cash_withdrawal,"los angeles, us",atm,0
TXN00004056,CUST1479,2026-07-09 07:55:34,218.51,transfer,"new york, us",mobile,0
TXN00004057,CUST1300,2026-07-09 08:03:57,236.52,transfer,"chicago, us",mobile,0
TXN00004058,CUST1297,2026-07-09 08:09:07,60.09,grocery,"houston, us",pos,0
TXN00004059,CUST1369,2026-07-09 08:15:02,158.85,travel,"chicago, us",web,0
TXN00004060,CUST1214,2026-07-09 08:16:03,138.01,transfer,"houston, us",web,0
TXN00004061,CUST1152,2026-07-09 08:18:19,38.11,dining,"new york, us",mobile,0
TXN00004062,CUST1079,2026-07-09 08:24:59,704.9,travel,"los angeles, us",web,0
TXN00004063,CUST1101,2026-07-09 08:29:53,411.0,transfer,"chicago, us",pos,0
TXN00004064,CUST1169,2026-07-09 08:35:36,73.65,online_retail,"chicago, us",mobile,0
TXN00004065,CUST1118,2026-07-09 08:42:28,300.0,cash_withdrawal,"new york, us",atm,0
TXN00004066,CUST1195,2026-07-09 08:43:42,60.83,dining,"new york, us",mobile,0
TXN00004067,CUST1292,2026-07-09 08:46:27,51.67,dining,"chicago, us",pos,0
TXN00004068,CUST1427,2026-07-09 08:51:27,899.86,transfer,"los angeles, us",atm,0
TXN00004069,CUST1126,2026-07-09 08:55:05,936.67,travel,"los angeles, us",atm,0
TXN00004070,CUST1256,2026-07-09 08:59:03,56.37,online_retail,"houston, us",mobile,0
TXN00004071,CUST1282,2026-07-09 08:59:55,481.41,travel,"chicago, us",atm,0
TXN00004072,CUST1336,2026-07-09 09:07:18,74.74,grocery,"new york, us",pos,0
TXN00004073,CUST1484,2026-07-09 09:12:53,61.41,dining,"houston, us",web,0
TXN00004074,CUST1351,2026-07-09 09:17:19,25.41,dining,"new york, us",web,0
TXN00004075,CUST1173,2026-07-09 09:19:13,428.38,online_retail,"miami, us",mobile,0
TXN00004076,CUST1132,2026-07-09 09:26:03,300.0,cash_withdrawal,"houston, us",atm,0
TXN00004077,CUST1391,2026-07-09 09:34:28,39.98,online_retail,"miami, us",web,0
TXN00004078,CUST1421,2026-07-09 09:35:50,55.42,grocery,"new york, us",atm,0
TXN00004079,CUST1251,2026-07-09 09:39:11,30.6,grocery,"miami, us",pos,0
TXN00004080,CUST1495,2026-07-09 09:43:57,743.1,travel,"houston, us",mobile,0
TXN00004081,CUST1371,2026-07-09 09:52:31,65.06,online_retail,"chicago, us",web,0
TXN00004082,CUST1329,2026-07-09 09:54:07,16.28,grocery,"houston, us",atm,0
TXN00004083,CUST1379,2026-07-09 10:00:57,36.19,online_retail,"los angeles, us",web,0
TXN00004084,CUST1252,2026-07-09 10:03:12,68.92,grocery,"miami, us",mobile,0
TXN00004085,CUST1236,2026-07-09 10:07:57,33.98,dining,"new york, us",pos,0
TXN00004086,CUST1087,2026-07-09 10:16:14,222.38,online_retail,"los angeles, us",mobile,0
TXN00004087,CUST1376,2026-07-09 10:20:00,31.86,grocery,"houston, us",pos,0
TXN00004088,CUST1408,2026-07-09 10:28:22,704.73,transfer,"los angeles, us",web,0
TXN00004089,CUST1181,2026-07-09 10:36:18,47.09,grocery,"new york, us",web,0
TXN00004090,CUST1087,2026-07-09 10:41:12,411.05,travel,"chicago, us",pos,0
TXN00004091,CUST1072,2026-07-09 10:45:13,862.18,travel,"los angeles, us",mobile,0
TXN00004092,CUST1369,2026-07-09 10:45:44,73.11,dining,"chicago, us",mobile,0
TXN00004093,CUST1280,2026-07-09 10:45:54,73.39,transfer,"chicago, us",web,0
TXN00004094,CUST1251,2026-07-09 10:53:00,300.0,cash_withdrawal,"los angeles, us",atm,0
TXN00004095,CUST1095,2026-07-09 10:57:07,44.4,grocery,"houston, us",pos,0
TXN00004096,CUST1470,2026-07-09 11:05:29,314.21,online_retail,"new york, us",web,0
TXN00004097,CUST1456,2026-07-09 11:12:43,100.0,cash_withdrawal,"houston, us",atm,0
TXN00004098,CUST1278,2026-07-09 11:18:10,802.99,transfer,"new york, us",pos,0
TXN00004099,CUST1329,2026-07-09 11:20:48,42.39,grocery,"miami, us",mobile,0
TXN00004100,CUST1491,2026-07-09 11:26:32,451.52,travel,"miami, us",web,0
TXN00004101,CUST1031,2026-07-09 11:34:59,37.88,dining,"new york, us",atm,0
TXN00004102,CUST1269,2026-07-09 11:36:34,51.25,grocery,"miami, us",mobile,0
TXN00004103,CUST1018,2026-07-09 11:36:44,42.2,grocery,"miami, us",mobile,0
TXN00004104,CUST1430,2026-07-09 11:37:24,169.72,transfer,"miami, us",atm,0
TXN00004105,CUST1434,2026-07-09 11:45:31,40.0,cash_withdrawal,"los angeles, us",atm,0
TXN00004106,CUST1039,2026-07-09 11:53:32,40.0,cash_withdrawal,"houston, us",atm,0
TXN00004107,CUST1484,2026-07-09 11:57:48,14.36,online_retail,"chicago, us",mobile,0
TXN00004108,CUST1419,2026-07-09 12:00:17,554.4,travel,"houston, us",atm,0
TXN00004109,CUST1343,2026-07-09 12:05:33,242.23,online_retail,"chicago, us",web,0
TXN00004110,CUST1025,2026-07-09 12:07:51,129.77,transfer,"houston, us",atm,0
TXN00004111,CUST1392,2026-07-09 03:15:10,1761.68,transfer,"miami, us",atm,1
TXN00004112,CUST1004,2026-07-09 12:21:08,50.47,grocery,"new york, us",pos,0
TXN00004113,CUST1212,2026-07-09 12:24:32,143.14,online_retail,"new york, us",web,0
TXN00004114,CUST1071,2026-07-09 03:27:41,4084.95,cash_withdrawal,"miami, us",mobile,1
TXN00004115,CUST1432,2026-07-09 12:35:02,556.3,online_retail,"los angeles, us",mobile,0
TXN00004116,CUST1323,2026-07-09 12:40:35,127.85,online_retail,"los angeles, us",mobile,0
TXN00004117,CUST1119,2026-07-09 12:42:33,837.89,travel,"houston, us",mobile,0
TXN00004118,CUST1035,2026-07-09 12:47:42,57.51,online_retail,"chicago, us",web,0
TXN00004119,CUST1363,2026-07-09 12:55:02,723.78,transfer,"los angeles, us",pos,0
TXN00004120,CUST1078,2026-07-09 12:59:33,160.87,transfer,"houston, us",pos,0
TXN00004121,CUST1005,2026-07-09 13:02:07,129.73,online_retail,"miami, us",web,0
TXN00004122,CUST1112,2026-07-09 13:02:40,344.71,travel,"miami, us",mobile,0
TXN00004123,CUST1259,2026-07-09 13:04:12,48.51,grocery,"miami, us",web,0
TXN00004124,CUST1234,2026-07-09 13:10:40,277.89,online_retail,"new york, us",mobile,0
TXN00004125,CUST1192,2026-07-09 13:15:23,40.96,grocery,"chicago, us",atm,0
TXN00004126,CUST1031,2026-07-09 13:20:21,60.0,cash_withdrawal,"los angeles, us",atm,0
TXN00004127,CUST1317,2026-07-09 13:21:06,255.71,online_retail,"los angeles, us",web,0
TXN00004128,CUST1327,2026-07-09 13:23:49,39.39,grocery,"los angeles, us",mobile,0
TXN00004129,CUST1342,2026-07-09 13:24:44,529.98,transfer,"los angeles, us",mobile,0
TXN00004130,CUST1479,2026-07-09 13:28:16,819.49,transfer,"houston, us",mobile,0
TXN00004131,CUST1316,2026-07-09 13:34:23,50.07,transfer,"houston, us",web,0
TXN00004132,CUST1468,2026-07-09 13:35:35,99.69,online_retail,"los angeles, us",web,0
TXN00004133,CUST1248,2026-07-09 13:42:50,143.5,transfer,"houston, us",web,0
TXN00004134,CUST1338,2026-07-09 13:44:11,20.0,cash_withdrawal,"houston, us",atm,0
TXN00004135,CUST1250,2026-07-09 13:50:32,300.0,cash_withdrawal,"chicago, us",atm,0
TXN00004136,CUST1009,2026-07-09 13:55:26,421.96,travel,"houston, us",web,0
TXN00004137,CUST1004,2026-07-09 13:57:59,316.83,online_retail,"chicago, us",web,0
TXN00004138,CUST1273,2026-07-09 14:05:38,46.17,transfer,"new york, us",mobile,0
TXN00004139,CUST1283,2026-07-09 14:09:29,45.57,online_retail,"houston, us",web,0
TXN00004140,CUST1211,2026-07-09 14:11:26,1.0,dining,"miami, us",pos,0
TXN00004141,CUST1007,2026-07-09 14:16:48,71.06,online_retail,"miami, us",mobile,0
TXN00004142,CUST1009,2026-07-09 14:21:16,44.38,grocery,"houston, us",mobile,0
TXN00004143,CUST1272,2026-07-09 14:29:36,85.27,online_retail,"new york, us",web,0
TXN00004144,CUST1370,2026-07-09 14:36:36,246.47,transfer,"chicago, us",pos,0
TXN00004145,CUST1141,2026-07-09 14:39:28,45.04,dining,"houston, us",atm,0
TXN00004146,CUST1275,2026-07-09 14:47:10,303.48,travel,"chicago, us",pos,0
TXN00004147,CUST1147,2026-07-09 14:53:09,255.55,online_retail,"miami, us",web,0
TXN00004148,CUST1009,2026-07-09 15:01:23,448.37,travel,"new york, us",web,0
TXN00004149,CUST1258,2026-07-09 15:04:28,68.49,transfer,"new york, us",atm,0
TXN00004150,CUST1417,2026-07-09 15:10:03,713.98,travel,"los angeles, us",pos,0
TXN00004151,CUST1358,2026-07-09 15:12:26,37.9,grocery,"houston, us",atm,0
TXN00004152,CUST1346,2026-07-09 15:20:57,263.6,travel,"miami, us",web,0
TXN00004153,CUST1221,2026-07-09 15:27:32,73.96,dining,"chicago, us",atm,0
TXN00004154,CUST1413,2026-07-09 15:33:44,18.75,online_retail,"los angeles, us",mobile,0
TXN00004155,CUST1482,2026-07-09 15:37:45,15.29,online_retail,"los angeles, us",web,0
TXN00004156,CUST1466,2026-07-09 15:40:14,169.23,transfer,"chicago, us",atm,0
TXN00004157,CUST1092,2026-07-09 15:42:29,22.7,dining,"chicago, us",atm,0
TXN00004158,CUST1055,2026-07-09 15:48:18,35.81,grocery,"houston, us",atm,0
TXN00004159,CUST1471,2026-07-09 15:56:51,59.12,grocery,"new york, us",pos,0
TXN00004160,CUST1050,2026-07-09 15:59:45,163.88,online_retail,"new york, us",mobile,0
TXN00004161,CUST1269,2026-07-09 16:02:49,55.13,online_retail,"chicago, us",web,0
TXN00004162,CUST1077,2026-07-09 16:04:46,335.85,online_retail,"chicago, us",web,0
TXN00004163,CUST1124,2026-07-09 16:08:51,45.31,grocery,"new york, us",atm,0
TXN00004164,CUST1099,2026-07-09 16:17:12,98.41,transfer,"houston, us",web,0
TXN00004165,CUST1318,2026-07-09 16:22:28,752.51,travel,"chicago, us",atm,0
TXN00004166,CUST1270,2026-07-09 16:25:26,10.66,dining,"houston, us",pos,0
TXN00004167,CUST1130,2026-07-09 16:25:44,100.0,cash_withdrawal,"miami, us",atm,0
TXN00004168,CUST1418,2026-07-09 16:33:41,474.65,travel,"new york, us",web,0
TXN00004169,CUST1182,2026-07-09 16:39:45,40.0,cash_withdrawal,"new york, us",atm,0
TXN00004170,CUST1137,2026-07-09 16:41:03,40.0,cash_withdrawal,"houston, us",atm,0
TXN00004171,CUST1408,2026-07-09 16:46:43,354.77,transfer,"los angeles, us",atm,0
TXN00004172,CUST1204,2026-07-09 16:54:45,544.72,transfer,"new york, us",pos,0
TXN00004173,CUST1041,2026-07-09 16:54:56,64.68,grocery,"los angeles, us",mobile,0
TXN00004174,CUST1192,2026-07-09 17:00:17,57.83,grocery,"houston, us",mobile,0
TXN00004175,CUST1492,2026-07-09 17:04:30,40.0,cash_withdrawal,"chicago, us",atm,0
TXN00004176,CUST1208,2026-07-09 17:04:42,17.93,dining,"new york, us",atm,0
TXN00004177,CUST1236,2026-07-09 17:12:33,421.77,transfer,"los angeles, us",mobile,0
TXN00004178,CUST1290,2026-07-09 17:12:47,517.3,travel,"los angeles, us",web,0
TXN00004179,CUST1125,2026-07-09 17:18:41,68.03,dining,"houston, us",mobile,0
TXN00004180,CUST1357,2026-07-09 17:20:19,57.34,online_retail,"new york, us",web,0
TXN00004181,CUST1116,2026-07-09 17:24:00,100.0,cash_withdrawal,"new york, us",atm,0
TXN00004182,CUST1154,2026-07-09 17:28:54,314.58,travel,"chicago, us",atm,0
TXN00004183,CUST1351,2026-07-09 17:36:42,45.42,transfer,"miami, us",pos,0
TXN00004184,CUST1424,2026-07-09 17:42:48,751.31,travel,"chicago, us",atm,0
TXN00004185,CUST1435,2026-07-09 17:48:58,139.34,online_retail,"chicago, us",web,0
TXN00004186,CUST1042,2026-07-09 17:53:18,66.73,grocery,"new york, us",atm,0
TXN00004187,CUST1335,2026-07-09 17:59:58,31.81,dining,"miami, us",atm,0
TXN00004188,CUST1440,2026-07-09 18:03:29,778.08,travel,"chicago, us",mobile,0
TXN00004189,CUST1333,2026-07-09 18:08:14,300.0,cash_withdrawal,"new york, us",atm,0
TXN00004190,CUST1389,2026-07-09 18:09:05,104.58,online_retail,"houston, us",web,0
TXN00004191,CUST1017,2026-07-09 18:15:58,309.79,transfer,"chicago, us",atm,0
TXN00004192,CUST1048,2026-07-09 18:23:36,89.45,online_retail,"houston, us",web,0
TXN00004193,CUST1208,2026-07-09 18:29:18,22.46,grocery,"miami, us",atm,0
TXN00004194,CUST1195,2026-07-09 18:35:01,24.31,dining,"chicago, us",atm,0
TXN00004195,CUST1194,2026-07-09 18:35:50,269.19,transfer,"houston, us",mobile,0
TXN00004196,CUST1283,2026-07-09 18:40:35,32.55,dining,"miami, us",atm,0
TXN00004197,CUST1244,2026-07-09 18:41:00,200.0,cash_withdrawal,"new york, us",atm,0
TXN00004198,CUST1029,2026-07-09 18:48:46,56.56,grocery,"miami, us",mobile,0
TXN00004199,CUST1327,2026-07-09 18:56:02,52.78,grocery,"new york, us",mobile,0
TXN00004200,CUST1005,2026-07-09 19:03:09,539.95,transfer,"new york, us",atm,0
TXN00004201,CUST1360,2026-07-09 19:09:02,706.36,travel,"chicago, us",web,0
TXN00004202,CUST1088,2026-07-09 19:12:59,263.71,transfer,"los angeles, us",mobile,0
TXN00004203,CUST1043,2026-07-09 19:18:53,473.58,transfer,"los angeles, us",atm,0
TXN00004204,CUST1256,2026-07-09 19:20:06,59.95,grocery,"new york, us",atm,0
TXN00004205,CUST1433,2026-07-09 19:23:16,60.0,cash_withdrawal,"chicago, us",atm,0
TXN00004206,CUST1223,2026-07-09 19:31:43,53.76,online_retail,"chicago, us",web,0
TXN00004207,CUST1331,2026-07-09 19:38:49,622.0,transfer,"los angeles, us",pos,0
TXN00004208,CUST1402,2026-07-09 19:42:11,25.52,dining,"miami, us",pos,0
TXN00004209,CUST1170,2026-07-09 19:49:24,30.94,dining,"houston, us",web,0
TXN00004210,CUST1290,2026-07-09 19:54:41,200.0,cash_withdrawal,"new york, us",atm,0
TXN00004211,CUST1440,2026-07-09 19:57:54,57.89,dining,"los angeles, us",web,0
TXN00004212,CUST1499,2026-07-09 20:01:22,58.03,dining,"chicago, us",mobile,0
TXN00004213,CUST1049,2026-07-09 20:03:02,73.77,dining,"new york, us",web,0
TXN00004214,CUST1459,2026-07-09 20:10:21,148.63,online_retail,"chicago, us",mobile,0
TXN00004215,CUST1271,2026-07-09 20:17:04,61.03,grocery,"new york, us",web,0
TXN00004216,CUST1471,2026-07-09 20:24:09,1045.45,travel,"new york, us",mobile,0
TXN00004217,CUST1022,2026-07-09 20:30:15,185.84,travel,"los angeles, us",pos,0
TXN00004218,CUST1118,2026-07-09 20:38:48,229.53,online_retail,"los angeles, us",mobile,0
TXN00004219,CUST1109,2026-07-09 20:39:02,48.48,online_retail,"chicago, us",mobile,0
TXN00004220,CUST1462,2026-07-09 20:40:15,186.82,online_retail,"miami, us",web,0
TXN00004221,CUST1445,2026-07-09 20:44:21,232.85,dining,"sydney, au",mobile,1
TXN00004222,CUST1355,2026-07-09 20:47:40,20.0,cash_withdrawal,"miami, us",atm,0
TXN00004223,CUST1455,2026-07-09 20:55:49,314.51,transfer,"chicago, us",pos,0
TXN00004224,CUST1291,2026-07-09 20:57:37,200.0,cash_withdrawal,"houston, us",atm,0
TXN00004225,CUST1244,2026-07-09 21:01:34,29.51,dining,"new york, us",web,0
TXN00004226,CUST1139,2026-07-09 21:01:48,397.95,travel,"houston, us",web,0
TXN00004227,CUST1024,2026-07-09 21:03:51,19.27,online_retail,"houston, us",mobile,0
TXN00004228,CUST1474,2026-07-09 21:10:21,31.06,online_retail,"los angeles, us",web,0
TXN00004229,CUST1039,2026-07-09 21:10:41,777.48,travel,"los angeles, us",atm,0
TXN00004230,CUST1351,2026-07-09 21:17:19,868.22,travel,"los angeles, us",mobile,0
TXN00004231,CUST1474,2026-07-09 21:19:52,54.88,grocery,"chicago, us",mobile,0
TXN00004232,CUST1144,2026-07-09 21:25:50,45.71,grocery,"chicago, us",web,0
TXN00004233,CUST1461,2026-07-09 21:33:51,812.93,transfer,"los angeles, us",pos,0
TXN00004234,CUST1279,2026-07-09 21:40:04,200.0,cash_withdrawal,"los angeles, us",atm,0
TXN00004235,CUST1289,2026-07-09 21:43:17,70.51,online_retail,"houston, us",web,0
TXN00004236,CUST1337,2026-07-09 21:45:05,18.28,grocery,"houston, us",pos,0
TXN00004237,CUST1017,2026-07-09 21:46:01,103.92,online_retail,"new york, us",web,0
TXN00004238,CUST1092,2026-07-09 21:53:08,18.58,dining,"chicago, us",pos,0
TXN00004239,CUST1476,2026-07-09 21:58:32,60.0,cash_withdrawal,"los angeles, us",atm,0
TXN00004240,CUST1436,2026-07-09 22:04:02,258.32,transfer,"new york, us",web,0
TXN00004241,CUST1162,2026-07-09 22:06:47,78.67,grocery,"chicago, us",mobile,0
TXN00004242,CUST1009,2026-07-09 22:13:50,29.08,dining,"houston, us",atm,0
TXN00004243,CUST1493,2026-07-09 22:20:07,173.52,online_retail,"new york, us",mobile,0
TXN00004244,CUST1107,2026-07-09 22:22:10,22.59,dining,"houston, us",pos,0
TXN00004245,CUST1301,2026-07-09 03:24:19,7774.47,cash_withdrawal,"chicago, us",mobile,1
TXN00004246,CUST1074,2026-07-09 22:32:50,200.0,cash_withdrawal,"miami, us",atm,0
TXN00004247,CUST1386,2026-07-09 22:37:12,74.33,grocery,"houston, us",mobile,0
TXN00004248,CUST1421,2026-07-09 22:45:37,228.11,transfer,"los angeles, us",pos,0
TXN00004249,CUST1365,2026-07-09 22:48:52,20.79,online_retail,"miami, us",web,0
TXN00004250,CUST1421,2026-07-09 22:49:20,79.27,grocery,"houston, us",mobile,0
TXN00004251,CUST1204,2026-07-09 22:51:53,24.13,online_retail,"new york, us",web,0
TXN00004252,CUST1476,2026-07-09 22:56:15,6.63,dining,"miami, us",pos,0
TXN00004253,CUST1040,2026-07-09 23:04:08,200.0,cash_withdrawal,"los angeles, us",atm,0
TXN00004254,CUST1154,2026-07-09 23:10:18,65.88,grocery,"los angeles, us",atm,0
TXN00004255,CUST1084,2026-07-09 23:16:29,556.8,travel,"houston, us",atm,0
TXN00004256,CUST1289,2026-07-09 23:21:49,61.58,grocery,"miami, us",pos,0
TXN00004257,CUST1124,2026-07-09 23:23:46,100.0,cash_withdrawal,"new york, us",atm,0
TXN00004258,CUST1291,2026-07-09 23:23:59,33.2,online_retail,"new york, us",web,0
TXN00004259,CUST1428,2026-07-09 23:25:49,198.14,online_retail,"miami, us",web,0
TXN00004260,CUST1435,2026-07-09 23:34:22,44.58,dining,"los angeles, us",pos,0
TXN00004261,CUST1200,2026-07-09 23:41:32,22.13,grocery,"chicago, us",mobile,0
TXN00004262,CUST1347,2026-07-09 23:47:08,379.03,transfer,"los angeles, us",web,0
TXN00004263,CUST1460,2026-07-09 23:50:40,51.67,grocery,"los angeles, us",pos,0
TXN00004264,CUST1277,2026-07-09 23:51:46,200.0,cash_withdrawal,"los angeles, us",atm,0
TXN00004265,CUST1170,2026-07-09 23:59:21,43.05,dining,"los angeles, us",atm,0
TXN00004266,CUST1197,2026-07-10 00:01:53,358.44,transfer,"miami, us",atm,0
TXN00004267,CUST1387,2026-07-10 00:06:54,60.0,cash_withdrawal,"new york, us",atm,0
TXN00004268,CUST1379,2026-07-10 00:11:20,47.35,dining,"chicago, us",web,0
TXN00004269,CUST1072,2026-07-10 00:15:42,125.22,transfer,"miami, us",web,0
TXN00004270,CUST1405,2026-07-10 00:17:19,40.0,cash_withdrawal,"miami, us",atm,0
TXN00004271,CUST1353,2026-07-10 00:22:11,10.17,online_retail,"houston, us",mobile,0
TXN00004272,CUST1371,2026-07-10 00:24:00,57.61,online_retail,"miami, us",mobile,0
TXN00004273,CUST1041,2026-07-10 00:29:47,300.0,cash_withdrawal,"miami, us",atm,0
TXN00004274,CUST1257,2026-07-10 00:36:15,42.96,dining,"miami, us",pos,0
TXN00004275,CUST1382,2026-07-10 00:41:14,763.16,travel,"new york, us",web,0
TXN00004276,CUST1499,2026-07-10 00:47:08,100.0,cash_withdrawal,"chicago, us",atm,0
TXN00004277,CUST1178,2026-07-10 00:53:07,17.25,dining,"miami, us",mobile,0
TXN00004278,CUST1028,2026-07-10 00:58:25,903.15,travel,"houston, us",pos,0
TXN00004279,CUST1051,2026-07-10 01:03:24,1033.71,travel,"new york, us",web,0
TXN00004280,CUST1224,2026-07-10 04:05:03,1605.58,transfer,"chicago, us",atm,1
TXN00004281,CUST1119,2026-07-10 01:05:46,373.85,travel,"los angeles, us",pos,0
TXN00004282,CUST1430,2026-07-10 01:10:57,348.14,transfer,"miami, us",atm,0
TXN00004283,CUST1039,2026-07-10 01:12:12,100.0,cash_withdrawal,"houston, us",atm,0
TXN00004284,CUST1175,2026-07-10 01:18:43,200.0,cash_withdrawal,"miami, us",atm,0
TXN00004285,CUST1310,2026-07-10 01:19:26,131.99,online_retail,"houston, us",web,0
TXN00004286,CUST1394,2026-07-10 01:20:41,145.9,transfer,"new york, us",atm,0
TXN00004287,CUST1315,2026-07-10 01:23:03,31.68,online_retail,"chicago, us",mobile,0
TXN00004288,CUST1489,2026-07-10 01:31:10,24.88,online_retail,"new york, us",web,0
TXN00004289,CUST1305,2026-07-10 01:36:11,63.46,dining,"houston, us",mobile,0
TXN00004290,CUST1204,2026-07-10 01:43:39,409.95,travel,"chicago, us",atm,0
TXN00004291,CUST1497,2026-07-10 01:45:45,45.74,dining,"new york, us",pos,0
TXN00004292,CUST1397,2026-07-10 01:53:26,174.26,transfer,"miami, us",atm,0
TXN00004293,CUST1168,2026-07-10 01:58:03,411.62,transfer,"new york, us",atm,0
TXN00004294,CUST1016,2026-07-10 02:04:26,32.45,dining,"chicago, us",web,0
TXN00004295,CUST1325,2026-07-10 02:11:16,20.01,transfer,"los angeles, us",pos,0
TXN00004296,CUST1140,2026-07-10 02:13:46,393.58,transfer,"houston, us",pos,0
TXN00004297,CUST1402,2026-07-10 02:15:34,45.53,dining,"chicago, us",mobile,0
TXN00004298,CUST1231,2026-07-10 02:22:58,275.62,travel,"houston, us",web,0
TXN00004299,CUST1252,2026-07-10 02:28:55,24.84,dining,"new york, us",web,0
TXN00004300,CUST1117,2026-07-10 02:29:16,23.89,transfer,"chicago, us",web,0
TXN00004301,CUST1183,2026-07-10 02:37:53,892.55,travel,"new york, us",atm,0
TXN00004302,CUST1284,2026-07-10 02:46:19,200.0,cash_withdrawal,"los angeles, us",atm,0
TXN00004303,CUST1482,2026-07-10 02:52:23,633.57,travel,"new york, us",pos,0
TXN00004304,CUST1193,2026-07-10 02:58:20,51.19,grocery,"chicago, us",mobile,0
TXN00004305,CUST1222,2026-07-10 03:03:02,236.75,transfer,"los angeles, us",pos,0
TXN00004306,CUST1096,2026-07-10 03:08:26,738.51,travel,"houston, us",web,0
TXN00004307,CUST1349,2026-07-10 03:10:45,41.98,dining,"miami, us",mobile,0
TXN00004308,CUST1300,2026-07-10 03:16:43,37.37,grocery,"miami, us",pos,0
TXN00004309,CUST1339,2026-07-10 03:21:39,163.4,transfer,"houston, us",mobile,0
TXN00004310,CUST1195,2026-07-10 03:29:21,26.58,grocery,"chicago, us",pos,0
TXN00004311,CUST1044,2026-07-10 03:33:23,102.45,transfer,"new york, us",mobile,0
TXN00004312,CUST1396,2026-07-10 03:33:34,72.55,grocery,"houston, us",atm,0
TXN00004313,CUST1317,2026-07-10 03:41:44,24.97,online_retail,"miami, us",web,0
TXN00004314,CUST1152,2026-07-10 03:45:32,289.11,dining,"paris, fr",mobile,1
TXN00004315,CUST1409,2026-07-10 03:51:10,100.0,cash_withdrawal,"houston, us",atm,0
TXN00004316,CUST1127,2026-07-10 03:57:04,49.53,grocery,"houston, us",pos,0
TXN00004317,CUST1366,2026-07-10 04:05:16,123.85,online_retail,"los angeles, us",mobile,0
TXN00004318,CUST1038,2026-07-10 04:10:58,45.49,dining,"chicago, us",web,0
TXN00004319,CUST1043,2026-07-10 04:11:34,65.54,dining,"houston, us",atm,0
TXN00004320,CUST1138,2026-07-10 04:19:01,138.78,transfer,"los angeles, us",web,0
TXN00004321,CUST1079,2026-07-10 04:27:11,64.74,online_retail,"los angeles, us",web,0
TXN00004322,CUST1195,2026-07-10 04:30:06,684.51,travel,"houston, us",mobile,0
TXN00004323,CUST1365,2026-07-10 04:33:57,174.6,transfer,"new york, us",atm,0
TXN00004324,CUST1402,2026-07-10 04:41:19,177.44,online_retail,"houston, us",mobile,0
TXN00004325,CUST1325,2026-07-10 04:44:57,16.93,dining,"houston, us",atm,0
TXN00004326,CUST1079,2026-07-10 04:47:27,67.06,grocery,"houston, us",web,0
TXN00004327,CUST1379,2026-07-10 04:48:39,684.64,travel,"houston, us",pos,0
TXN00004328,CUST1200,2026-07-10 04:54:37,200.0,cash_withdrawal,"miami, us",atm,0
TXN00004329,CUST1163,2026-07-10 04:59:12,100.0,cash_withdrawal,"houston, us",atm,0
TXN00004330,CUST1185,2026-07-10 05:03:20,365.52,travel,"chicago, us",pos,0
TXN00004331,CUST1055,2026-07-10 05:07:43,61.2,transfer,"los angeles, us",pos,0
TXN00004332,CUST1047,2026-07-10 05:10:58,279.18,transfer,"chicago, us",web,0
TXN00004333,CUST1003,2026-07-10 05:15:32,66.51,grocery,"houston, us",atm,0
TXN00004334,CUST1483,2026-07-10 05:22:10,220.04,online_retail,"los angeles, us",mobile,0
TXN00004335,CUST1158,2026-07-10 05:22:42,865.34,travel,"miami, us",atm,0
TXN00004336,CUST1228,2026-07-10 05:30:24,40.0,dining,"los angeles, us",mobile,0
TXN00004337,CUST1185,2026-07-10 05:36:43,870.84,travel,"houston, us",atm,0
TXN00004338,CUST1390,2026-07-10 05:38:47,54.9,dining,"miami, us",atm,0
TXN00004339,CUST1139,2026-07-10 05:39:21,68.79,dining,"new york, us",mobile,0
TXN00004340,CUST1053,2026-07-10 05:41:53,485.11,travel,"los angeles, us",web,0
TXN00004341,CUST1068,2026-07-10 05:49:53,20.0,cash_withdrawal,"new york, us",atm,0
TXN00004342,CUST1045,2026-07-10 05:53:38,154.0,online_retail,"miami, us",mobile,0
TXN00004343,CUST1096,2026-07-10 05:58:20,165.47,travel,"chicago, us",atm,0
TXN00004344,CUST1221,2026-07-10 06:02:19,40.0,cash_withdrawal,"los angeles, us",atm,0
TXN00004345,CUST1230,2026-07-10 06:05:10,589.05,transfer,"chicago, us",pos,0
TXN00004346,CUST1286,2026-07-10 06:05:22,34.08,dining,"houston, us",pos,0
TXN00004347,CUST1285,2026-07-10 06:08:52,46.4,grocery,"los angeles, us",web,0
TXN00004348,CUST1263,2026-07-10 06:10:41,1238.67,travel,"new york, us",mobile,0
TXN00004349,CUST1209,2026-07-10 06:13:42,126.93,online_retail,"chicago, us",mobile,0
TXN00004350,CUST1053,2026-07-10 06:14:33,300.0,cash_withdrawal,"new york, us",atm,0
TXN00004351,CUST1014,2026-07-10 06:22:13,46.99,transfer,"los angeles, us",pos,0
TXN00004352,CUST1046,2026-07-10 06:27:15,37.62,transfer,"chicago, us",atm,0
TXN00004353,CUST1182,2026-07-10 06:34:18,300.0,cash_withdrawal,"miami, us",atm,0
TXN00004354,CUST1284,2026-07-10 06:34:40,300.0,cash_withdrawal,"houston, us",atm,0
TXN00004355,CUST1048,2026-07-10 06:43:17,26.72,online_retail,"new york, us",web,0
TXN00004356,CUST1306,2026-07-10 06:49:44,27.16,dining,"miami, us",web,0
TXN00004357,CUST1307,2026-07-10 06:51:49,895.12,travel,"chicago, us",atm,0
TXN00004358,CUST1402,2026-07-10 07:00:19,85.57,dining,"chicago, us",atm,0
TXN00004359,CUST1167,2026-07-10 07:06:22,49.94,online_retail,"miami, us",mobile,0
TXN00004360,CUST1443,2026-07-10 07:10:08,324.65,transfer,"new york, us",pos,0
TXN00004361,CUST1198,2026-07-10 07:18:28,534.55,transfer,"miami, us",atm,0
TXN00004362,CUST1007,2026-07-10 07:19:16,32.74,transfer,"houston, us",web,0
TXN00004363,CUST1150,2026-07-10 07:27:15,113.41,online_retail,"chicago, us",web,0
TXN00004364,CUST1212,2026-07-10 07:29:32,18.16,dining,"miami, us",pos,0
TXN00004365,CUST1199,2026-07-10 07:31:22,130.35,transfer,"miami, us",mobile,0
TXN00004366,CUST1399,2026-07-10 07:32:56,62.52,grocery,"los angeles, us",web,0
TXN00004367,CUST1044,2026-07-10 07:35:54,14204.57,transfer,"houston, us",mobile,1
TXN00004368,CUST1372,2026-07-10 07:38:43,352.32,online_retail,"chicago, us",mobile,0
TXN00004369,CUST1462,2026-07-10 07:39:25,518.1,transfer,"los angeles, us",atm,0
TXN00004370,CUST1287,2026-07-10 07:44:55,73.85,grocery,"new york, us",pos,0
TXN00004371,CUST1464,2026-07-10 07:50:25,78.08,online_retail,"los angeles, us",web,0
TXN00004372,CUST1125,2026-07-10 07:51:24,743.52,travel,"new york, us",pos,0
TXN00004373,CUST1293,2026-07-10 07:51:48,470.21,travel,"los angeles, us",web,0
TXN00004374,CUST1267,2026-07-10 07:56:03,41.6,online_retail,"chicago, us",mobile,0
TXN00004375,CUST1087,2026-07-10 07:59:54,60.0,cash_withdrawal,"los angeles, us",atm,0
TXN00004376,CUST1351,2026-07-10 08:06:57,83.28,dining,"chicago, us",web,0
TXN00004377,CUST1195,2026-07-10 08:07:19,704.89,dining,"tokyo, jp",web,1
TXN00004378,CUST1087,2026-07-10 08:12:32,263.89,transfer,"los angeles, us",web,0
TXN00004379,CUST1072,2026-07-10 08:19:30,776.52,travel,"los angeles, us",pos,0
TXN00004380,CUST1138,2026-07-10 08:25:00,300.0,cash_withdrawal,"houston, us",atm,0
TXN00004381,CUST1155,2026-07-10 08:33:08,539.33,travel,"houston, us",pos,0
TXN00004382,CUST1138,2026-07-10 08:36:09,13.17,online_retail,"los angeles, us",mobile,0
TXN00004383,CUST1253,2026-07-10 08:43:29,133.84,transfer,"los angeles, us",mobile,0
TXN00004384,CUST1075,2026-07-10 08:45:47,60.0,cash_withdrawal,"los angeles, us",atm,0
TXN00004385,CUST1033,2026-07-10 08:48:03,343.41,travel,"chicago, us",mobile,0
TXN00004386,CUST1086,2026-07-10 08:49:08,200.0,cash_withdrawal,"miami, us",atm,0
TXN00004387,CUST1223,2026-07-10 08:53:20,68.45,grocery,"new york, us",atm,0
TXN00004388,CUST1142,2026-07-10 08:55:32,20.71,dining,"chicago, us",mobile,0
TXN00004389,CUST1216,2026-07-10 09:03:52,60.0,cash_withdrawal,"new york, us",atm,0
TXN00004390,CUST1154,2026-07-10 09:06:56,100.0,cash_withdrawal,"chicago, us",atm,0
TXN00004391,CUST1248,2026-07-10 09:14:12,20.0,cash_withdrawal,"houston, us",atm,0
TXN00004392,CUST1401,2026-07-10 09:14:49,40.0,cash_withdrawal,"los angeles, us",atm,0
TXN00004393,CUST1040,2026-07-10 09:21:59,221.74,online_retail,"miami, us",web,0
TXN00004394,CUST1185,2026-07-10 09:24:59,20.0,cash_withdrawal,"miami, us",atm,0
TXN00004395,CUST1129,2026-07-10 09:29:35,100.82,online_retail,"new york, us",web,0
TXN00004396,CUST1484,2026-07-10 09:36:31,89.73,online_retail,"chicago, us",mobile,0
TXN00004397,CUST1127,2026-07-10 09:38:42,74.43,grocery,"miami, us",web,0
TXN00004398,CUST1370,2026-07-10 09:46:55,53.27,grocery,"new york, us",pos,0
TXN00004399,CUST1321,2026-07-10 09:47:42,1065.26,transfer,"los angeles, us",mobile,0
TXN00004400,CUST1254,2026-07-10 09:54:29,162.37,transfer,"new york, us",web,0
TXN00004401,CUST1305,2026-07-10 09:59:46,20.42,dining,"los angeles, us",atm,0
TXN00004402,CUST1316,2026-07-10 10:05:13,36.37,dining,"new york, us",mobile,0
TXN00004403,CUST1101,2026-07-10 10:09:07,476.41,travel,"new york, us",web,0
TXN00004404,CUST1235,2026-07-10 10:15:48,14.99,dining,"chicago, us",pos,0
TXN00004405,CUST1055,2026-07-10 10:16:46,170.99,online_retail,"new york, us",mobile,0
TXN00004406,CUST1070,2026-07-10 10:22:16,50.33,grocery,"new york, us",pos,0
TXN00004407,CUST1156,2026-07-10 10:26:14,311.67,travel,"houston, us",mobile,0
TXN00004408,CUST1004,2026-07-10 10:31:20,28.35,online_retail,"new york, us",mobile,0
TXN00004409,CUST1486,2026-07-10 10:32:33,60.0,cash_withdrawal,"chicago, us",atm,0
TXN00004410,CUST1203,2026-07-10 10:33:26,178.16,travel,"houston, us",web,0
TXN00004411,CUST1171,2026-07-10 10:41:54,35.73,dining,"chicago, us",pos,0
TXN00004412,CUST1431,2026-07-10 10:42:35,300.0,cash_withdrawal,"los angeles, us",atm,0
TXN00004413,CUST1318,2026-07-10 10:50:34,83.48,online_retail,"los angeles, us",mobile,0
TXN00004414,CUST1195,2026-07-10 10:51:01,60.0,cash_withdrawal,"chicago, us",atm,0
TXN00004415,CUST1412,2026-07-10 10:54:24,839.99,travel,"chicago, us",mobile,0
TXN00004416,CUST1442,2026-07-10 10:57:14,343.37,transfer,"new york, us",mobile,0
TXN00004417,CUST1169,2026-07-10 11:04:59,97.52,online_retail,"houston, us",mobile,0
TXN00004418,CUST1226,2026-07-10 11:12:23,166.72,online_retail,"new york, us",web,0
TXN00004419,CUST1172,2026-07-10 11:18:28,39.02,transfer,"miami, us",web,0
TXN00004420,CUST1221,2026-07-10 11:19:11,48.01,dining,"los angeles, us",mobile,0
TXN00004421,CUST1418,2026-07-10 11:26:01,51.97,grocery,"houston, us",web,0
TXN00004422,CUST1422,2026-07-10 11:27:16,34.63,online_retail,"houston, us",mobile,0
TXN00004423,CUST1441,2026-07-10 11:27:57,1211.15,travel,"los angeles, us",atm,0
TXN00004424,CUST1334,2026-07-10 11:35:57,100.0,cash_withdrawal,"los angeles, us",atm,0
TXN00004425,CUST1499,2026-07-10 11:42:57,41.87,grocery,"chicago, us",atm,0
TXN00004426,CUST1305,2026-07-10 11:46:53,281.49,transfer,"new york, us",mobile,0
TXN00004427,CUST1070,2026-07-10 02:47:31,4109.5,cash_withdrawal,"chicago, us",mobile,1
TXN00004428,CUST1154,2026-07-10 11:50:15,37.5,grocery,"miami, us",atm,0
TXN00004429,CUST1165,2026-07-10 11:55:37,44.58,grocery,"los angeles, us",web,0
TXN00004430,CUST1309,2026-07-10 12:01:07,169.15,transfer,"houston, us",pos,0
TXN00004431,CUST1486,2026-07-10 12:04:58,100.0,cash_withdrawal,"los angeles, us",atm,0
TXN00004432,CUST1356,2026-07-10 12:05:41,57.59,grocery,"miami, us",atm,0
TXN00004433,CUST1103,2026-07-10 12:06:43,39.08,grocery,"miami, us",pos,0
TXN00004434,CUST1246,2026-07-10 12:12:39,83.3,dining,"los angeles, us",mobile,0
TXN00004435,CUST1161,2026-07-10 12:13:17,300.0,cash_withdrawal,"new york, us",atm,0
TXN00004436,CUST1091,2026-07-10 12:18:13,67.86,grocery,"miami, us",atm,0
TXN00004437,CUST1494,2026-07-10 12:18:49,653.14,travel,"new york, us",pos,0
TXN00004438,CUST1204,2026-07-10 12:21:29,65.4,grocery,"los angeles, us",pos,0
TXN00004439,CUST1496,2026-07-10 12:28:54,311.93,dining,"mumbai, in",mobile,1
TXN00004440,CUST1164,2026-07-10 12:32:19,646.22,travel,"miami, us",pos,0
TXN00004441,CUST1150,2026-07-10 12:35:54,20.0,cash_withdrawal,"chicago, us",atm,0
TXN00004442,CUST1377,2026-07-10 12:36:53,44.78,transfer,"miami, us",pos,0
TXN00004443,CUST1356,2026-07-10 12:42:19,270.31,transfer,"chicago, us",web,0
TXN00004444,CUST1325,2026-07-10 12:48:54,947.68,travel,"chicago, us",pos,0
TXN00004445,CUST1252,2026-07-10 12:52:34,46.94,grocery,"los angeles, us",atm,0
TXN00004446,CUST1496,2026-07-10 12:54:43,100.0,cash_withdrawal,"houston, us",atm,0
TXN00004447,CUST1295,2026-07-10 13:02:15,125.43,transfer,"miami, us",web,0
TXN00004448,CUST1401,2026-07-10 13:07:31,800.98,travel,"new york, us",atm,0
TXN00004449,CUST1125,2026-07-10 13:14:24,48.89,grocery,"miami, us",mobile,0
TXN00004450,CUST1167,2026-07-10 13:20:11,95.05,online_retail,"los angeles, us",mobile,0
TXN00004451,CUST1193,2026-07-10 13:25:40,552.77,dining,"sydney, au",mobile,1
TXN00004452,CUST1144,2026-07-10 13:25:55,581.08,travel,"new york, us",mobile,0
TXN00004453,CUST1419,2026-07-10 13:29:57,22.61,online_retail,"los angeles, us",mobile,0
TXN00004454,CUST1403,2026-07-10 13:33:23,861.87,transfer,"chicago, us",pos,0
TXN00004455,CUST1202,2026-07-10 13:37:30,40.0,cash_withdrawal,"miami, us",atm,0
TXN00004456,CUST1187,2026-07-10 13:44:27,221.06,online_retail,"miami, us",web,0
TXN00004457,CUST1059,2026-07-10 13:48:16,300.0,cash_withdrawal,"new york, us",atm,0
TXN00004458,CUST1478,2026-07-10 13:55:56,68.04,grocery,"chicago, us",atm,0
TXN00004459,CUST1289,2026-07-10 14:01:23,54.76,grocery,"miami, us",pos,0
TXN00004460,CUST1103,2026-07-10 14:06:50,45.08,transfer,"houston, us",atm,0
TXN00004461,CUST1304,2026-07-10 14:07:51,107.18,online_retail,"miami, us",mobile,0
TXN00004462,CUST1280,2026-07-10 14:10:54,66.43,grocery,"houston, us",atm,0
TXN00004463,CUST1093,2026-07-10 03:16:37,6592.55,transfer,"miami, us",mobile,1
TXN00004464,CUST1350,2026-07-10 14:24:47,48.67,dining,"houston, us",web,0
TXN00004465,CUST1394,2026-07-10 14:30:42,52.93,grocery,"chicago, us",web,0
TXN00004466,CUST1282,2026-07-10 14:37:32,48.52,grocery,"miami, us",web,0
TXN00004467,CUST1014,2026-07-10 14:37:55,29.92,online_retail,"new york, us",web,0
TXN00004468,CUST1488,2026-07-10 14:41:57,51.19,dining,"los angeles, us",mobile,0
TXN00004469,CUST1373,2026-07-10 14:46:31,200.0,cash_withdrawal,"chicago, us",atm,0
TXN00004470,CUST1237,2026-07-10 14:49:29,32.34,transfer,"chicago, us",atm,0
TXN00004471,CUST1483,2026-07-10 14:54:39,396.62,travel,"houston, us",mobile,0
TXN00004472,CUST1363,2026-07-10 14:56:27,708.99,travel,"chicago, us",pos,0
TXN00004473,CUST1108,2026-07-10 14:57:32,12.02,grocery,"houston, us",pos,0
TXN00004474,CUST1225,2026-07-10 14:58:34,60.0,cash_withdrawal,"miami, us",atm,0
TXN00004475,CUST1409,2026-07-10 14:58:50,60.23,grocery,"new york, us",web,0
TXN00004476,CUST1150,2026-07-10 15:04:04,51.89,grocery,"new york, us",atm,0
TXN00004477,CUST1426,2026-07-10 15:10:19,35.55,dining,"chicago, us",web,0
TXN00004478,CUST1355,2026-07-10 15:11:03,517.71,transfer,"miami, us",atm,0
TXN00004479,CUST1036,2026-07-10 15:16:16,921.93,transfer,"houston, us",pos,0
TXN00004480,CUST1420,2026-07-10 15:23:10,26.69,transfer,"new york, us",pos,0
TXN00004481,CUST1435,2026-07-10 15:30:30,1111.72,travel,"los angeles, us",atm,0
TXN00004482,CUST1408,2026-07-10 15:32:19,617.02,online_retail,"new york, us",mobile,0
TXN00004483,CUST1408,2026-07-10 15:40:12,26.5,dining,"los angeles, us",pos,0
TXN00004484,CUST1210,2026-07-10 15:45:15,31.94,dining,"chicago, us",mobile,0
TXN00004485,CUST1345,2026-07-10 15:46:29,193.87,transfer,"houston, us",pos,0
TXN00004486,CUST1256,2026-07-10 15:52:05,100.0,cash_withdrawal,"houston, us",atm,0
TXN00004487,CUST1072,2026-07-10 15:56:35,283.83,travel,"los angeles, us",mobile,0
TXN00004488,CUST1325,2026-07-10 15:58:56,18.42,online_retail,"miami, us",web,0
TXN00004489,CUST1156,2026-07-10 16:02:07,40.0,cash_withdrawal,"new york, us",atm,0
TXN00004490,CUST1124,2026-07-10 16:05:52,982.32,travel,"los angeles, us",mobile,0
TXN00004491,CUST1130,2026-07-10 16:10:08,294.48,transfer,"chicago, us",atm,0
TXN00004492,CUST1338,2026-07-10 16:16:29,46.48,grocery,"los angeles, us",pos,0
TXN00004493,CUST1079,2026-07-10 16:21:56,60.0,cash_withdrawal,"miami, us",atm,0
TXN00004494,CUST1367,2026-07-10 16:25:53,62.11,grocery,"chicago, us",web,0
TXN00004495,CUST1217,2026-07-10 16:27:38,526.65,travel,"miami, us",mobile,0
TXN00004496,CUST1405,2026-07-10 16:29:52,60.0,cash_withdrawal,"houston, us",atm,0
TXN00004497,CUST1194,2026-07-10 16:31:12,17.44,online_retail,"new york, us",web,0
TXN00004498,CUST1038,2026-07-10 16:38:10,28.26,grocery,"los angeles, us",pos,0
TXN00004499,CUST1230,2026-07-10 16:38:42,267.63,online_retail,"chicago, us",web,0
TXN00004500,CUST1307,2026-07-10 16:39:22,54.89,grocery,"chicago, us",atm,0
TXN00004501,CUST1246,2026-07-10 16:40:37,150.67,transfer,"houston, us",mobile,0
TXN00004502,CUST1299,2026-07-10 16:43:26,64.17,dining,"chicago, us",pos,0
TXN00004503,CUST1206,2026-07-10 16:48:35,251.25,online_retail,"chicago, us",web,0
TXN00004504,CUST1274,2026-07-10 16:52:28,917.29,travel,"new york, us",atm,0
TXN00004505,CUST1260,2026-07-10 16:57:00,44.26,dining,"houston, us",web,0
TXN00004506,CUST1473,2026-07-10 17:05:21,159.73,online_retail,"chicago, us",web,0
TXN00004507,CUST1472,2026-07-10 17:11:04,480.31,transfer,"chicago, us",mobile,0
TXN00004508,CUST1446,2026-07-10 17:17:40,293.81,transfer,"los angeles, us",pos,0
TXN00004509,CUST1355,2026-07-10 17:20:53,180.4,transfer,"los angeles, us",pos,0
TXN00004510,CUST1215,2026-07-10 17:23:42,50.78,grocery,"new york, us",pos,0
TXN00004511,CUST1279,2026-07-10 17:28:50,298.73,transfer,"los angeles, us",web,0
TXN00004512,CUST1019,2026-07-10 17:36:33,94.73,transfer,"houston, us",atm,0
TXN00004513,CUST1405,2026-07-10 17:41:20,51.54,dining,"miami, us",web,0
TXN00004514,CUST1496,2026-07-10 17:48:07,66.54,grocery,"houston, us",web,0
TXN00004515,CUST1185,2026-07-10 17:49:31,79.03,grocery,"miami, us",pos,0
TXN00004516,CUST1360,2026-07-10 17:50:56,81.31,transfer,"miami, us",pos,0
TXN00004517,CUST1459,2026-07-10 17:55:06,636.38,travel,"new york, us",atm,0
TXN00004518,CUST1416,2026-07-10 17:57:54,226.39,online_retail,"houston, us",mobile,0
TXN00004519,CUST1275,2026-07-10 18:03:12,300.0,cash_withdrawal,"miami, us",atm,0
TXN00004520,CUST1305,2026-07-10 18:06:17,200.0,cash_withdrawal,"new york, us",atm,0
TXN00004521,CUST1327,2026-07-10 18:08:56,27.72,dining,"chicago, us",mobile,0
TXN00004522,CUST1469,2026-07-10 18:12:14,242.32,transfer,"chicago, us",pos,0
TXN00004523,CUST1044,2026-07-10 18:20:40,53.91,dining,"miami, us",web,0
TXN00004524,CUST1056,2026-07-10 18:20:54,45.05,transfer,"new york, us",atm,0
TXN00004525,CUST1394,2026-07-10 18:25:29,200.0,cash_withdrawal,"los angeles, us",atm,0
TXN00004526,CUST1128,2026-07-10 18:30:39,194.93,transfer,"los angeles, us",pos,0
TXN00004527,CUST1337,2026-07-10 18:36:25,314.75,travel,"chicago, us",atm,0
TXN00004528,CUST1341,2026-07-10 18:42:22,32.25,dining,"houston, us",pos,0
TXN00004529,CUST1182,2026-07-10 18:43:46,43.9,online_retail,"houston, us",web,0
TXN00004530,CUST1086,2026-07-10 18:44:25,31.73,dining,"miami, us",pos,0
TXN00004531,CUST1332,2026-07-10 18:46:36,166.67,transfer,"los angeles, us",pos,0
TXN00004532,CUST1314,2026-07-10 18:51:05,568.09,travel,"miami, us",atm,0
TXN00004533,CUST1023,2026-07-10 18:58:14,117.53,online_retail,"chicago, us",mobile,0
TXN00004534,CUST1289,2026-07-10 19:05:31,41.59,grocery,"los angeles, us",mobile,0
TXN00004535,CUST1331,2026-07-10 19:10:27,1.0,dining,"miami, us",mobile,0
TXN00004536,CUST1347,2026-07-10 19:17:56,568.18,transfer,"los angeles, us",pos,0
TXN00004537,CUST1332,2026-07-10 19:18:33,33.23,dining,"los angeles, us",pos,0
TXN00004538,CUST1205,2026-07-10 19:22:19,604.7,travel,"new york, us",mobile,0
TXN00004539,CUST1496,2026-07-10 19:25:25,19.61,online_retail,"new york, us",mobile,0
TXN00004540,CUST1386,2026-07-10 19:27:15,307.09,travel,"houston, us",web,0
TXN00004541,CUST1170,2026-07-10 19:35:44,60.0,cash_withdrawal,"los angeles, us",atm,0
TXN00004542,CUST1495,2026-07-10 19:37:36,42.14,transfer,"chicago, us",atm,0
TXN00004543,CUST1408,2026-07-10 19:43:13,73.91,dining,"chicago, us",atm,0
TXN00004544,CUST1221,2026-07-10 19:51:08,77.95,dining,"houston, us",pos,0
TXN00004545,CUST1055,2026-07-10 19:53:01,43.13,dining,"chicago, us",atm,0
TXN00004546,CUST1006,2026-07-10 19:59:53,855.88,travel,"miami, us",pos,0
TXN00004547,CUST1051,2026-07-10 20:00:38,43.51,dining,"houston, us",web,0
TXN00004548,CUST1133,2026-07-10 20:03:42,13.27,dining,"los angeles, us",web,0
TXN00004549,CUST1114,2026-07-10 20:05:28,60.0,cash_withdrawal,"chicago, us",atm,0
TXN00004550,CUST1262,2026-07-10 20:11:19,165.59,online_retail,"miami, us",mobile,0
TXN00004551,CUST1383,2026-07-10 20:15:32,60.0,cash_withdrawal,"houston, us",atm,0
TXN00004552,CUST1266,2026-07-10 20:21:37,20.0,cash_withdrawal,"houston, us",atm,0
TXN00004553,CUST1286,2026-07-10 20:27:41,42.68,grocery,"miami, us",pos,0
TXN00004554,CUST1298,2026-07-10 20:36:13,22.05,online_retail,"los angeles, us",mobile,0
TXN00004555,CUST1353,2026-07-10 20:40:22,62.31,grocery,"chicago, us",atm,0
TXN00004556,CUST1295,2026-07-10 20:45:39,7548.31,online_retail,"new york, us",mobile,1
TXN00004557,CUST1114,2026-07-10 20:51:43,100.0,cash_withdrawal,"new york, us",atm,0
TXN00004558,CUST1229,2026-07-10 20:54:42,190.6,travel,"miami, us",atm,0
TXN00004559,CUST1192,2026-07-10 21:02:08,153.02,transfer,"los angeles, us",pos,0
TXN00004560,CUST1201,2026-07-10 21:07:14,42.39,dining,"chicago, us",pos,0
TXN00004561,CUST1238,2026-07-10 21:12:13,300.0,cash_withdrawal,"los angeles, us",atm,0
TXN00004562,CUST1396,2026-07-10 21:20:36,59.56,dining,"chicago, us",atm,0
TXN00004563,CUST1348,2026-07-10 21:23:37,73.59,travel,"new york, us",web,0
TXN00004564,CUST1302,2026-07-10 21:29:02,888.4,travel,"new york, us",mobile,0
TXN00004565,CUST1354,2026-07-10 21:31:45,67.73,dining,"miami, us",mobile,0
TXN00004566,CUST1257,2026-07-10 21:35:29,89.35,online_retail,"new york, us",mobile,0
TXN00004567,CUST1078,2026-07-10 21:38:27,1.0,travel,"houston, us",pos,0
TXN00004568,CUST1177,2026-07-10 21:40:00,519.14,travel,"miami, us",atm,0
TXN00004569,CUST1013,2026-07-10 21:41:03,51.66,grocery,"miami, us",pos,0
TXN00004570,CUST1248,2026-07-10 21:45:05,205.66,online_retail,"houston, us",web,0
TXN00004571,CUST1054,2026-07-10 21:52:43,50.15,dining,"miami, us",web,0
TXN00004572,CUST1152,2026-07-10 21:59:37,100.0,cash_withdrawal,"houston, us",atm,0
TXN00004573,CUST1213,2026-07-10 22:07:33,36.13,grocery,"chicago, us",web,0
TXN00004574,CUST1472,2026-07-10 22:08:04,200.6,travel,"los angeles, us",pos,0
TXN00004575,CUST1493,2026-07-10 22:12:27,33.46,dining,"miami, us",atm,0
TXN00004576,CUST1044,2026-07-10 22:14:29,39.59,online_retail,"houston, us",web,0
TXN00004577,CUST1060,2026-07-10 22:22:30,40.0,cash_withdrawal,"chicago, us",atm,0
TXN00004578,CUST1426,2026-07-10 22:22:41,46.8,grocery,"los angeles, us",pos,0
TXN00004579,CUST1482,2026-07-10 22:28:18,59.31,grocery,"miami, us",mobile,0
TXN00004580,CUST1374,2026-07-10 22:30:22,65.6,grocery,"new york, us",atm,0
TXN00004581,CUST1073,2026-07-10 22:36:26,11.92,dining,"los angeles, us",atm,0
TXN00004582,CUST1179,2026-07-10 22:38:33,40.0,cash_withdrawal,"houston, us",atm,0
TXN00004583,CUST1160,2026-07-10 22:42:41,786.99,transfer,"los angeles, us",pos,0
TXN00004584,CUST1176,2026-07-10 22:48:10,42.65,transfer,"miami, us",atm,0
TXN00004585,CUST1234,2026-07-10 22:50:09,59.4,online_retail,"chicago, us",web,0
TXN00004586,CUST1402,2026-07-10 22:52:21,149.21,transfer,"new york, us",mobile,0
TXN00004587,CUST1106,2026-07-10 22:56:37,477.56,transfer,"los angeles, us",pos,0
TXN00004588,CUST1267,2026-07-10 23:03:03,1261.26,travel,"chicago, us",web,0
TXN00004589,CUST1248,2026-07-10 23:09:46,744.22,online_retail,"miami, us",web,0
TXN00004590,CUST1179,2026-07-10 23:18:03,50.05,dining,"los angeles, us",atm,0
TXN00004591,CUST1244,2026-07-10 23:25:10,552.69,transfer,"houston, us",pos,0
TXN00004592,CUST1050,2026-07-10 23:28:09,48.17,online_retail,"los angeles, us",mobile,0
TXN00004593,CUST1225,2026-07-10 23:35:12,20.0,cash_withdrawal,"new york, us",atm,0
TXN00004594,CUST1370,2026-07-10 23:41:40,172.91,transfer,"los angeles, us",web,0
TXN00004595,CUST1357,2026-07-10 23:45:02,44.78,grocery,"new york, us",pos,0
TXN00004596,CUST1232,2026-07-10 23:46:57,54.84,grocery,"chicago, us",web,0
TXN00004597,CUST1164,2026-07-10 23:50:31,39.93,online_retail,"new york, us",mobile,0
TXN00004598,CUST1035,2026-07-10 23:52:15,200.0,cash_withdrawal,"los angeles, us",atm,0
TXN00004599,CUST1154,2026-07-10 23:59:27,60.0,cash_withdrawal,"houston, us",atm,0
TXN00004600,CUST1023,2026-07-11 00:08:03,38.78,dining,"houston, us",pos,0
TXN00004601,CUST1415,2026-07-11 00:08:16,28.05,dining,"houston, us",pos,0
TXN00004602,CUST1364,2026-07-11 00:11:31,66.17,grocery,"chicago, us",pos,0
TXN00004603,CUST1059,2026-07-11 00:11:46,206.88,online_retail,"new york, us",web,0
TXN00004604,CUST1012,2026-07-11 00:12:33,183.42,transfer,"miami, us",pos,0
TXN00004605,CUST1435,2026-07-11 00:15:46,900.25,travel,"houston, us",web,0
TXN00004606,CUST1176,2026-07-11 00:16:11,254.57,online_retail,"chicago, us",web,0
TXN00004607,CUST1332,2026-07-11 00:21:05,300.0,cash_withdrawal,"miami, us",atm,0
TXN00004608,CUST1056,2026-07-11 00:22:13,40.0,cash_withdrawal,"houston, us",atm,0
TXN00004609,CUST1347,2026-07-11 00:23:35,623.92,transfer,"houston, us",pos,0
TXN00004610,CUST1410,2026-07-11 00:26:13,60.0,cash_withdrawal,"houston, us",atm,0
TXN00004611,CUST1085,2026-07-11 00:30:08,45.66,dining,"houston, us",web,0
TXN00004612,CUST1477,2026-07-11 00:31:57,19.22,online_retail,"chicago, us",web,0
TXN00004613,CUST1380,2026-07-11 00:37:30,24.09,dining,"chicago, us",mobile,0
TXN00004614,CUST1125,2026-07-11 00:42:39,90.63,online_retail,"los angeles, us",mobile,0
TXN00004615,CUST1265,2026-07-11 00:50:36,56.37,grocery,"houston, us",mobile,0
TXN00004616,CUST1090,2026-07-11 00:57:17,100.0,cash_withdrawal,"houston, us",atm,0
TXN00004617,CUST1283,2026-07-11 01:00:31,47.49,travel,"houston, us",mobile,0
TXN00004618,CUST1082,2026-07-11 01:01:03,119.97,online_retail,"houston, us",mobile,0
TXN00004619,CUST1170,2026-07-11 01:09:32,40.0,cash_withdrawal,"houston, us",atm,0
TXN00004620,CUST1287,2026-07-11 01:09:57,1718.76,transfer,"miami, us",pos,0
TXN00004621,CUST1219,2026-07-11 01:11:48,172.64,dining,"london, uk",mobile,1
TXN00004622,CUST1491,2026-07-11 01:13:39,178.8,online_retail,"houston, us",web,0
TXN00004623,CUST1237,2026-07-11 01:16:14,200.0,cash_withdrawal,"miami, us",atm,0
TXN00004624,CUST1119,2026-07-11 01:17:53,85.63,online_retail,"chicago, us",web,0
TXN00004625,CUST1409,2026-07-11 01:19:55,40.0,cash_withdrawal,"new york, us",atm,0
TXN00004626,CUST1208,2026-07-11 01:27:38,62.82,transfer,"los angeles, us",atm,0
TXN00004627,CUST1323,2026-07-11 01:30:02,71.86,transfer,"chicago, us",atm,0
TXN00004628,CUST1095,2026-07-11 01:36:20,876.02,travel,"houston, us",pos,0
TXN00004629,CUST1096,2026-07-11 01:37:59,20.0,cash_withdrawal,"houston, us",atm,0
TXN00004630,CUST1328,2026-07-11 01:41:02,914.39,transfer,"los angeles, us",mobile,0
TXN00004631,CUST1337,2026-07-11 01:48:25,67.36,dining,"miami, us",mobile,0
TXN00004632,CUST1222,2026-07-11 01:53:18,218.38,transfer,"houston, us",mobile,0
TXN00004633,CUST1203,2026-07-11 01:55:33,32.47,grocery,"chicago, us",mobile,0
TXN00004634,CUST1015,2026-07-11 01:57:14,100.0,cash_withdrawal,"new york, us",atm,0
TXN00004635,CUST1378,2026-07-11 01:59:04,91.29,online_retail,"chicago, us",web,0
TXN00004636,CUST1315,2026-07-11 01:59:25,40.0,cash_withdrawal,"miami, us",atm,0
TXN00004637,CUST1453,2026-07-11 02:01:05,76.43,online_retail,"houston, us",mobile,0
TXN00004638,CUST1102,2026-07-11 02:08:26,69.95,dining,"los angeles, us",mobile,0
TXN00004639,CUST1231,2026-07-11 02:10:50,72.83,transfer,"houston, us",web,0
TXN00004640,CUST1304,2026-07-11 02:18:46,77.15,dining,"los angeles, us",atm,0
TXN00004641,CUST1220,2026-07-11 02:19:47,88.55,grocery,"los angeles, us",mobile,0
TXN00004642,CUST1200,2026-07-11 02:20:07,273.39,transfer,"new york, us",atm,0
TXN00004643,CUST1003,2026-07-11 02:27:22,12.84,dining,"miami, us",mobile,0
TXN00004644,CUST1361,2026-07-11 02:33:18,40.0,cash_withdrawal,"los angeles, us",atm,0
TXN00004645,CUST1110,2026-07-11 02:34:38,53.58,dining,"miami, us",web,0
TXN00004646,CUST1106,2026-07-11 02:38:02,23.75,dining,"los angeles, us",mobile,0
TXN00004647,CUST1143,2026-07-11 02:43:47,112.76,dining,"paris, fr",mobile,1
TXN00004648,CUST1386,2026-07-11 02:50:40,901.17,travel,"chicago, us",pos,0
TXN00004649,CUST1361,2026-07-11 02:58:23,443.98,travel,"miami, us",web,0
TXN00004650,CUST1415,2026-07-11 02:59:29,268.96,transfer,"chicago, us",mobile,0
TXN00004651,CUST1408,2026-07-11 03:02:32,63.19,grocery,"new york, us",pos,0
TXN00004652,CUST1033,2026-07-11 03:10:41,135.69,online_retail,"los angeles, us",web,0
TXN00004653,CUST1296,2026-07-11 03:12:38,60.0,cash_withdrawal,"chicago, us",atm,0
TXN00004654,CUST1053,2026-07-11 03:15:24,497.25,transfer,"miami, us",atm,0
TXN00004655,CUST1410,2026-07-11 03:19:27,209.22,online_retail,"los angeles, us",mobile,0
TXN00004656,CUST1447,2026-07-11 03:21:39,100.0,cash_withdrawal,"new york, us",atm,0
TXN00004657,CUST1275,2026-07-11 03:24:58,330.66,travel,"new york, us",atm,0
TXN00004658,CUST1096,2026-07-11 03:32:02,46.07,grocery,"new york, us",pos,0
TXN00004659,CUST1188,2026-07-11 03:35:22,1210.38,travel,"new york, us",pos,0
TXN00004660,CUST1167,2026-07-11 03:41:10,32.04,dining,"houston, us",mobile,0
TXN00004661,CUST1101,2026-07-11 03:42:47,447.02,travel,"chicago, us",web,0
TXN00004662,CUST1235,2026-07-11 03:50:58,182.95,transfer,"miami, us",pos,0
TXN00004663,CUST1059,2026-07-11 03:55:37,686.68,travel,"houston, us",pos,0
TXN00004664,CUST1135,2026-07-11 04:04:07,100.0,cash_withdrawal,"houston, us",atm,0
TXN00004665,CUST1344,2026-07-11 04:11:06,121.98,transfer,"houston, us",mobile,0
TXN00004666,CUST1442,2026-07-11 04:16:35,103.24,online_retail,"tokyo, jp",mobile,1
TXN00004667,CUST1251,2026-07-11 04:24:16,225.7,transfer,"miami, us",atm,0
TXN00004668,CUST1271,2026-07-11 04:28:08,120.9,transfer,"los angeles, us",mobile,0
TXN00004669,CUST1495,2026-07-11 04:35:47,1227.89,travel,"los angeles, us",mobile,0
TXN00004670,CUST1328,2026-07-11 04:42:01,59.61,grocery,"chicago, us",atm,0
TXN00004671,CUST1161,2026-07-11 04:42:44,77.5,transfer,"houston, us",pos,0
TXN00004672,CUST1306,2026-07-11 04:43:54,630.77,travel,"chicago, us",pos,0
TXN00004673,CUST1199,2026-07-11 04:45:17,105.7,online_retail,"chicago, us",mobile,0
TXN00004674,CUST1313,2026-07-11 04:52:58,24.38,online_retail,"miami, us",mobile,0
TXN00004675,CUST1201,2026-07-11 05:01:01,813.15,travel,"los angeles, us",mobile,0
TXN00004676,CUST1301,2026-07-11 05:02:17,82.41,dining,"houston, us",mobile,0
TXN00004677,CUST1059,2026-07-11 05:09:13,51.59,dining,"los angeles, us",atm,0
TXN00004678,CUST1179,2026-07-11 05:11:00,200.0,cash_withdrawal,"chicago, us",atm,0
TXN00004679,CUST1181,2026-07-11 05:12:48,700.67,transfer,"chicago, us",atm,0
TXN00004680,CUST1433,2026-07-11 05:17:30,42.78,online_retail,"new york, us",web,0
TXN00004681,CUST1235,2026-07-11 05:20:53,100.0,cash_withdrawal,"houston, us",atm,0
TXN00004682,CUST1317,2026-07-11 05:26:58,1.0,travel,"chicago, us",pos,0
TXN00004683,CUST1089,2026-07-11 05:30:19,58.72,dining,"houston, us",pos,0
TXN00004684,CUST1417,2026-07-11 05:33:11,200.0,cash_withdrawal,"houston, us",atm,0
TXN00004685,CUST1345,2026-07-11 05:38:27,646.2,travel,"miami, us",web,0
TXN00004686,CUST1362,2026-07-11 05:42:16,65.06,dining,"chicago, us",mobile,0
TXN00004687,CUST1410,2026-07-11 05:50:46,20.0,cash_withdrawal,"miami, us",atm,0
TXN00004688,CUST1153,2026-07-11 05:56:21,188.46,transfer,"houston, us",pos,0
TXN00004689,CUST1471,2026-07-11 05:58:36,217.86,online_retail,"houston, us",mobile,0
TXN00004690,CUST1315,2026-07-11 06:06:37,752.7,transfer,"miami, us",web,0
TXN00004691,CUST1303,2026-07-11 06:07:10,274.68,transfer,"houston, us",mobile,0
TXN00004692,CUST1044,2026-07-11 06:13:50,55.88,grocery,"houston, us",atm,0
TXN00004693,CUST1345,2026-07-11 06:19:15,456.95,travel,"houston, us",atm,0
TXN00004694,CUST1069,2026-07-11 06:24:25,24.2,dining,"houston, us",mobile,0
TXN00004695,CUST1161,2026-07-11 06:26:11,40.56,grocery,"miami, us",atm,0
TXN00004696,CUST1061,2026-07-11 06:33:38,38.76,grocery,"houston, us",atm,0
TXN00004697,CUST1123,2026-07-11 06:38:22,129.76,transfer,"houston, us",mobile,0
TXN00004698,CUST1157,2026-07-11 06:41:02,131.5,online_retail,"new york, us",mobile,0
TXN00004699,CUST1060,2026-07-11 06:47:56,8.88,dining,"new york, us",web,0
TXN00004700,CUST1094,2026-07-11 06:49:22,1065.69,travel,"los angeles, us",web,0
TXN00004701,CUST1192,2026-07-11 06:52:19,153.34,online_retail,"houston, us",web,0
TXN00004702,CUST1356,2026-07-11 06:54:35,51.07,grocery,"los angeles, us",web,0
TXN00004703,CUST1073,2026-07-11 06:55:12,30.6,grocery,"new york, us",web,0
TXN00004704,CUST1262,2026-07-11 07:00:44,40.0,cash_withdrawal,"chicago, us",atm,0
TXN00004705,CUST1199,2026-07-11 07:07:41,46.12,online_retail,"houston, us",web,0
TXN00004706,CUST1215,2026-07-11 07:10:14,420.25,travel,"miami, us",pos,0
TXN00004707,CUST1306,2026-07-11 07:17:50,521.18,transfer,"new york, us",atm,0
TXN00004708,CUST1071,2026-07-11 07:19:04,24.19,transfer,"los angeles, us",web,0
TXN00004709,CUST1295,2026-07-11 07:26:29,100.0,cash_withdrawal,"chicago, us",atm,0
TXN00004710,CUST1197,2026-07-11 07:30:59,60.0,cash_withdrawal,"new york, us",atm,0
TXN00004711,CUST1217,2026-07-11 07:39:24,8.74,dining,"los angeles, us",atm,0
TXN00004712,CUST1096,2026-07-11 07:44:33,167.21,online_retail,"new york, us",mobile,0
TXN00004713,CUST1250,2026-07-11 07:52:16,61.37,dining,"chicago, us",pos,0
TXN00004714,CUST1326,2026-07-11 07:56:36,751.03,travel,"chicago, us",web,0
TXN00004715,CUST1276,2026-07-11 07:58:33,300.0,cash_withdrawal,"miami, us",atm,0
TXN00004716,CUST1356,2026-07-11 08:04:55,86.07,dining,"los angeles, us",pos,0
TXN00004717,CUST1471,2026-07-11 08:05:46,10.41,dining,"los angeles, us",mobile,0
TXN00004718,CUST1331,2026-07-11 08:12:37,914.81,travel,"houston, us",pos,0
TXN00004719,CUST1477,2026-07-11 08:16:47,62.93,dining,"chicago, us",mobile,0
TXN00004720,CUST1089,2026-07-11 08:23:41,356.66,travel,"miami, us",atm,0
TXN00004721,CUST1285,2026-07-11 08:29:30,327.73,online_retail,"los angeles, us",web,0
TXN00004722,CUST1086,2026-07-11 08:34:54,40.0,cash_withdrawal,"los angeles, us",atm,0
TXN00004723,CUST1251,2026-07-11 08:35:37,17.57,online_retail,"houston, us",web,0
TXN00004724,CUST1148,2026-07-11 08:37:12,49.42,online_retail,"miami, us",mobile,0
TXN00004725,CUST1072,2026-07-11 08:41:42,851.78,travel,"los angeles, us",web,0
TXN00004726,CUST1096,2026-07-11 08:45:10,530.84,travel,"miami, us",atm,0
TXN00004727,CUST1162,2026-07-11 08:51:44,100.0,cash_withdrawal,"los angeles, us",atm,0
TXN00004728,CUST1432,2026-07-11 08:59:25,94.79,transfer,"new york, us",pos,0
TXN00004729,CUST1231,2026-07-11 09:05:05,49.02,dining,"miami, us",pos,0
TXN00004730,CUST1318,2026-07-11 09:11:39,80.75,grocery,"miami, us",mobile,0
TXN00004731,CUST1028,2026-07-11 09:16:09,101.96,transfer,"miami, us",atm,0
TXN00004732,CUST1444,2026-07-11 09:19:30,222.85,online_retail,"houston, us",web,0
TXN00004733,CUST1184,2026-07-11 09:23:55,50.01,grocery,"miami, us",mobile,0
TXN00004734,CUST1488,2026-07-11 09:28:30,224.07,online_retail,"chicago, us",web,0
TXN00004735,CUST1005,2026-07-11 09:32:37,37.9,grocery,"miami, us",atm,0
TXN00004736,CUST1249,2026-07-11 09:34:18,90.6,transfer,"new york, us",web,0
TXN00004737,CUST1070,2026-07-11 09:37:12,24.61,grocery,"los angeles, us",mobile,0
TXN00004738,CUST1100,2026-07-11 09:43:26,608.51,travel,"chicago, us",pos,0
TXN00004739,CUST1418,2026-07-11 09:46:47,42.23,dining,"new york, us",atm,0
TXN00004740,CUST1197,2026-07-11 09:51:26,555.23,travel,"miami, us",web,0
TXN00004741,CUST1494,2026-07-11 09:57:31,476.83,transfer,"new york, us",mobile,0
TXN00004742,CUST1288,2026-07-11 10:01:48,47.92,dining,"houston, us",atm,0
TXN00004743,CUST1259,2026-07-11 10:08:04,790.03,travel,"chicago, us",mobile,0
TXN00004744,CUST1335,2026-07-11 10:16:23,61.09,dining,"los angeles, us",atm,0
TXN00004745,CUST1254,2026-07-11 10:20:46,100.0,cash_withdrawal,"chicago, us",atm,0
TXN00004746,CUST1210,2026-07-11 10:24:58,515.62,online_retail,"los angeles, us",mobile,0
TXN00004747,CUST1351,2026-07-11 10:27:25,60.0,cash_withdrawal,"chicago, us",atm,0
TXN00004748,CUST1252,2026-07-11 10:32:32,35.21,grocery,"los angeles, us",mobile,0
TXN00004749,CUST1213,2026-07-11 10:36:07,34.32,dining,"miami, us",atm,0
TXN00004750,CUST1364,2026-07-11 10:41:43,67.92,grocery,"miami, us",web,0
TXN00004751,CUST1431,2026-07-11 10:49:44,276.74,transfer,"new york, us",atm,0
TXN00004752,CUST1228,2026-07-11 10:56:38,44.76,online_retail,"chicago, us",mobile,0
TXN00004753,CUST1251,2026-07-11 11:01:46,40.0,cash_withdrawal,"los angeles, us",atm,0
TXN00004754,CUST1086,2026-07-11 11:07:28,823.66,travel,"new york, us",pos,0
TXN00004755,CUST1043,2026-07-11 11:07:56,60.0,cash_withdrawal,"miami, us",atm,0
TXN00004756,CUST1290,2026-07-11 11:09:52,300.0,cash_withdrawal,"houston, us",atm,0
TXN00004757,CUST1016,2026-07-11 11:11:54,451.05,online_retail,"london, uk",mobile,1
TXN00004758,CUST1408,2026-07-11 11:19:42,428.19,travel,"los angeles, us",mobile,0
TXN00004759,CUST1390,2026-07-11 11:21:35,4.41,dining,"new york, us",web,0
TXN00004760,CUST1113,2026-07-11 11:25:36,40.0,cash_withdrawal,"miami, us",atm,0
TXN00004761,CUST1150,2026-07-11 11:33:07,65.81,dining,"los angeles, us",web,0
TXN00004762,CUST1017,2026-07-11 11:35:17,61.46,grocery,"miami, us",atm,0
TXN00004763,CUST1141,2026-07-11 11:38:49,29.97,dining,"miami, us",web,0
TXN00004764,CUST1116,2026-07-11 11:40:50,60.0,cash_withdrawal,"miami, us",atm,0
TXN00004765,CUST1276,2026-07-11 11:43:36,57.03,online_retail,"chicago, us",mobile,0
TXN00004766,CUST1148,2026-07-11 11:47:23,43.22,online_retail,"new york, us",mobile,0
TXN00004767,CUST1087,2026-07-11 11:55:08,300.0,cash_withdrawal,"houston, us",atm,0
TXN00004768,CUST1400,2026-07-11 11:58:31,40.0,cash_withdrawal,"new york, us",atm,0
TXN00004769,CUST1235,2026-07-11 12:03:33,245.49,travel,"chicago, us",atm,0
TXN00004770,CUST1290,2026-07-11 12:05:03,239.45,online_retail,"chicago, us",web,0
TXN00004771,CUST1381,2026-07-11 12:13:11,541.01,travel,"los angeles, us",atm,0
TXN00004772,CUST1396,2026-07-11 12:20:32,61.16,grocery,"chicago, us",mobile,0
TXN00004773,CUST1393,2026-07-11 12:23:53,40.0,cash_withdrawal,"new york, us",atm,0
TXN00004774,CUST1254,2026-07-11 12:26:13,437.43,transfer,"miami, us",atm,0
TXN00004775,CUST1282,2026-07-11 12:31:04,27.38,grocery,"houston, us",atm,0
TXN00004776,CUST1262,2026-07-11 12:31:57,16.86,dining,"chicago, us",web,0
TXN00004777,CUST1058,2026-07-11 12:33:15,49.65,grocery,"chicago, us",pos,0
TXN00004778,CUST1294,2026-07-11 12:39:49,417.83,travel,"miami, us",atm,0
TXN00004779,CUST1059,2026-07-11 12:40:42,527.0,travel,"chicago, us",atm,0
TXN00004780,CUST1138,2026-07-11 12:43:23,486.49,travel,"chicago, us",web,0
TXN00004781,CUST1397,2026-07-11 12:47:20,134.35,transfer,"new york, us",web,0
TXN00004782,CUST1279,2026-07-11 12:51:55,20.0,cash_withdrawal,"los angeles, us",atm,0
TXN00004783,CUST1422,2026-07-11 12:55:05,300.0,cash_withdrawal,"new york, us",atm,0
TXN00004784,CUST1188,2026-07-11 12:57:12,53.88,grocery,"chicago, us",atm,0
TXN00004785,CUST1278,2026-07-11 13:02:20,653.18,travel,"new york, us",mobile,0
TXN00004786,CUST1422,2026-07-11 13:02:51,60.0,cash_withdrawal,"new york, us",atm,0
TXN00004787,CUST1388,2026-07-11 13:06:59,795.72,travel,"chicago, us",atm,0
TXN00004788,CUST1022,2026-07-11 13:11:31,492.22,travel,"los angeles, us",pos,0
TXN00004789,CUST1390,2026-07-11 13:16:59,702.01,travel,"houston, us",web,0
TXN00004790,CUST1369,2026-07-11 13:20:01,51.02,dining,"miami, us",web,0
TXN00004791,CUST1226,2026-07-11 13:23:49,56.67,grocery,"houston, us",web,0
TXN00004792,CUST1280,2026-07-11 13:27:49,445.13,online_retail,"chicago, us",web,0
TXN00004793,CUST1112,2026-07-11 13:31:58,364.22,transfer,"chicago, us",web,0
TXN00004794,CUST1218,2026-07-11 13:35:49,70.43,online_retail,"new york, us",mobile,0
TXN00004795,CUST1053,2026-07-11 13:39:28,37.62,grocery,"houston, us",pos,0
TXN00004796,CUST1377,2026-07-11 13:42:46,84.41,dining,"houston, us",pos,0
TXN00004797,CUST1425,2026-07-11 13:49:47,117.18,online_retail,"new york, us",web,0
TXN00004798,CUST1335,2026-07-11 13:54:11,50.13,grocery,"miami, us",web,0
TXN00004799,CUST1385,2026-07-11 13:57:03,32.8,dining,"miami, us",pos,0
TXN00004800,CUST1127,2026-07-11 13:59:32,25.44,dining,"los angeles, us",web,0
TXN00004801,CUST1153,2026-07-11 14:02:57,506.45,transfer,"los angeles, us",pos,0
TXN00004802,CUST1448,2026-07-11 14:03:19,612.89,transfer,"houston, us",atm,0
TXN00004803,CUST1017,2026-07-11 14:05:00,32.15,online_retail,"chicago, us",web,0
TXN00004804,CUST1231,2026-07-11 14:08:56,466.7,online_retail,"los angeles, us",web,0
TXN00004805,CUST1135,2026-07-11 14:11:05,67.89,grocery,"chicago, us",atm,0
TXN00004806,CUST1179,2026-07-11 14:13:30,31.13,grocery,"houston, us",pos,0
TXN00004807,CUST1442,2026-07-11 02:19:10,6386.86,cash_withdrawal,"miami, us",atm,1
TXN00004808,CUST1419,2026-07-11 14:19:58,521.31,transfer,"new york, us",atm,0
TXN00004809,CUST1045,2026-07-11 14:23:11,564.46,travel,"houston, us",mobile,0
TXN00004810,CUST1225,2026-07-11 14:31:02,606.65,transfer,"chicago, us",pos,0
TXN00004811,CUST1444,2026-07-11 14:31:54,100.0,cash_withdrawal,"los angeles, us",atm,0
TXN00004812,CUST1061,2026-07-11 14:34:34,62.36,transfer,"chicago, us",pos,0
TXN00004813,CUST1398,2026-07-11 14:41:55,193.14,online_retail,"chicago, us",web,0
TXN00004814,CUST1416,2026-07-11 14:46:21,213.21,online_retail,"houston, us",mobile,0
TXN00004815,CUST1122,2026-07-11 14:50:53,359.7,transfer,"new york, us",atm,0
TXN00004816,CUST1108,2026-07-11 14:55:42,46.77,dining,"chicago, us",web,0
TXN00004817,CUST1416,2026-07-11 15:01:21,51.07,dining,"los angeles, us",atm,0
TXN00004818,CUST1378,2026-07-11 15:02:11,32.65,dining,"chicago, us",web,0
TXN00004819,CUST1302,2026-07-11 15:09:03,75.49,transfer,"miami, us",web,0
TXN00004820,CUST1353,2026-07-11 15:11:34,36.54,transfer,"chicago, us",web,0
TXN00004821,CUST1180,2026-07-11 15:19:38,300.0,cash_withdrawal,"los angeles, us",atm,0
TXN00004822,CUST1441,2026-07-11 15:21:44,46.94,grocery,"los angeles, us",mobile,0
TXN00004823,CUST1364,2026-07-11 15:22:44,77.1,grocery,"new york, us",atm,0
TXN00004824,CUST1313,2026-07-11 15:23:54,32.99,dining,"los angeles, us",web,0
TXN00004825,CUST1324,2026-07-11 15:24:40,65.75,grocery,"houston, us",pos,0
TXN00004826,CUST1220,2026-07-11 15:27:54,55.08,grocery,"los angeles, us",pos,0
TXN00004827,CUST1085,2026-07-11 15:28:23,33.32,dining,"new york, us",pos,0
TXN00004828,CUST1316,2026-07-11 15:33:12,263.84,travel,"los angeles, us",mobile,0
TXN00004829,CUST1072,2026-07-11 15:35:04,44.23,dining,"new york, us",pos,0
TXN00004830,CUST1402,2026-07-11 15:38:04,622.78,travel,"new york, us",web,0
TXN00004831,CUST1106,2026-07-11 15:39:54,77.1,grocery,"chicago, us",mobile,0
TXN00004832,CUST1417,2026-07-11 15:45:49,384.95,travel,"new york, us",pos,0
TXN00004833,CUST1106,2026-07-11 15:48:47,85.9,dining,"miami, us",atm,0
TXN00004834,CUST1413,2026-07-11 15:51:05,60.0,cash_withdrawal,"new york, us",atm,0
TXN00004835,CUST1031,2026-07-11 15:53:49,55.68,grocery,"chicago, us",pos,0
TXN00004836,CUST1292,2026-07-11 16:00:20,195.37,online_retail,"new york, us",web,0
TXN00004837,CUST1180,2026-07-11 16:07:27,47.56,dining,"new york, us",web,0
TXN00004838,CUST1273,2026-07-11 16:14:10,20.0,cash_withdrawal,"houston, us",atm,0
TXN00004839,CUST1144,2026-07-11 16:20:09,26.71,online_retail,"miami, us",web,0
TXN00004840,CUST1306,2026-07-11 16:27:31,567.63,transfer,"chicago, us",mobile,0
TXN00004841,CUST1276,2026-07-11 16:30:01,353.52,transfer,"los angeles, us",pos,0
TXN00004842,CUST1087,2026-07-11 16:31:48,20.43,dining,"new york, us",atm,0
TXN00004843,CUST1166,2026-07-11 16:37:59,654.28,transfer,"houston, us",pos,0
TXN00004844,CUST1361,2026-07-11 16:43:18,203.85,online_retail,"houston, us",mobile,0
TXN00004845,CUST1150,2026-07-11 16:44:38,71.1,grocery,"miami, us",web,0
TXN00004846,CUST1149,2026-07-11 16:52:05,544.76,travel,"los angeles, us",mobile,0
TXN00004847,CUST1294,2026-07-11 16:58:40,367.96,travel,"new york, us",atm,0
TXN00004848,CUST1137,2026-07-11 17:04:56,336.23,online_retail,"miami, us",mobile,0
TXN00004849,CUST1488,2026-07-11 17:11:24,34.5,transfer,"houston, us",web,0
TXN00004850,CUST1440,2026-07-11 17:16:12,498.24,online_retail,"new york, us",mobile,0
TXN00004851,CUST1264,2026-07-11 17:24:09,180.52,online_retail,"chicago, us",web,0
TXN00004852,CUST1461,2026-07-11 17:26:32,159.7,online_retail,"chicago, us",mobile,0
TXN00004853,CUST1348,2026-07-11 17:26:46,21.67,dining,"houston, us",atm,0
TXN00004854,CUST1418,2026-07-11 17:33:30,437.25,online_retail,"chicago, us",web,0
TXN00004855,CUST1049,2026-07-11 17:36:13,126.26,transfer,"houston, us",mobile,0
TXN00004856,CUST1070,2026-07-11 17:38:47,20.0,cash_withdrawal,"miami, us",atm,0
TXN00004857,CUST1493,2026-07-11 17:45:58,234.09,online_retail,"new york, us",mobile,0
TXN00004858,CUST1385,2026-07-11 17:49:05,390.77,travel,"new york, us",mobile,0
TXN00004859,CUST1403,2026-07-11 17:55:55,40.0,cash_withdrawal,"houston, us",atm,0
TXN00004860,CUST1211,2026-07-11 17:59:31,200.0,cash_withdrawal,"miami, us",atm,0
TXN00004861,CUST1471,2026-07-11 18:07:45,40.0,cash_withdrawal,"new york, us",atm,0
TXN00004862,CUST1031,2026-07-11 18:11:22,344.35,travel,"new york, us",atm,0
TXN00004863,CUST1142,2026-07-11 18:18:32,200.0,cash_withdrawal,"new york, us",atm,0
TXN00004864,CUST1444,2026-07-11 18:23:38,100.0,cash_withdrawal,"miami, us",atm,0
TXN00004865,CUST1336,2026-07-11 18:30:15,11.62,online_retail,"miami, us",mobile,0
TXN00004866,CUST1065,2026-07-11 18:36:00,20.0,cash_withdrawal,"chicago, us",atm,0
TXN00004867,CUST1360,2026-07-11 18:36:16,255.75,transfer,"miami, us",atm,0
TXN00004868,CUST1444,2026-07-11 18:40:27,524.26,travel,"miami, us",web,0
TXN00004869,CUST1068,2026-07-11 18:46:11,49.09,grocery,"miami, us",mobile,0
TXN00004870,CUST1128,2026-07-11 18:50:43,10357.89,online_retail,"los angeles, us",web,1
TXN00004871,CUST1075,2026-07-11 18:59:19,20.0,cash_withdrawal,"chicago, us",atm,0
TXN00004872,CUST1365,2026-07-11 19:05:58,146.52,transfer,"los angeles, us",atm,0
TXN00004873,CUST1165,2026-07-11 19:14:15,655.37,travel,"chicago, us",mobile,0
TXN00004874,CUST1425,2026-07-11 19:15:41,9.17,grocery,"new york, us",web,0
TXN00004875,CUST1127,2026-07-11 19:23:14,835.64,travel,"miami, us",atm,0
TXN00004876,CUST1390,2026-07-11 19:26:47,200.0,cash_withdrawal,"miami, us",atm,0
TXN00004877,CUST1432,2026-07-11 19:28:53,60.0,cash_withdrawal,"new york, us",atm,0
TXN00004878,CUST1347,2026-07-11 19:30:59,40.3,dining,"chicago, us",web,0
TXN00004879,CUST1202,2026-07-11 19:37:19,116.32,online_retail,"chicago, us",mobile,0
TXN00004880,CUST1251,2026-07-11 19:43:52,20.0,cash_withdrawal,"houston, us",atm,0
TXN00004881,CUST1073,2026-07-11 19:45:49,300.0,cash_withdrawal,"houston, us",atm,0
TXN00004882,CUST1296,2026-07-11 19:50:01,32.34,online_retail,"miami, us",mobile,0
TXN00004883,CUST1324,2026-07-11 19:52:10,618.9,online_retail,"new york, us",mobile,0
TXN00004884,CUST1138,2026-07-11 19:56:44,861.96,travel,"new york, us",pos,0
TXN00004885,CUST1322,2026-07-11 20:01:54,36.37,dining,"houston, us",web,0
TXN00004886,CUST1213,2026-07-11 20:08:46,48.4,grocery,"new york, us",mobile,0
TXN00004887,CUST1193,2026-07-11 20:13:38,346.43,transfer,"houston, us",web,0
TXN00004888,CUST1232,2026-07-11 20:20:15,26.7,grocery,"new york, us",mobile,0
TXN00004889,CUST1039,2026-07-11 20:24:24,60.0,cash_withdrawal,"houston, us",atm,0
TXN00004890,CUST1325,2026-07-11 20:30:43,76.19,grocery,"los angeles, us",atm,0
TXN00004891,CUST1407,2026-07-11 20:37:49,949.82,travel,"los angeles, us",mobile,0
TXN00004892,CUST1451,2026-07-11 20:41:55,42.67,online_retail,"houston, us",mobile,0
TXN00004893,CUST1394,2026-07-11 20:44:59,504.52,travel,"new york, us",web,0
TXN00004894,CUST1048,2026-07-11 20:51:54,267.43,online_retail,"chicago, us",mobile,0
TXN00004895,CUST1207,2026-07-11 20:52:47,333.87,transfer,"los angeles, us",mobile,0
TXN00004896,CUST1264,2026-07-11 20:55:37,32.0,grocery,"chicago, us",mobile,0
TXN00004897,CUST1384,2026-07-11 21:03:00,1.0,dining,"chicago, us",pos,0
TXN00004898,CUST1143,2026-07-11 21:04:46,108.98,transfer,"new york, us",pos,0
TXN00004899,CUST1356,2026-07-11 21:08:35,219.22,online_retail,"miami, us",web,0
TXN00004900,CUST1480,2026-07-11 21:15:19,200.0,cash_withdrawal,"los angeles, us",atm,0
TXN00004901,CUST1450,2026-07-11 21:23:31,95.38,travel,"houston, us",atm,0
TXN00004902,CUST1189,2026-07-11 21:29:38,100.0,cash_withdrawal,"los angeles, us",atm,0
TXN00004903,CUST1233,2026-07-11 21:33:21,145.97,online_retail,"houston, us",web,0
TXN00004904,CUST1487,2026-07-11 21:35:18,2828.59,online_retail,"sydney, au",web,1
TXN00004905,CUST1250,2026-07-11 21:39:12,95.71,online_retail,"new york, us",web,0
TXN00004906,CUST1168,2026-07-11 21:43:12,42.9,dining,"los angeles, us",pos,0
TXN00004907,CUST1298,2026-07-11 21:50:38,35.43,dining,"miami, us",web,0
TXN00004908,CUST1002,2026-07-11 21:55:33,754.95,travel,"chicago, us",mobile,0
TXN00004909,CUST1445,2026-07-11 21:55:58,200.0,cash_withdrawal,"houston, us",atm,0
TXN00004910,CUST1397,2026-07-11 21:59:19,11.82,dining,"houston, us",atm,0
TXN00004911,CUST1434,2026-07-11 22:00:40,100.0,cash_withdrawal,"los angeles, us",atm,0
TXN00004912,CUST1376,2026-07-11 22:05:45,200.0,cash_withdrawal,"houston, us",atm,0
TXN00004913,CUST1048,2026-07-11 22:13:22,31.83,dining,"los angeles, us",atm,0
TXN00004914,CUST1375,2026-07-11 22:14:37,20.07,transfer,"houston, us",mobile,0
TXN00004915,CUST1498,2026-07-11 22:17:23,18725.02,transfer,"new york, us",web,1
TXN00004916,CUST1235,2026-07-11 22:25:35,49.58,dining,"new york, us",pos,0
TXN00004917,CUST1326,2026-07-11 22:32:02,769.89,travel,"houston, us",mobile,0
TXN00004918,CUST1341,2026-07-11 22:32:16,37.56,online_retail,"chicago, us",web,0
TXN00004919,CUST1358,2026-07-11 22:36:41,29.24,online_retail,"miami, us",web,0
TXN00004920,CUST1184,2026-07-11 22:43:45,20.0,cash_withdrawal,"chicago, us",atm,0
TXN00004921,CUST1436,2026-07-11 22:49:32,637.35,travel,"houston, us",mobile,0
TXN00004922,CUST1033,2026-07-11 22:56:49,406.36,online_retail,"los angeles, us",web,0
TXN00004923,CUST1408,2026-07-11 23:00:00,527.9,travel,"miami, us",pos,0
TXN00004924,CUST1274,2026-07-11 23:03:03,351.21,travel,"miami, us",mobile,0
TXN00004925,CUST1204,2026-07-11 23:05:08,554.62,travel,"los angeles, us",atm,0
TXN00004926,CUST1112,2026-07-11 23:08:52,17.34,grocery,"houston, us",atm,0
TXN00004927,CUST1496,2026-07-11 23:12:39,60.0,cash_withdrawal,"chicago, us",atm,0
TXN00004928,CUST1220,2026-07-11 23:18:40,80.46,online_retail,"los angeles, us",web,0
TXN00004929,CUST1423,2026-07-11 23:25:15,43.57,dining,"miami, us",web,0
TXN00004930,CUST1109,2026-07-11 23:28:51,100.0,cash_withdrawal,"los angeles, us",atm,0
TXN00004931,CUST1254,2026-07-11 23:35:31,71.83,grocery,"houston, us",web,0
TXN00004932,CUST1138,2026-07-11 23:42:19,56.15,dining,"chicago, us",mobile,0
TXN00004933,CUST1166,2026-07-11 23:48:22,27.58,online_retail,"new york, us",web,0
TXN00004934,CUST1425,2026-07-11 23:53:07,913.21,travel,"houston, us",mobile,0
TXN00004935,CUST1146,2026-07-11 23:55:50,72.61,online_retail,"miami, us",web,0
TXN00004936,CUST1173,2026-07-11 23:58:46,487.94,travel,"new york, us",atm,0
TXN00004937,CUST1281,2026-07-12 00:03:56,78.09,dining,"houston, us",mobile,0
TXN00004938,CUST1296,2026-07-12 00:04:17,300.0,cash_withdrawal,"new york, us",atm,0
TXN00004939,CUST1067,2026-07-12 00:09:17,200.0,cash_withdrawal,"los angeles, us",atm,0
TXN00004940,CUST1290,2026-07-12 00:16:09,448.65,travel,"miami, us",web,0
TXN00004941,CUST1437,2026-07-12 00:16:35,233.33,transfer,"houston, us",atm,0
TXN00004942,CUST1249,2026-07-12 00:24:37,612.95,transfer,"los angeles, us",pos,0
TXN00004943,CUST1404,2026-07-12 00:25:58,311.53,online_retail,"los angeles, us",mobile,0
TXN00004944,CUST1176,2026-07-12 00:27:26,11.49,online_retail,"los angeles, us",web,0
TXN00004945,CUST1458,2026-07-12 00:35:56,235.79,online_retail,"miami, us",web,0
TXN00004946,CUST1350,2026-07-12 00:44:13,45.55,dining,"new york, us",web,0
TXN00004947,CUST1391,2026-07-12 00:47:12,218.05,transfer,"new york, us",atm,0
TXN00004948,CUST1025,2026-07-12 00:52:12,1320.45,transfer,"new york, us",pos,0
TXN00004949,CUST1024,2026-07-12 00:57:44,220.71,online_retail,"miami, us",mobile,0
TXN00004950,CUST1051,2026-07-12 01:04:43,300.0,cash_withdrawal,"chicago, us",atm,0
TXN00004951,CUST1321,2026-07-12 01:10:01,594.43,travel,"houston, us",mobile,0
TXN00004952,CUST1402,2026-07-12 01:17:58,100.0,cash_withdrawal,"miami, us",atm,0
TXN00004953,CUST1429,2026-07-12 01:23:19,52.87,online_retail,"los angeles, us",web,0
TXN00004954,CUST1236,2026-07-12 01:28:22,44.52,dining,"houston, us",pos,0
TXN00004955,CUST1009,2026-07-12 01:35:55,50.26,grocery,"los angeles, us",atm,0
TXN00004956,CUST1064,2026-07-12 01:39:25,356.16,travel,"miami, us",pos,0
TXN00004957,CUST1476,2026-07-12 01:47:56,925.88,travel,"chicago, us",mobile,0
TXN00004958,CUST1440,2026-07-12 01:51:21,766.18,travel,"chicago, us",pos,0
TXN00004959,CUST1081,2026-07-12 01:53:15,200.0,cash_withdrawal,"miami, us",atm,0
TXN00004960,CUST1226,2026-07-12 02:01:30,40.0,cash_withdrawal,"los angeles, us",atm,0
TXN00004961,CUST1234,2026-07-12 02:05:00,143.44,transfer,"los angeles, us",atm,0
TXN00004962,CUST1001,2026-07-12 02:05:42,60.0,cash_withdrawal,"new york, us",atm,0
TXN00004963,CUST1491,2026-07-12 02:10:25,547.25,transfer,"houston, us",pos,0
TXN00004964,CUST1220,2026-07-12 02:13:52,461.77,travel,"new york, us",web,0
TXN00004965,CUST1104,2026-07-12 02:15:38,404.5,travel,"chicago, us",web,0
TXN00004966,CUST1353,2026-07-12 02:19:51,41.19,transfer,"miami, us",mobile,0
TXN00004967,CUST1466,2026-07-12 02:20:56,410.07,travel,"los angeles, us",mobile,0
TXN00004968,CUST1068,2026-07-12 02:23:54,41.08,online_retail,"new york, us",web,0
TXN00004969,CUST1452,2026-07-12 02:28:55,100.0,cash_withdrawal,"chicago, us",atm,0
TXN00004970,CUST1333,2026-07-12 02:37:17,131.64,online_retail,"los angeles, us",mobile,0
TXN00004971,CUST1155,2026-07-12 02:41:18,61.66,online_retail,"houston, us",mobile,0
TXN00004972,CUST1082,2026-07-12 02:46:55,3.38,dining,"houston, us",pos,0
TXN00004973,CUST1448,2026-07-12 02:54:43,292.89,travel,"houston, us",pos,0
TXN00004974,CUST1478,2026-07-12 02:57:28,81.1,travel,"miami, us",pos,0
TXN00004975,CUST1449,2026-07-12 02:58:25,20.0,cash_withdrawal,"houston, us",atm,0
TXN00004976,CUST1141,2026-07-12 02:00:02,2194.2,transfer,"new york, us",atm,1
TXN00004977,CUST1048,2026-07-12 03:01:05,578.48,travel,"houston, us",mobile,0
TXN00004978,CUST1336,2026-07-12 03:07:00,335.92,travel,"houston, us",web,0
TXN00004979,CUST1185,2026-07-12 03:11:53,18.83,dining,"miami, us",pos,0
TXN00004980,CUST1129,2026-07-12 03:13:33,36.19,grocery,"new york, us",atm,0
TXN00004981,CUST1043,2026-07-12 03:13:59,239.29,online_retail,"new york, us",mobile,0
TXN00004982,CUST1191,2026-07-12 03:21:12,59.2,transfer,"houston, us",mobile,0
TXN00004983,CUST1341,2026-07-12 03:27:14,30.15,dining,"miami, us",mobile,0
TXN00004984,CUST1463,2026-07-12 03:32:32,161.14,online_retail,"chicago, us",mobile,0
TXN00004985,CUST1333,2026-07-12 03:36:52,43.62,dining,"chicago, us",atm,0
TXN00004986,CUST1085,2026-07-12 03:37:15,69.55,grocery,"los angeles, us",web,0
TXN00004987,CUST1027,2026-07-12 03:39:00,60.0,cash_withdrawal,"miami, us",atm,0
TXN00004988,CUST1203,2026-07-12 03:40:51,44.32,transfer,"chicago, us",pos,0
TXN00004989,CUST1321,2026-07-12 03:41:36,46.96,grocery,"miami, us",mobile,0
TXN00004990,CUST1157,2026-07-12 03:49:32,597.13,transfer,"new york, us",web,0
TXN00004991,CUST1372,2026-07-12 03:57:55,44.41,dining,"los angeles, us",mobile,0
TXN00004992,CUST1359,2026-07-12 04:01:22,12.0,online_retail,"chicago, us",web,0
TXN00004993,CUST1387,2026-07-12 04:03:57,992.47,travel,"chicago, us",web,0
TXN00004994,CUST1120,2026-07-12 04:05:52,839.07,transfer,"new york, us",atm,0
TXN00004995,CUST1220,2026-07-12 04:08:01,617.16,travel,"los angeles, us",mobile,0
TXN00004996,CUST1336,2026-07-12 04:10:40,47.53,grocery,"miami, us",pos,0
TXN00004997,CUST1047,2026-07-12 04:16:27,120.3,transfer,"los angeles, us",pos,0
TXN00004998,CUST1361,2026-07-12 04:21:05,122.31,transfer,"los angeles, us",web,0
TXN00004999,CUST1049,2026-07-12 04:21:50,60.0,cash_withdrawal,"miami, us",atm,0
TXN00005000,CUST1001,2026-07-12 04:25:52,44.24,dining,"los angeles, us",web,0
TXN00005001,CUST1110,2026-07-12 04:26:31,161.99,transfer,"houston, us",atm,0
TXN00005002,CUST1245,2026-07-12 04:29:49,58.65,dining,"new york, us",web,0
TXN00005003,CUST1040,2026-07-12 04:34:24,16.5,grocery,"new york, us",atm,0
TXN00005004,CUST1068,2026-07-12 04:34:39,722.03,travel,"houston, us",mobile,0
TXN00005005,CUST1304,2026-07-12 04:36:16,22.64,dining,"chicago, us",mobile,0
TXN00005006,CUST1116,2026-07-12 04:39:13,42.31,grocery,"chicago, us",atm,0
TXN00005007,CUST1266,2026-07-12 04:46:43,114.98,online_retail,"new york, us",mobile,0
TXN00005008,CUST1349,2026-07-12 04:54:38,248.77,online_retail,"houston, us",web,0
TXN00005009,CUST1228,2026-07-12 04:58:18,22.04,dining,"chicago, us",atm,0
TXN00005010,CUST1005,2026-07-12 05:01:48,61.86,grocery,"miami, us",atm,0
TXN00005011,CUST1005,2026-07-12 05:03:18,66.01,dining,"chicago, us",pos,0
TXN00005012,CUST1357,2026-07-12 05:11:54,52.45,grocery,"miami, us",web,0
TXN00005013,CUST1176,2026-07-12 05:13:00,32.07,grocery,"houston, us",mobile,0
TXN00005014,CUST1419,2026-07-12 05:14:16,544.84,travel,"houston, us",web,0
TXN00005015,CUST1062,2026-07-12 05:19:00,38.87,grocery,"miami, us",mobile,0
TXN00005016,CUST1441,2026-07-12 05:22:44,40.0,cash_withdrawal,"houston, us",atm,0
TXN00005017,CUST1217,2026-07-12 05:26:58,90.04,online_retail,"new york, us",web,0
TXN00005018,CUST1356,2026-07-12 05:33:28,16.09,online_retail,"new york, us",web,0
TXN00005019,CUST1068,2026-07-12 05:34:13,566.46,travel,"new york, us",atm,0
TXN00005020,CUST1245,2026-07-12 05:37:42,100.0,cash_withdrawal,"los angeles, us",atm,0
TXN00005021,CUST1037,2026-07-12 05:46:01,48.24,dining,"miami, us",mobile,0
TXN00005022,CUST1118,2026-07-12 05:53:53,16.61,online_retail,"los angeles, us",web,0
TXN00005023,CUST1197,2026-07-12 06:01:26,79.2,transfer,"miami, us",web,0
TXN00005024,CUST1046,2026-07-12 06:03:21,58.36,grocery,"miami, us",pos,0
TXN00005025,CUST1375,2026-07-12 06:04:37,566.46,travel,"miami, us",mobile,0
TXN00005026,CUST1413,2026-07-12 06:12:12,65.67,transfer,"miami, us",atm,0
TXN00005027,CUST1053,2026-07-12 06:14:07,44.0,grocery,"los angeles, us",mobile,0
TXN00005028,CUST1053,2026-07-12 06:16:55,1213.09,transfer,"chicago, us",mobile,0
TXN00005029,CUST1161,2026-07-12 06:20:46,667.32,travel,"los angeles, us",atm,0
TXN00005030,CUST1189,2026-07-12 06:27:54,66.3,dining,"chicago, us",atm,0
TXN00005031,CUST1452,2026-07-12 06:34:07,41.52,grocery,"los angeles, us",mobile,0
TXN00005032,CUST1154,2026-07-12 06:39:57,200.0,cash_withdrawal,"los angeles, us",atm,0
TXN00005033,CUST1071,2026-07-12 06:44:10,72.92,online_retail,"houston, us",web,0
TXN00005034,CUST1196,2026-07-12 06:45:41,300.0,cash_withdrawal,"houston, us",atm,0
TXN00005035,CUST1397,2026-07-12 06:51:00,158.2,online_retail,"houston, us",mobile,0
TXN00005036,CUST1417,2026-07-12 06:56:04,83.96,transfer,"los angeles, us",mobile,0
TXN00005037,CUST1386,2026-07-12 07:04:14,895.47,travel,"chicago, us",mobile,0
TXN00005038,CUST1448,2026-07-12 07:07:02,720.23,travel,"miami, us",web,0
TXN00005039,CUST1069,2026-07-12 07:12:12,46.96,grocery,"chicago, us",mobile,0
TXN00005040,CUST1329,2026-07-12 07:14:05,467.93,travel,"houston, us",pos,0
TXN00005041,CUST1347,2026-07-12 07:18:32,9705.55,transfer,"los angeles, us",web,1
TXN00005042,CUST1074,2026-07-12 07:24:48,322.89,transfer,"los angeles, us",web,0
TXN00005043,CUST1036,2026-07-12 07:30:48,35.45,grocery,"miami, us",web,0
TXN00005044,CUST1272,2026-07-12 07:34:52,292.25,transfer,"houston, us",atm,0
TXN00005045,CUST1289,2026-07-12 07:37:23,44.04,grocery,"houston, us",web,0
TXN00005046,CUST1005,2026-07-12 07:39:16,31.14,dining,"miami, us",pos,0
TXN00005047,CUST1313,2026-07-12 07:39:29,67.73,grocery,"los angeles, us",pos,0
TXN00005048,CUST1333,2026-07-12 07:48:06,100.0,cash_withdrawal,"chicago, us",atm,0
TXN00005049,CUST1085,2026-07-12 07:49:29,62.56,transfer,"miami, us",pos,0
TXN00005050,CUST1226,2026-07-12 07:53:27,40.79,grocery,"houston, us",atm,0
TXN00005051,CUST1180,2026-07-12 07:54:09,63.48,online_retail,"new york, us",mobile,0
TXN00005052,CUST1370,2026-07-12 08:01:21,39.35,grocery,"los angeles, us",mobile,0
TXN00005053,CUST1110,2026-07-12 08:04:55,164.42,online_retail,"miami, us",web,0
TXN00005054,CUST1322,2026-07-12 08:10:14,1002.2,travel,"houston, us",mobile,0
TXN00005055,CUST1384,2026-07-12 08:17:17,56.56,dining,"chicago, us",mobile,0
TXN00005056,CUST1078,2026-07-12 08:19:33,872.72,travel,"los angeles, us",atm,0
TXN00005057,CUST1471,2026-07-12 08:24:12,20.0,cash_withdrawal,"los angeles, us",atm,0
TXN00005058,CUST1211,2026-07-12 08:27:10,20.0,cash_withdrawal,"los angeles, us",atm,0
TXN00005059,CUST1316,2026-07-12 08:35:06,88.48,transfer,"chicago, us",atm,0
TXN00005060,CUST1352,2026-07-12 08:40:07,484.27,travel,"los angeles, us",mobile,0
TXN00005061,CUST1227,2026-07-12 08:47:47,209.92,transfer,"houston, us",atm,0
TXN00005062,CUST1441,2026-07-12 08:52:08,42.13,grocery,"los angeles, us",web,0
TXN00005063,CUST1112,2026-07-12 08:56:13,49.87,dining,"new york, us",mobile,0
TXN00005064,CUST1045,2026-07-12 09:00:19,65.92,dining,"chicago, us",atm,0
TXN00005065,CUST1460,2026-07-12 09:05:23,33.39,grocery,"houston, us",web,0
TXN00005066,CUST1052,2026-07-12 09:05:53,32.69,dining,"houston, us",pos,0
TXN00005067,CUST1072,2026-07-12 09:12:20,151.17,online_retail,"miami, us",web,0
TXN00005068,CUST1386,2026-07-12 09:13:16,562.18,travel,"chicago, us",mobile,0
TXN00005069,CUST1064,2026-07-12 09:15:53,448.96,travel,"los angeles, us",atm,0
TXN00005070,CUST1302,2026-07-12 09:21:33,254.13,travel,"new york, us",web,0
TXN00005071,CUST1374,2026-07-12 09:29:14,465.96,travel,"los angeles, us",pos,0
TXN00005072,CUST1197,2026-07-12 09:37:14,745.15,transfer,"houston, us",atm,0
TXN00005073,CUST1180,2026-07-12 09:41:17,46.04,grocery,"chicago, us",pos,0
TXN00005074,CUST1494,2026-07-12 09:44:24,49.89,grocery,"los angeles, us",web,0
TXN00005075,CUST1220,2026-07-12 09:50:32,29.73,online_retail,"miami, us",web,0
TXN00005076,CUST1162,2026-07-12 09:57:53,46.77,grocery,"new york, us",web,0
TXN00005077,CUST1406,2026-07-12 10:04:07,57.09,grocery,"chicago, us",web,0
TXN00005078,CUST1072,2026-07-12 10:11:02,46.8,grocery,"los angeles, us",mobile,0
TXN00005079,CUST1127,2026-07-12 10:13:44,765.68,travel,"miami, us",web,0
TXN00005080,CUST1142,2026-07-12 10:17:14,257.35,transfer,"houston, us",web,0
TXN00005081,CUST1331,2026-07-12 10:22:37,23.86,dining,"chicago, us",pos,0
TXN00005082,CUST1044,2026-07-12 10:29:48,333.75,online_retail,"houston, us",web,0
TXN00005083,CUST1128,2026-07-12 03:36:52,5100.96,cash_withdrawal,"miami, us",mobile,1
TXN00005084,CUST1284,2026-07-12 10:44:17,252.44,travel,"chicago, us",mobile,0
TXN00005085,CUST1308,2026-07-12 10:45:56,74.54,transfer,"los angeles, us",atm,0
TXN00005086,CUST1308,2026-07-12 10:49:38,639.44,travel,"los angeles, us",atm,0
TXN00005087,CUST1370,2026-07-12 10:51:55,46.31,grocery,"miami, us",pos,0
TXN00005088,CUST1312,2026-07-12 10:53:36,79.8,online_retail,"new york, us",web,0
TXN00005089,CUST1146,2026-07-12 11:01:26,223.96,online_retail,"new york, us",web,0
TXN00005090,CUST1399,2026-07-12 11:06:52,144.12,transfer,"miami, us",pos,0
TXN00005091,CUST1482,2026-07-12 11:13:17,58.94,grocery,"houston, us",web,0
TXN00005092,CUST1354,2026-07-12 11:17:08,465.68,online_retail,"new york, us",web,0
TXN00005093,CUST1014,2026-07-12 11:21:12,754.53,travel,"los angeles, us",web,0
TXN00005094,CUST1435,2026-07-12 11:24:38,329.16,online_retail,"los angeles, us",web,0
TXN00005095,CUST1434,2026-07-12 11:32:34,5744.09,online_retail,"los angeles, us",mobile,1
TXN00005096,CUST1338,2026-07-12 11:38:21,977.36,travel,"chicago, us",web,0
TXN00005097,CUST1449,2026-07-12 11:40:04,539.92,travel,"miami, us",web,0
TXN00005098,CUST1155,2026-07-12 11:46:11,20.0,cash_withdrawal,"miami, us",atm,0
TXN00005099,CUST1106,2026-07-12 11:51:12,182.53,travel,"houston, us",web,0
TXN00005100,CUST1266,2026-07-12 11:52:10,785.98,travel,"miami, us",atm,0
TXN00005101,CUST1311,2026-07-12 11:55:41,391.82,travel,"chicago, us",mobile,0
TXN00005102,CUST1261,2026-07-12 12:01:48,387.38,online_retail,"chicago, us",mobile,0
TXN00005103,CUST1097,2026-07-12 12:10:02,3.12,dining,"new york, us",mobile,0
TXN00005104,CUST1383,2026-07-12 12:10:34,377.42,travel,"houston, us",pos,0
TXN00005105,CUST1201,2026-07-12 12:12:46,498.76,online_retail,"new york, us",mobile,0
TXN00005106,CUST1152,2026-07-12 12:20:29,196.56,transfer,"chicago, us",mobile,0
TXN00005107,CUST1331,2026-07-12 12:28:04,221.44,transfer,"new york, us",atm,0
TXN00005108,CUST1028,2026-07-12 12:29:34,60.47,grocery,"miami, us",atm,0
TXN00005109,CUST1402,2026-07-12 12:32:04,46.21,grocery,"miami, us",mobile,0
TXN00005110,CUST1460,2026-07-12 12:39:45,70.27,dining,"new york, us",mobile,0
TXN00005111,CUST1407,2026-07-12 12:45:16,47.96,dining,"new york, us",atm,0
TXN00005112,CUST1489,2026-07-12 12:50:01,521.09,transfer,"houston, us",mobile,0
TXN00005113,CUST1123,2026-07-12 12:52:40,38.0,grocery,"new york, us",pos,0
TXN00005114,CUST1254,2026-07-12 12:58:31,586.1,transfer,"chicago, us",pos,0
TXN00005115,CUST1198,2026-07-12 13:06:30,21.38,grocery,"los angeles, us",web,0
TXN00005116,CUST1058,2026-07-12 13:07:14,20.0,cash_withdrawal,"chicago, us",atm,0
TXN00005117,CUST1124,2026-07-12 13:13:21,40.0,cash_withdrawal,"houston, us",atm,0
TXN00005118,CUST1256,2026-07-12 13:19:42,155.42,transfer,"chicago, us",web,0
TXN00005119,CUST1327,2026-07-12 13:26:01,67.87,dining,"new york, us",pos,0
TXN00005120,CUST1305,2026-07-12 13:33:52,777.64,travel,"los angeles, us",pos,0
TXN00005121,CUST1037,2026-07-12 13:35:53,510.58,transfer,"los angeles, us",pos,0
TXN00005122,CUST1271,2026-07-12 13:43:48,289.69,online_retail,"new york, us",web,0
TXN00005123,CUST1456,2026-07-12 13:48:10,41.66,grocery,"chicago, us",pos,0
TXN00005124,CUST1007,2026-07-12 13:51:50,567.48,travel,"los angeles, us",atm,0
TXN00005125,CUST1185,2026-07-12 14:00:28,200.0,cash_withdrawal,"miami, us",atm,0
TXN00005126,CUST1479,2026-07-12 14:07:08,87.09,online_retail,"los angeles, us",web,0
TXN00005127,CUST1163,2026-07-12 14:12:01,28.91,dining,"miami, us",mobile,0
TXN00005128,CUST1068,2026-07-12 14:13:13,217.32,online_retail,"chicago, us",mobile,0
TXN00005129,CUST1199,2026-07-12 14:16:31,200.0,cash_withdrawal,"new york, us",atm,0
TXN00005130,CUST1441,2026-07-12 14:17:20,100.0,cash_withdrawal,"new york, us",atm,0
TXN00005131,CUST1430,2026-07-12 14:23:56,1085.0,travel,"new york, us",pos,0
TXN00005132,CUST1292,2026-07-12 14:24:59,69.88,grocery,"los angeles, us",web,0
TXN00005133,CUST1216,2026-07-12 14:29:27,81.89,transfer,"chicago, us",pos,0
TXN00005134,CUST1188,2026-07-12 14:36:09,11.86,dining,"miami, us",web,0
TXN00005135,CUST1280,2026-07-12 14:42:58,435.13,transfer,"chicago, us",atm,0
TXN00005136,CUST1350,2026-07-12 14:45:54,246.18,travel,"houston, us",mobile,0
TXN00005137,CUST1089,2026-07-12 14:49:33,53.28,grocery,"houston, us",web,0
TXN00005138,CUST1391,2026-07-12 14:53:33,60.19,dining,"chicago, us",atm,0
TXN00005139,CUST1242,2026-07-12 14:55:07,37.33,grocery,"houston, us",pos,0
TXN00005140,CUST1489,2026-07-12 14:57:26,217.68,transfer,"new york, us",mobile,0
TXN00005141,CUST1395,2026-07-12 14:59:22,46.51,online_retail,"miami, us",mobile,0
TXN00005142,CUST1038,2026-07-12 15:03:51,100.0,cash_withdrawal,"new york, us",atm,0
TXN00005143,CUST1009,2026-07-12 15:04:23,522.92,online_retail,"chicago, us",web,0
TXN00005144,CUST1301,2026-07-12 15:08:29,36.74,grocery,"los angeles, us",atm,0
TXN00005145,CUST1035,2026-07-12 15:08:52,100.0,cash_withdrawal,"new york, us",atm,0
TXN00005146,CUST1008,2026-07-12 02:09:39,7336.71,transfer,"houston, us",mobile,1
TXN00005147,CUST1135,2026-07-12 15:15:16,121.68,online_retail,"los angeles, us",web,0
TXN00005148,CUST1111,2026-07-12 15:21:21,714.27,dining,"mumbai, in",web,1
TXN00005149,CUST1021,2026-07-12 15:27:16,107.18,transfer,"los angeles, us",atm,0
TXN00005150,CUST1473,2026-07-12 15:33:49,40.0,cash_withdrawal,"houston, us",atm,0
TXN00005151,CUST1031,2026-07-12 15:37:55,1.0,dining,"houston, us",mobile,0
TXN00005152,CUST1486,2026-07-12 15:41:20,34.46,grocery,"los angeles, us",atm,0
TXN00005153,CUST1405,2026-07-12 15:44:25,300.0,cash_withdrawal,"chicago, us",atm,0
TXN00005154,CUST1204,2026-07-12 15:50:56,47.8,grocery,"miami, us",pos,0
TXN00005155,CUST1260,2026-07-12 15:54:30,200.0,cash_withdrawal,"miami, us",atm,0
TXN00005156,CUST1147,2026-07-12 16:01:58,89.19,transfer,"new york, us",pos,0
TXN00005157,CUST1322,2026-07-12 16:03:47,100.0,cash_withdrawal,"houston, us",atm,0
TXN00005158,CUST1365,2026-07-12 16:07:20,10.14,online_retail,"miami, us",web,0
TXN00005159,CUST1257,2026-07-12 16:07:49,788.17,travel,"los angeles, us",atm,0
TXN00005160,CUST1393,2026-07-12 16:08:04,200.0,cash_withdrawal,"miami, us",atm,0
TXN00005161,CUST1213,2026-07-12 16:10:22,568.09,transfer,"chicago, us",pos,0
TXN00005162,CUST1217,2026-07-12 16:11:30,259.99,transfer,"chicago, us",pos,0
TXN00005163,CUST1360,2026-07-12 16:17:43,34.93,online_retail,"houston, us",mobile,0
TXN00005164,CUST1206,2026-07-12 16:25:42,32.19,grocery,"houston, us",web,0
TXN00005165,CUST1043,2026-07-12 16:27:01,53.43,dining,"chicago, us",web,0
TXN00005166,CUST1328,2026-07-12 16:29:58,982.01,travel,"chicago, us",mobile,0
TXN00005167,CUST1275,2026-07-12 16:35:51,207.1,online_retail,"chicago, us",web,0
TXN00005168,CUST1276,2026-07-12 16:42:24,460.57,transfer,"miami, us",web,0
TXN00005169,CUST1316,2026-07-12 16:46:31,60.0,cash_withdrawal,"miami, us",atm,0
TXN00005170,CUST1079,2026-07-12 16:50:49,615.02,travel,"miami, us",atm,0
TXN00005171,CUST1143,2026-07-12 16:54:55,47.77,dining,"houston, us",web,0
TXN00005172,CUST1043,2026-07-12 16:55:39,912.38,travel,"chicago, us",atm,0
TXN00005173,CUST1159,2026-07-12 16:56:31,20.0,cash_withdrawal,"houston, us",atm,0
TXN00005174,CUST1041,2026-07-12 17:01:21,13.34,dining,"los angeles, us",pos,0
TXN00005175,CUST1262,2026-07-12 17:07:07,512.64,travel,"los angeles, us",mobile,0
TXN00005176,CUST1472,2026-07-12 17:09:21,527.43,transfer,"new york, us",atm,0
TXN00005177,CUST1105,2026-07-12 17:15:36,406.86,travel,"new york, us",web,0
TXN00005178,CUST1499,2026-07-12 17:23:52,146.44,online_retail,"new york, us",mobile,0
TXN00005179,CUST1414,2026-07-12 17:27:46,41.05,grocery,"houston, us",web,0
TXN00005180,CUST1080,2026-07-12 17:29:07,14.15,grocery,"miami, us",pos,0
TXN00005181,CUST1275,2026-07-12 17:33:18,43.82,grocery,"los angeles, us",atm,0
TXN00005182,CUST1168,2026-07-12 17:40:28,60.0,cash_withdrawal,"los angeles, us",atm,0
TXN00005183,CUST1201,2026-07-12 17:43:00,58.27,dining,"new york, us",web,0
TXN00005184,CUST1301,2026-07-12 17:50:20,58.06,grocery,"houston, us",pos,0
TXN00005185,CUST1325,2026-07-12 17:51:52,707.05,travel,"los angeles, us",pos,0
TXN00005186,CUST1391,2026-07-12 17:53:29,80.2,transfer,"chicago, us",mobile,0
TXN00005187,CUST1428,2026-07-12 18:00:48,297.96,travel,"los angeles, us",pos,0
TXN00005188,CUST1333,2026-07-12 18:01:07,193.93,online_retail,"los angeles, us",web,0
TXN00005189,CUST1349,2026-07-12 18:06:27,46.23,grocery,"chicago, us",atm,0
TXN00005190,CUST1330,2026-07-12 18:07:28,83.68,dining,"houston, us",pos,0
TXN00005191,CUST1034,2026-07-12 18:09:08,40.0,cash_withdrawal,"chicago, us",atm,0
TXN00005192,CUST1159,2026-07-12 18:11:48,51.41,dining,"houston, us",mobile,0
TXN00005193,CUST1358,2026-07-12 18:13:01,41.29,grocery,"new york, us",mobile,0
TXN00005194,CUST1224,2026-07-12 18:17:44,447.15,travel,"chicago, us",mobile,0
TXN00005195,CUST1374,2026-07-12 18:24:13,38.14,dining,"chicago, us",pos,0
TXN00005196,CUST1489,2026-07-12 18:27:43,540.12,travel,"houston, us",mobile,0
TXN00005197,CUST1434,2026-07-12 18:29:19,133.06,online_retail,"miami, us",web,0
TXN00005198,CUST1123,2026-07-12 18:30:08,20.0,cash_withdrawal,"los angeles, us",atm,0
TXN00005199,CUST1030,2026-07-12 18:36:01,605.44,transfer,"new york, us",atm,0
TXN00005200,CUST1126,2026-07-12 18:42:41,417.09,travel,"houston, us",mobile,0
TXN00005201,CUST1045,2026-07-12 18:42:56,78.36,grocery,"los angeles, us",web,0
TXN00005202,CUST1474,2026-07-12 18:48:52,938.05,transfer,"new york, us",pos,0
TXN00005203,CUST1223,2026-07-12 18:51:21,46.66,dining,"houston, us",pos,0
TXN00005204,CUST1060,2026-07-12 18:52:49,122.49,online_retail,"chicago, us",mobile,0
TXN00005205,CUST1233,2026-07-12 18:56:44,43.4,dining,"miami, us",pos,0
TXN00005206,CUST1314,2026-07-12 18:59:57,447.94,travel,"los angeles, us",pos,0
TXN00005207,CUST1312,2026-07-12 19:01:38,690.78,travel,"houston, us",atm,0
TXN00005208,CUST1029,2026-07-12 19:03:38,300.0,cash_withdrawal,"chicago, us",atm,0
TXN00005209,CUST1159,2026-07-12 19:09:53,54.67,grocery,"los angeles, us",web,0
TXN00005210,CUST1342,2026-07-12 19:10:20,21.66,grocery,"miami, us",mobile,0
TXN00005211,CUST1380,2026-07-12 19:18:07,1103.82,travel,"new york, us",mobile,0
TXN00005212,CUST1337,2026-07-12 19:24:02,74.55,transfer,"los angeles, us",atm,0
TXN00005213,CUST1380,2026-07-12 19:28:44,163.28,transfer,"los angeles, us",atm,0
TXN00005214,CUST1090,2026-07-12 19:30:44,20.0,cash_withdrawal,"los angeles, us",atm,0
TXN00005215,CUST1062,2026-07-12 19:34:40,69.36,grocery,"los angeles, us",mobile,0
TXN00005216,CUST1007,2026-07-12 19:40:46,46.95,dining,"chicago, us",mobile,0
TXN00005217,CUST1363,2026-07-12 19:41:20,621.67,travel,"miami, us",mobile,0
TXN00005218,CUST1071,2026-07-12 19:48:38,688.92,travel,"new york, us",mobile,0
TXN00005219,CUST1360,2026-07-12 19:54:13,450.91,transfer,"new york, us",web,0
TXN00005220,CUST1006,2026-07-12 20:01:18,52.87,grocery,"miami, us",web,0
TXN00005221,CUST1084,2026-07-12 20:05:55,20.0,cash_withdrawal,"houston, us",atm,0
TXN00005222,CUST1255,2026-07-12 20:11:33,281.38,travel,"los angeles, us",mobile,0
TXN00005223,CUST1488,2026-07-12 20:17:22,349.6,transfer,"new york, us",web,0
TXN00005224,CUST1178,2026-07-12 20:23:38,312.96,transfer,"los angeles, us",mobile,0
TXN00005225,CUST1268,2026-07-12 20:29:25,55.69,grocery,"miami, us",atm,0
TXN00005226,CUST1265,2026-07-12 20:37:14,40.0,cash_withdrawal,"new york, us",atm,0
TXN00005227,CUST1401,2026-07-12 20:38:16,561.24,online_retail,"london, uk",mobile,1
TXN00005228,CUST1422,2026-07-12 20:41:45,97.28,grocery,"houston, us",mobile,0
TXN00005229,CUST1370,2026-07-12 20:47:48,40.0,cash_withdrawal,"los angeles, us",atm,0
TXN00005230,CUST1133,2026-07-12 20:50:35,142.14,transfer,"houston, us",atm,0
TXN00005231,CUST1086,2026-07-12 20:54:32,33.15,grocery,"houston, us",mobile,0
TXN00005232,CUST1191,2026-07-12 20:55:08,200.0,cash_withdrawal,"chicago, us",atm,0
TXN00005233,CUST1065,2026-07-12 21:00:24,200.0,cash_withdrawal,"houston, us",atm,0
TXN00005234,CUST1384,2026-07-12 21:00:36,40.0,cash_withdrawal,"new york, us",atm,0
TXN00005235,CUST1400,2026-07-12 21:01:10,28.82,grocery,"los angeles, us",mobile,0
TXN00005236,CUST1448,2026-07-12 21:07:55,51.35,grocery,"houston, us",mobile,0
TXN00005237,CUST1138,2026-07-12 21:11:18,29.56,dining,"houston, us",atm,0
TXN00005238,CUST1376,2026-07-12 21:18:00,60.0,cash_withdrawal,"los angeles, us",atm,0
TXN00005239,CUST1454,2026-07-12 21:19:53,50.14,dining,"houston, us",atm,0
TXN00005240,CUST1061,2026-07-12 03:27:58,2052.28,cash_withdrawal,"houston, us",mobile,1
TXN00005241,CUST1395,2026-07-12 21:30:15,191.94,transfer,"chicago, us",pos,0
TXN00005242,CUST1461,2026-07-12 21:33:36,409.93,travel,"los angeles, us",atm,0
TXN00005243,CUST1016,2026-07-12 21:41:31,117.2,transfer,"chicago, us",atm,0
TXN00005244,CUST1172,2026-07-12 21:43:43,60.0,cash_withdrawal,"new york, us",atm,0
TXN00005245,CUST1414,2026-07-12 21:45:35,265.05,transfer,"miami, us",pos,0
TXN00005246,CUST1220,2026-07-12 21:46:31,1083.11,travel,"houston, us",atm,0
TXN00005247,CUST1140,2026-07-12 21:46:49,73.93,online_retail,"houston, us",web,0
TXN00005248,CUST1269,2026-07-12 21:50:34,200.0,cash_withdrawal,"miami, us",atm,0
TXN00005249,CUST1033,2026-07-12 21:50:58,19.02,grocery,"miami, us",pos,0
TXN00005250,CUST1135,2026-07-12 21:59:34,20.0,cash_withdrawal,"miami, us",atm,0
TXN00005251,CUST1365,2026-07-12 21:59:51,50.43,grocery,"houston, us",mobile,0
TXN00005252,CUST1500,2026-07-12 22:02:53,80.55,travel,"chicago, us",mobile,0
TXN00005253,CUST1296,2026-07-12 22:10:03,389.87,online_retail,"chicago, us",web,0
TXN00005254,CUST1322,2026-07-12 22:11:51,11.81,online_retail,"miami, us",mobile,0
TXN00005255,CUST1040,2026-07-12 22:17:49,519.93,travel,"houston, us",mobile,0
TXN00005256,CUST1255,2026-07-12 22:23:41,130.72,online_retail,"houston, us",mobile,0
TXN00005257,CUST1234,2026-07-12 22:24:23,573.47,travel,"miami, us",pos,0
TXN00005258,CUST1262,2026-07-12 22:26:25,75.57,grocery,"houston, us",web,0
TXN00005259,CUST1185,2026-07-12 22:34:45,85.86,grocery,"chicago, us",web,0
TXN00005260,CUST1029,2026-07-12 22:42:26,47.54,dining,"los angeles, us",pos,0
TXN00005261,CUST1256,2026-07-12 22:43:25,38.0,dining,"new york, us",atm,0
TXN00005262,CUST1440,2026-07-12 22:50:23,94.09,online_retail,"miami, us",web,0
TXN00005263,CUST1291,2026-07-12 22:57:40,300.0,cash_withdrawal,"chicago, us",atm,0
TXN00005264,CUST1086,2026-07-12 23:04:55,100.0,cash_withdrawal,"new york, us",atm,0
TXN00005265,CUST1189,2026-07-12 23:10:45,21.68,online_retail,"houston, us",web,0
TXN00005266,CUST1081,2026-07-12 23:12:20,53.67,transfer,"houston, us",atm,0
TXN00005267,CUST1131,2026-07-12 23:18:40,282.54,online_retail,"chicago, us",web,0
TXN00005268,CUST1396,2026-07-12 23:20:15,201.09,travel,"new york, us",mobile,0
TXN00005269,CUST1053,2026-07-12 23:20:47,25.7,dining,"new york, us",pos,0
TXN00005270,CUST1458,2026-07-12 23:24:29,447.52,travel,"miami, us",pos,0
TXN00005271,CUST1294,2026-07-12 23:29:01,100.0,cash_withdrawal,"houston, us",atm,0
TXN00005272,CUST1346,2026-07-12 23:30:06,230.91,transfer,"chicago, us",atm,0
TXN00005273,CUST1371,2026-07-12 23:37:13,229.64,online_retail,"chicago, us",web,0
TXN00005274,CUST1060,2026-07-12 23:40:10,20.0,cash_withdrawal,"new york, us",atm,0
TXN00005275,CUST1117,2026-07-12 23:43:05,19.59,online_retail,"new york, us",mobile,0
TXN00005276,CUST1380,2026-07-12 23:48:02,20.3,dining,"new york, us",web,0
TXN00005277,CUST1261,2026-07-12 23:53:32,5546.92,transfer,"chicago, us",mobile,1
TXN00005278,CUST1002,2026-07-12 23:55:19,52.98,grocery,"los angeles, us",web,0
TXN00005279,CUST1023,2026-07-13 00:00:48,18.13,online_retail,"los angeles, us",mobile,0
TXN00005280,CUST1440,2026-07-13 00:02:44,200.0,cash_withdrawal,"houston, us",atm,0
TXN00005281,CUST1442,2026-07-13 00:10:52,580.23,travel,"chicago, us",web,0
TXN00005282,CUST1007,2026-07-13 00:15:39,455.22,travel,"chicago, us",atm,0
TXN00005283,CUST1126,2026-07-13 00:19:11,30.38,dining,"los angeles, us",pos,0
TXN00005284,CUST1024,2026-07-13 00:27:21,184.31,transfer,"miami, us",pos,0
TXN00005285,CUST1242,2026-07-13 00:31:10,60.44,grocery,"new york, us",pos,0
TXN00005286,CUST1187,2026-07-13 00:32:21,38.78,dining,"new york, us",pos,0
TXN00005287,CUST1197,2026-07-13 00:34:29,41.72,grocery,"houston, us",pos,0
TXN00005288,CUST1472,2026-07-13 00:36:28,278.55,transfer,"chicago, us",mobile,0
TXN00005289,CUST1077,2026-07-13 00:37:32,22.22,grocery,"los angeles, us",atm,0
TXN00005290,CUST1092,2026-07-13 00:40:44,40.0,cash_withdrawal,"houston, us",atm,0
TXN00005291,CUST1477,2026-07-13 00:43:39,795.9,travel,"miami, us",atm,0
TXN00005292,CUST1492,2026-07-13 00:45:17,66.87,online_retail,"houston, us",web,0
TXN00005293,CUST1440,2026-07-13 00:45:34,34.47,dining,"chicago, us",atm,0
TXN00005294,CUST1019,2026-07-13 00:49:09,395.99,travel,"chicago, us",mobile,0
TXN00005295,CUST1284,2026-07-13 00:54:53,60.0,cash_withdrawal,"miami, us",atm,0
TXN00005296,CUST1412,2026-07-13 00:57:44,200.0,cash_withdrawal,"new york, us",atm,0
TXN00005297,CUST1468,2026-07-13 00:58:00,200.0,cash_withdrawal,"new york, us",atm,0
TXN00005298,CUST1366,2026-07-13 01:01:29,53.26,grocery,"chicago, us",atm,0
TXN00005299,CUST1380,2026-07-13 01:03:27,1036.85,transfer,"new york, us",pos,0
TXN00005300,CUST1336,2026-07-13 01:07:31,33.47,dining,"chicago, us",mobile,0
TXN00005301,CUST1215,2026-07-13 01:09:33,200.0,cash_withdrawal,"houston, us",atm,0
TXN00005302,CUST1115,2026-07-13 01:10:16,71.97,dining,"chicago, us",web,0
TXN00005303,CUST1165,2026-07-13 01:16:02,800.53,travel,"miami, us",mobile,0
TXN00005304,CUST1128,2026-07-13 01:23:09,60.36,online_retail,"new york, us",web,0
TXN00005305,CUST1214,2026-07-13 01:25:41,60.0,cash_withdrawal,"new york, us",atm,0
TXN00005306,CUST1469,2026-07-13 01:31:23,25.43,dining,"houston, us",atm,0
TXN00005307,CUST1369,2026-07-13 01:36:52,200.0,cash_withdrawal,"chicago, us",atm,0
TXN00005308,CUST1164,2026-07-13 01:40:10,82.23,grocery,"new york, us",web,0
TXN00005309,CUST1139,2026-07-13 01:40:42,100.0,cash_withdrawal,"new york, us",atm,0
TXN00005310,CUST1423,2026-07-13 01:41:26,74.31,grocery,"new york, us",atm,0
TXN00005311,CUST1040,2026-07-13 01:49:09,48.3,grocery,"chicago, us",mobile,0
TXN00005312,CUST1293,2026-07-13 01:51:10,59.68,online_retail,"los angeles, us",web,0
TXN00005313,CUST1191,2026-07-13 01:54:50,729.24,travel,"chicago, us",web,0
TXN00005314,CUST1062,2026-07-13 01:57:34,544.62,travel,"los angeles, us",mobile,0
TXN00005315,CUST1258,2026-07-13 02:04:16,39.55,dining,"chicago, us",web,0
TXN00005316,CUST1345,2026-07-13 02:09:32,100.0,cash_withdrawal,"miami, us",atm,0
TXN00005317,CUST1462,2026-07-13 02:13:57,751.87,transfer,"miami, us",web,0
TXN00005318,CUST1027,2026-07-13 02:22:30,26.22,dining,"houston, us",pos,0
TXN00005319,CUST1092,2026-07-13 02:31:07,60.0,cash_withdrawal,"houston, us",atm,0
TXN00005320,CUST1115,2026-07-13 02:32:09,151.38,online_retail,"chicago, us",web,0
TXN00005321,CUST1412,2026-07-13 02:38:23,196.03,travel,"new york, us",atm,0
TXN00005322,CUST1265,2026-07-13 02:43:07,45.99,dining,"houston, us",web,0
TXN00005323,CUST1024,2026-07-13 02:50:02,833.11,travel,"new york, us",atm,0
TXN00005324,CUST1489,2026-07-13 02:58:39,31.7,dining,"miami, us",mobile,0
TXN00005325,CUST1206,2026-07-13 03:06:41,54.01,dining,"los angeles, us",web,0
TXN00005326,CUST1036,2026-07-13 03:14:06,1303.66,travel,"miami, us",atm,0
TXN00005327,CUST1450,2026-07-13 03:19:07,200.0,cash_withdrawal,"houston, us",atm,0
TXN00005328,CUST1239,2026-07-13 03:20:44,37.91,dining,"chicago, us",pos,0
TXN00005329,CUST1444,2026-07-13 03:23:02,47.87,dining,"houston, us",pos,0
TXN00005330,CUST1145,2026-07-13 03:31:23,38.93,grocery,"chicago, us",mobile,0
TXN00005331,CUST1397,2026-07-13 03:32:21,40.0,cash_withdrawal,"miami, us",atm,0
TXN00005332,CUST1433,2026-07-13 03:37:38,52.72,grocery,"houston, us",mobile,0
TXN00005333,CUST1160,2026-07-13 03:40:34,100.0,cash_withdrawal,"los angeles, us",atm,0
TXN00005334,CUST1168,2026-07-13 03:49:06,49.21,dining,"new york, us",web,0
TXN00005335,CUST1045,2026-07-13 03:54:39,52.92,grocery,"miami, us",mobile,0
TXN00005336,CUST1284,2026-07-13 04:00:45,19.61,dining,"miami, us",pos,0
TXN00005337,CUST1234,2026-07-13 04:04:13,651.59,travel,"miami, us",web,0
TXN00005338,CUST1005,2026-07-13 04:10:10,281.48,transfer,"chicago, us",atm,0
TXN00005339,CUST1189,2026-07-13 04:18:13,228.09,online_retail,"chicago, us",mobile,0
TXN00005340,CUST1103,2026-07-13 04:26:40,840.5,travel,"los angeles, us",web,0
TXN00005341,CUST1150,2026-07-13 04:33:24,46.44,grocery,"new york, us",atm,0
TXN00005342,CUST1289,2026-07-13 04:39:29,787.48,travel,"chicago, us",pos,0
TXN00005343,CUST1402,2026-07-13 04:40:47,45.59,dining,"los angeles, us",mobile,0
TXN00005344,CUST1156,2026-07-13 04:43:47,35.74,grocery,"los angeles, us",atm,0
TXN00005345,CUST1379,2026-07-13 04:45:26,46.37,dining,"los angeles, us",web,0
TXN00005346,CUST1319,2026-07-13 04:51:01,352.08,travel,"los angeles, us",atm,0
TXN00005347,CUST1125,2026-07-13 04:57:40,441.78,travel,"los angeles, us",pos,0
TXN00005348,CUST1238,2026-07-13 05:05:22,43.79,dining,"houston, us",web,0
TXN00005349,CUST1189,2026-07-13 05:11:24,179.24,online_retail,"los angeles, us",web,0
TXN00005350,CUST1303,2026-07-13 05:14:16,127.42,transfer,"new york, us",atm,0
TXN00005351,CUST1498,2026-07-13 05:22:46,54.46,grocery,"miami, us",atm,0
TXN00005352,CUST1253,2026-07-13 05:30:11,40.51,online_retail,"houston, us",mobile,0
TXN00005353,CUST1396,2026-07-13 05:36:02,443.73,transfer,"chicago, us",pos,0
TXN00005354,CUST1398,2026-07-13 05:40:18,60.0,cash_withdrawal,"miami, us",atm,0
TXN00005355,CUST1101,2026-07-13 05:41:02,26.94,grocery,"chicago, us",atm,0
TXN00005356,CUST1376,2026-07-13 05:44:03,37.1,dining,"new york, us",mobile,0
TXN00005357,CUST1462,2026-07-13 05:44:22,300.0,cash_withdrawal,"miami, us",atm,0
TXN00005358,CUST1280,2026-07-13 05:49:43,43.31,grocery,"new york, us",web,0
TXN00005359,CUST1390,2026-07-13 05:57:39,300.0,cash_withdrawal,"miami, us",atm,0
TXN00005360,CUST1408,2026-07-13 06:02:48,20.0,cash_withdrawal,"chicago, us",atm,0
TXN00005361,CUST1126,2026-07-13 06:06:47,60.0,cash_withdrawal,"houston, us",atm,0
TXN00005362,CUST1078,2026-07-13 06:10:12,138.43,transfer,"miami, us",pos,0
TXN00005363,CUST1004,2026-07-13 06:14:43,40.0,cash_withdrawal,"miami, us",atm,0
TXN00005364,CUST1478,2026-07-13 06:20:20,628.29,travel,"new york, us",pos,0
TXN00005365,CUST1210,2026-07-13 06:26:49,32.4,grocery,"new york, us",web,0
TXN00005366,CUST1013,2026-07-13 06:28:58,48.43,grocery,"miami, us",atm,0
TXN00005367,CUST1120,2026-07-13 06:33:25,1273.08,transfer,"los angeles, us",web,0
TXN00005368,CUST1278,2026-07-13 06:38:35,45.19,online_retail,"los angeles, us",mobile,0
TXN00005369,CUST1178,2026-07-13 06:44:45,100.0,cash_withdrawal,"chicago, us",atm,0
TXN00005370,CUST1326,2026-07-13 06:53:21,527.49,travel,"houston, us",atm,0
TXN00005371,CUST1430,2026-07-13 06:53:37,300.0,cash_withdrawal,"chicago, us",atm,0
TXN00005372,CUST1356,2026-07-13 06:55:46,44.58,grocery,"miami, us",atm,0
TXN00005373,CUST1450,2026-07-13 06:56:06,229.84,online_retail,"los angeles, us",web,0
TXN00005374,CUST1005,2026-07-13 07:01:31,377.13,dining,"sydney, au",web,1
TXN00005375,CUST1487,2026-07-13 07:08:09,509.07,travel,"new york, us",mobile,0
TXN00005376,CUST1172,2026-07-13 07:15:58,30.51,transfer,"miami, us",web,0
TXN00005377,CUST1001,2026-07-13 07:17:11,40.99,dining,"chicago, us",pos,0
TXN00005378,CUST1389,2026-07-13 07:19:59,66.22,dining,"houston, us",web,0
TXN00005379,CUST1337,2026-07-13 07:22:10,669.47,transfer,"los angeles, us",atm,0
TXN00005380,CUST1193,2026-07-13 07:28:37,47.21,transfer,"new york, us",mobile,0
TXN00005381,CUST1435,2026-07-13 07:32:26,46.64,grocery,"chicago, us",pos,0
TXN00005382,CUST1378,2026-07-13 07:39:03,814.9,travel,"los angeles, us",mobile,0
TXN00005383,CUST1373,2026-07-13 07:41:17,619.95,travel,"los angeles, us",web,0
TXN00005384,CUST1158,2026-07-13 07:46:44,62.79,dining,"houston, us",mobile,0
TXN00005385,CUST1054,2026-07-13 07:47:34,44.19,grocery,"chicago, us",mobile,0
TXN00005386,CUST1106,2026-07-13 07:48:14,33.52,grocery,"chicago, us",pos,0
TXN00005387,CUST1272,2026-07-13 07:49:34,955.13,travel,"miami, us",web,0
TXN00005388,CUST1122,2026-07-13 07:52:55,571.63,travel,"houston, us",mobile,0
TXN00005389,CUST1215,2026-07-13 07:57:20,70.56,online_retail,"houston, us",mobile,0
TXN00005390,CUST1252,2026-07-13 08:00:01,20.0,cash_withdrawal,"chicago, us",atm,0
TXN00005391,CUST1493,2026-07-13 08:01:54,655.39,travel,"chicago, us",atm,0
TXN00005392,CUST1031,2026-07-13 08:03:21,854.42,travel,"los angeles, us",atm,0
TXN00005393,CUST1498,2026-07-13 08:06:43,55.41,dining,"houston, us",mobile,0
TXN00005394,CUST1073,2026-07-13 08:08:37,52.99,dining,"miami, us",pos,0
TXN00005395,CUST1365,2026-07-13 08:14:15,802.8,travel,"houston, us",web,0
TXN00005396,CUST1144,2026-07-13 08:14:44,39.78,transfer,"los angeles, us",mobile,0
TXN00005397,CUST1048,2026-07-13 08:16:55,27.5,grocery,"chicago, us",pos,0
TXN00005398,CUST1023,2026-07-13 08:24:57,405.29,travel,"houston, us",mobile,0
TXN00005399,CUST1472,2026-07-13 08:31:18,281.56,online_retail,"paris, fr",mobile,1
TXN00005400,CUST1119,2026-07-13 08:36:34,200.0,cash_withdrawal,"chicago, us",atm,0
TXN00005401,CUST1460,2026-07-13 08:45:10,903.04,travel,"chicago, us",mobile,0
TXN00005402,CUST1433,2026-07-13 08:53:24,95.51,online_retail,"miami, us",mobile,0
TXN00005403,CUST1267,2026-07-13 08:57:21,315.5,online_retail,"los angeles, us",web,0
TXN00005404,CUST1212,2026-07-13 09:03:49,42.6,grocery,"miami, us",mobile,0
TXN00005405,CUST1359,2026-07-13 09:11:28,39.86,grocery,"miami, us",atm,0
TXN00005406,CUST1459,2026-07-13 09:14:26,326.41,travel,"los angeles, us",web,0
TXN00005407,CUST1191,2026-07-13 09:15:44,452.96,travel,"miami, us",mobile,0
TXN00005408,CUST1235,2026-07-13 09:18:16,20.0,cash_withdrawal,"new york, us",atm,0
TXN00005409,CUST1499,2026-07-13 09:21:08,150.55,online_retail,"new york, us",mobile,0
TXN00005410,CUST1383,2026-07-13 09:26:47,71.27,grocery,"houston, us",pos,0
TXN00005411,CUST1044,2026-07-13 09:33:39,74.44,grocery,"chicago, us",atm,0
TXN00005412,CUST1298,2026-07-13 09:40:18,44.41,grocery,"houston, us",atm,0
TXN00005413,CUST1049,2026-07-13 09:40:48,539.33,travel,"new york, us",pos,0
TXN00005414,CUST1259,2026-07-13 09:45:24,2.2,dining,"miami, us",atm,0
TXN00005415,CUST1069,2026-07-13 09:52:19,30.9,dining,"houston, us",pos,0
TXN00005416,CUST1327,2026-07-13 10:00:49,340.05,travel,"chicago, us",pos,0
TXN00005417,CUST1420,2026-07-13 10:04:31,27.85,dining,"chicago, us",mobile,0
TXN00005418,CUST1202,2026-07-13 10:10:12,37.25,dining,"los angeles, us",atm,0
TXN00005419,CUST1039,2026-07-13 10:17:18,282.62,transfer,"new york, us",atm,0
TXN00005420,CUST1304,2026-07-13 10:19:55,60.0,cash_withdrawal,"chicago, us",atm,0
TXN00005421,CUST1291,2026-07-13 10:26:29,40.0,cash_withdrawal,"miami, us",atm,0
TXN00005422,CUST1032,2026-07-13 10:26:51,75.27,grocery,"chicago, us",web,0
TXN00005423,CUST1223,2026-07-13 10:28:58,183.07,transfer,"chicago, us",web,0
TXN00005424,CUST1340,2026-07-13 10:36:21,191.15,online_retail,"houston, us",web,0
TXN00005425,CUST1494,2026-07-13 10:42:46,89.33,online_retail,"houston, us",mobile,0
TXN00005426,CUST1067,2026-07-13 10:45:45,115.37,online_retail,"miami, us",web,0
TXN00005427,CUST1122,2026-07-13 10:48:50,60.0,dining,"houston, us",pos,0
TXN00005428,CUST1150,2026-07-13 10:51:04,34.36,dining,"los angeles, us",mobile,0
TXN00005429,CUST1134,2026-07-13 10:52:59,78.89,online_retail,"los angeles, us",mobile,0
TXN00005430,CUST1436,2026-07-13 10:57:45,60.0,cash_withdrawal,"houston, us",atm,0
TXN00005431,CUST1162,2026-07-13 10:58:22,300.0,cash_withdrawal,"miami, us",atm,0
TXN00005432,CUST1475,2026-07-13 11:06:16,589.71,online_retail,"los angeles, us",mobile,0
TXN00005433,CUST1411,2026-07-13 11:14:15,51.48,grocery,"los angeles, us",mobile,0
TXN00005434,CUST1202,2026-07-13 11:20:05,183.8,transfer,"chicago, us",pos,0
TXN00005435,CUST1359,2026-07-13 02:28:41,4762.65,cash_withdrawal,"houston, us",atm,1
TXN00005436,CUST1426,2026-07-13 11:30:58,371.08,online_retail,"miami, us",mobile,0
TXN00005437,CUST1377,2026-07-13 11:37:58,398.97,transfer,"new york, us",mobile,0
TXN00005438,CUST1168,2026-07-13 11:43:59,281.73,transfer,"los angeles, us",pos,0
TXN00005439,CUST1163,2026-07-13 11:50:05,47.63,dining,"miami, us",mobile,0
TXN00005440,CUST1232,2026-07-13 11:56:23,46.23,dining,"houston, us",pos,0
TXN00005441,CUST1140,2026-07-13 11:58:26,203.13,transfer,"los angeles, us",web,0
TXN00005442,CUST1120,2026-07-13 12:03:47,10.67,travel,"new york, us",mobile,0
TXN00005443,CUST1039,2026-07-13 12:11:23,20.0,cash_withdrawal,"new york, us",atm,0
TXN00005444,CUST1484,2026-07-13 12:14:48,29.7,dining,"los angeles, us",pos,0
TXN00005445,CUST1104,2026-07-13 12:19:24,1040.71,transfer,"chicago, us",atm,0
TXN00005446,CUST1070,2026-07-13 12:22:18,42.28,grocery,"miami, us",atm,0
TXN00005447,CUST1400,2026-07-13 12:24:01,660.88,travel,"houston, us",atm,0
TXN00005448,CUST1395,2026-07-13 12:27:57,584.9,travel,"los angeles, us",pos,0
TXN00005449,CUST1300,2026-07-13 12:33:29,20.68,online_retail,"new york, us",web,0
TXN00005450,CUST1056,2026-07-13 12:33:42,66.92,grocery,"miami, us",mobile,0
TXN00005451,CUST1080,2026-07-13 12:34:25,259.36,transfer,"los angeles, us",mobile,0
TXN00005452,CUST1055,2026-07-13 12:42:00,90.98,online_retail,"new york, us",mobile,0
TXN00005453,CUST1085,2026-07-13 12:46:21,35.0,dining,"miami, us",mobile,0
TXN00005454,CUST1231,2026-07-13 12:47:06,200.0,cash_withdrawal,"new york, us",atm,0
TXN00005455,CUST1239,2026-07-13 12:55:24,545.41,transfer,"miami, us",mobile,0
TXN00005456,CUST1161,2026-07-13 12:57:12,264.72,transfer,"houston, us",pos,0
TXN00005457,CUST1209,2026-07-13 12:57:48,54.78,grocery,"los angeles, us",mobile,0
TXN00005458,CUST1062,2026-07-13 13:03:22,18.42,online_retail,"miami, us",web,0
TXN00005459,CUST1275,2026-07-13 13:11:59,545.51,online_retail,"los angeles, us",web,0
TXN00005460,CUST1184,2026-07-13 13:13:21,300.0,cash_withdrawal,"los angeles, us",atm,0
TXN00005461,CUST1494,2026-07-13 13:21:31,22.07,grocery,"los angeles, us",atm,0
TXN00005462,CUST1395,2026-07-13 13:23:25,210.13,transfer,"houston, us",atm,0
TXN00005463,CUST1107,2026-07-13 13:24:39,42.25,dining,"new york, us",atm,0
TXN00005464,CUST1232,2026-07-13 13:25:35,605.28,transfer,"los angeles, us",mobile,0
TXN00005465,CUST1158,2026-07-13 13:27:13,100.0,cash_withdrawal,"chicago, us",atm,0
TXN00005466,CUST1238,2026-07-13 13:32:26,64.56,online_retail,"new york, us",web,0
TXN00005467,CUST1136,2026-07-13 13:37:17,45.54,grocery,"new york, us",web,0
TXN00005468,CUST1437,2026-07-13 13:44:32,35.07,dining,"miami, us",pos,0
TXN00005469,CUST1062,2026-07-13 13:51:29,846.59,travel,"new york, us",pos,0
TXN00005470,CUST1047,2026-07-13 13:59:36,422.01,travel,"houston, us",pos,0
TXN00005471,CUST1081,2026-07-13 14:01:30,211.39,transfer,"houston, us",atm,0
TXN00005472,CUST1414,2026-07-13 14:03:40,97.43,transfer,"los angeles, us",pos,0
TXN00005473,CUST1352,2026-07-13 14:08:09,74.52,transfer,"houston, us",web,0
TXN00005474,CUST1156,2026-07-13 14:08:59,714.95,travel,"los angeles, us",mobile,0
TXN00005475,CUST1424,2026-07-13 14:12:47,47.38,grocery,"houston, us",mobile,0
TXN00005476,CUST1361,2026-07-13 14:19:08,146.03,transfer,"new york, us",pos,0
TXN00005477,CUST1357,2026-07-13 14:23:17,1349.97,transfer,"houston, us",mobile,0
TXN00005478,CUST1309,2026-07-13 14:26:06,200.0,cash_withdrawal,"houston, us",atm,0
TXN00005479,CUST1021,2026-07-13 14:27:40,30.06,grocery,"new york, us",atm,0
TXN00005480,CUST1111,2026-07-13 14:33:59,584.7,travel,"new york, us",mobile,0
TXN00005481,CUST1428,2026-07-13 14:35:50,60.0,cash_withdrawal,"houston, us",atm,0
TXN00005482,CUST1439,2026-07-13 14:38:05,575.28,travel,"houston, us",web,0
TXN00005483,CUST1168,2026-07-13 14:41:52,64.64,grocery,"los angeles, us",web,0
TXN00005484,CUST1076,2026-07-13 14:43:32,195.51,online_retail,"new york, us",mobile,0
TXN00005485,CUST1047,2026-07-13 14:48:52,1255.19,transfer,"chicago, us",mobile,0
TXN00005486,CUST1365,2026-07-13 14:51:09,100.0,cash_withdrawal,"new york, us",atm,0
TXN00005487,CUST1128,2026-07-13 14:53:54,17.72,online_retail,"miami, us",mobile,0
TXN00005488,CUST1496,2026-07-13 14:56:30,54.18,grocery,"los angeles, us",pos,0
TXN00005489,CUST1183,2026-07-13 15:01:35,59.66,online_retail,"houston, us",mobile,0
TXN00005490,CUST1203,2026-07-13 15:05:34,472.7,travel,"chicago, us",pos,0
TXN00005491,CUST1263,2026-07-13 15:13:59,300.0,cash_withdrawal,"miami, us",atm,0
TXN00005492,CUST1026,2026-07-13 15:19:34,300.0,cash_withdrawal,"los angeles, us",atm,0
TXN00005493,CUST1347,2026-07-13 15:21:27,38.04,dining,"miami, us",mobile,0
TXN00005494,CUST1154,2026-07-13 15:23:56,323.01,travel,"los angeles, us",web,0
TXN00005495,CUST1134,2026-07-13 15:31:27,13.82,dining,"miami, us",web,0
TXN00005496,CUST1420,2026-07-13 15:38:17,60.0,cash_withdrawal,"chicago, us",atm,0
TXN00005497,CUST1090,2026-07-13 15:42:33,14.12,online_retail,"los angeles, us",web,0
TXN00005498,CUST1016,2026-07-13 15:43:23,1083.6,travel,"new york, us",web,0
TXN00005499,CUST1488,2026-07-13 15:51:39,40.0,cash_withdrawal,"los angeles, us",atm,0
TXN00005500,CUST1208,2026-07-13 16:00:06,200.0,cash_withdrawal,"los angeles, us",atm,0
TXN00005501,CUST1438,2026-07-13 16:03:20,698.95,travel,"los angeles, us",atm,0
TXN00005502,CUST1232,2026-07-13 16:06:53,190.13,transfer,"los angeles, us",web,0
TXN00005503,CUST1285,2026-07-13 16:10:16,20.0,cash_withdrawal,"new york, us",atm,0
TXN00005504,CUST1384,2026-07-13 16:11:51,53.95,grocery,"houston, us",pos,0
TXN00005505,CUST1282,2026-07-13 16:16:02,60.0,cash_withdrawal,"houston, us",atm,0
TXN00005506,CUST1128,2026-07-13 16:19:57,5.84,dining,"miami, us",atm,0
TXN00005507,CUST1049,2026-07-13 16:23:43,167.9,transfer,"chicago, us",mobile,0
TXN00005508,CUST1237,2026-07-13 16:28:11,1259.42,travel,"new york, us",web,0
TXN00005509,CUST1053,2026-07-13 16:33:33,66.46,grocery,"new york, us",atm,0
TXN00005510,CUST1412,2026-07-13 16:39:59,26.52,grocery,"miami, us",atm,0
TXN00005511,CUST1407,2026-07-13 16:43:50,402.4,online_retail,"new york, us",mobile,0
TXN00005512,CUST1072,2026-07-13 16:50:29,40.22,dining,"new york, us",mobile,0
TXN00005513,CUST1063,2026-07-13 16:51:58,51.22,dining,"chicago, us",mobile,0
TXN00005514,CUST1007,2026-07-13 16:59:07,23.87,grocery,"miami, us",mobile,0
TXN00005515,CUST1032,2026-07-13 17:07:25,977.32,transfer,"los angeles, us",atm,0
TXN00005516,CUST1426,2026-07-13 17:14:21,33.12,online_retail,"houston, us",mobile,0
TXN00005517,CUST1400,2026-07-13 17:18:37,32.57,dining,"houston, us",mobile,0
TXN00005518,CUST1114,2026-07-13 17:18:57,188.28,travel,"new york, us",mobile,0
TXN00005519,CUST1067,2026-07-13 17:25:37,59.07,grocery,"houston, us",mobile,0
TXN00005520,CUST1102,2026-07-13 17:29:02,26.48,dining,"chicago, us",pos,0
TXN00005521,CUST1422,2026-07-13 17:32:50,8.57,dining,"chicago, us",web,0
TXN00005522,CUST1206,2026-07-13 17:40:17,40.0,cash_withdrawal,"houston, us",atm,0
TXN00005523,CUST1191,2026-07-13 17:41:09,24.12,dining,"los angeles, us",atm,0
TXN00005524,CUST1352,2026-07-13 17:47:47,42.99,dining,"new york, us",web,0
TXN00005525,CUST1323,2026-07-13 17:55:41,70.36,transfer,"chicago, us",pos,0
TXN00005526,CUST1481,2026-07-13 18:03:42,49.88,dining,"miami, us",pos,0
TXN00005527,CUST1331,2026-07-13 18:06:25,1.0,travel,"new york, us",mobile,0
TXN00005528,CUST1044,2026-07-13 18:11:39,54.92,online_retail,"new york, us",web,0
TXN00005529,CUST1299,2026-07-13 18:16:24,454.81,travel,"los angeles, us",web,0
TXN00005530,CUST1301,2026-07-13 18:17:52,46.13,grocery,"los angeles, us",atm,0
TXN00005531,CUST1133,2026-07-13 18:22:45,560.08,travel,"chicago, us",web,0
TXN00005532,CUST1470,2026-07-13 18:29:07,273.79,transfer,"houston, us",web,0
TXN00005533,CUST1417,2026-07-13 18:30:46,40.0,cash_withdrawal,"miami, us",atm,0
TXN00005534,CUST1039,2026-07-13 18:33:07,370.52,online_retail,"miami, us",mobile,0
TXN00005535,CUST1012,2026-07-13 18:36:31,21.86,transfer,"houston, us",mobile,0
TXN00005536,CUST1034,2026-07-13 18:40:38,40.0,cash_withdrawal,"chicago, us",atm,0
TXN00005537,CUST1102,2026-07-13 18:43:24,519.3,transfer,"miami, us",mobile,0
TXN00005538,CUST1463,2026-07-13 18:47:26,48.6,dining,"new york, us",mobile,0
TXN00005539,CUST1331,2026-07-13 18:50:01,519.88,travel,"chicago, us",mobile,0
TXN00005540,CUST1228,2026-07-13 18:53:23,300.0,cash_withdrawal,"chicago, us",atm,0
TXN00005541,CUST1415,2026-07-13 18:58:20,50.37,grocery,"houston, us",atm,0
TXN00005542,CUST1066,2026-07-13 19:03:40,109.37,transfer,"houston, us",web,0
TXN00005543,CUST1048,2026-07-13 19:07:56,60.0,cash_withdrawal,"miami, us",atm,0
TXN00005544,CUST1464,2026-07-13 19:08:42,199.32,transfer,"new york, us",pos,0
TXN00005545,CUST1434,2026-07-13 19:11:42,60.0,cash_withdrawal,"chicago, us",atm,0
TXN00005546,CUST1425,2026-07-13 19:13:01,374.18,transfer,"houston, us",atm,0
TXN00005547,CUST1415,2026-07-13 19:19:17,46.49,dining,"los angeles, us",mobile,0
TXN00005548,CUST1170,2026-07-13 19:23:27,248.64,transfer,"houston, us",pos,0
TXN00005549,CUST1063,2026-07-13 19:25:17,22.94,grocery,"houston, us",pos,0
TXN00005550,CUST1022,2026-07-13 19:26:46,88.04,online_retail,"new york, us",web,0
TXN00005551,CUST1483,2026-07-13 19:34:45,75.6,transfer,"new york, us",atm,0
TXN00005552,CUST1237,2026-07-13 19:36:32,90.23,dining,"houston, us",pos,0
TXN00005553,CUST1026,2026-07-13 19:36:44,39.19,dining,"miami, us",web,0
TXN00005554,CUST1087,2026-07-13 19:37:00,97.34,transfer,"new york, us",atm,0
TXN00005555,CUST1474,2026-07-13 19:44:31,40.0,cash_withdrawal,"los angeles, us",atm,0
TXN00005556,CUST1294,2026-07-13 19:48:57,255.44,transfer,"miami, us",atm,0
TXN00005557,CUST1222,2026-07-13 19:55:20,376.2,transfer,"new york, us",mobile,0
TXN00005558,CUST1421,2026-07-13 20:01:41,118.59,online_retail,"houston, us",web,0
TXN00005559,CUST1371,2026-07-13 20:05:02,1410.23,transfer,"miami, us",pos,0
TXN00005560,CUST1203,2026-07-13 20:09:23,8.58,dining,"houston, us",atm,0
TXN00005561,CUST1255,2026-07-13 20:13:00,463.72,transfer,"los angeles, us",mobile,0
TXN00005562,CUST1016,2026-07-13 20:21:03,60.0,cash_withdrawal,"miami, us",atm,0
TXN00005563,CUST1196,2026-07-13 20:24:45,76.07,transfer,"chicago, us",web,0
TXN00005564,CUST1350,2026-07-13 20:32:56,165.6,transfer,"los angeles, us",pos,0
TXN00005565,CUST1219,2026-07-13 20:36:28,70.33,grocery,"miami, us",web,0
TXN00005566,CUST1089,2026-07-13 20:44:54,387.21,travel,"los angeles, us",atm,0
TXN00005567,CUST1182,2026-07-13 20:51:24,122.45,travel,"houston, us",mobile,0
TXN00005568,CUST1110,2026-07-13 20:54:45,238.34,online_retail,"los angeles, us",mobile,0
TXN00005569,CUST1466,2026-07-13 20:58:11,963.32,travel,"chicago, us",atm,0
TXN00005570,CUST1096,2026-07-13 21:02:31,580.44,travel,"new york, us",mobile,0
TXN00005571,CUST1141,2026-07-13 21:05:18,40.0,cash_withdrawal,"new york, us",atm,0
TXN00005572,CUST1144,2026-07-13 21:10:56,139.53,travel,"new york, us",pos,0
TXN00005573,CUST1229,2026-07-13 21:19:31,518.19,transfer,"new york, us",atm,0
TXN00005574,CUST1453,2026-07-13 21:24:42,50.83,online_retail,"new york, us",mobile,0
TXN00005575,CUST1077,2026-07-13 21:25:28,57.84,dining,"houston, us",pos,0
TXN00005576,CUST1018,2026-07-13 21:29:07,96.23,transfer,"new york, us",mobile,0
TXN00005577,CUST1315,2026-07-13 21:36:50,40.0,cash_withdrawal,"new york, us",atm,0
TXN00005578,CUST1318,2026-07-13 21:37:19,170.73,travel,"chicago, us",pos,0
TXN00005579,CUST1316,2026-07-13 21:45:57,40.65,dining,"houston, us",web,0
TXN00005580,CUST1126,2026-07-13 21:53:58,22.74,transfer,"miami, us",pos,0
TXN00005581,CUST1332,2026-07-13 21:55:11,52.46,grocery,"los angeles, us",atm,0
TXN00005582,CUST1152,2026-07-13 21:58:38,196.92,transfer,"houston, us",pos,0
TXN00005583,CUST1256,2026-07-13 22:06:45,1043.09,transfer,"houston, us",atm,0
TXN00005584,CUST1211,2026-07-13 22:11:44,523.38,online_retail,"paris, fr",mobile,1
TXN00005585,CUST1452,2026-07-13 22:13:17,83.92,dining,"new york, us",web,0
TXN00005586,CUST1282,2026-07-13 22:15:06,617.28,transfer,"miami, us",mobile,0
TXN00005587,CUST1246,2026-07-13 22:21:46,53.14,grocery,"los angeles, us",atm,0
TXN00005588,CUST1032,2026-07-13 22:25:39,20.0,cash_withdrawal,"miami, us",atm,0
TXN00005589,CUST1045,2026-07-13 22:33:59,327.09,travel,"houston, us",mobile,0
TXN00005590,CUST1144,2026-07-13 22:36:19,658.46,travel,"chicago, us",web,0
TXN00005591,CUST1197,2026-07-13 22:43:03,65.53,grocery,"miami, us",pos,0
TXN00005592,CUST1071,2026-07-13 22:51:00,390.98,travel,"chicago, us",atm,0
TXN00005593,CUST1215,2026-07-13 22:57:34,49.1,transfer,"miami, us",web,0
TXN00005594,CUST1103,2026-07-13 23:03:53,203.69,transfer,"new york, us",mobile,0
TXN00005595,CUST1330,2026-07-13 23:07:01,170.5,transfer,"houston, us",mobile,0
TXN00005596,CUST1453,2026-07-13 23:11:31,625.36,transfer,"miami, us",mobile,0
TXN00005597,CUST1409,2026-07-13 23:17:44,71.37,grocery,"houston, us",mobile,0
TXN00005598,CUST1270,2026-07-13 23:22:04,300.0,cash_withdrawal,"houston, us",atm,0
TXN00005599,CUST1128,2026-07-13 23:27:39,103.91,transfer,"houston, us",web,0
TXN00005600,CUST1323,2026-07-13 23:33:41,412.41,travel,"new york, us",web,0
TXN00005601,CUST1411,2026-07-13 23:36:59,15.07,dining,"miami, us",web,0
TXN00005602,CUST1279,2026-07-13 23:43:05,697.73,transfer,"houston, us",atm,0
TXN00005603,CUST1407,2026-07-13 23:43:44,100.0,cash_withdrawal,"houston, us",atm,0
TXN00005604,CUST1010,2026-07-13 23:49:27,49.1,grocery,"miami, us",atm,0
TXN00005605,CUST1196,2026-07-13 23:52:54,723.39,travel,"chicago, us",pos,0
TXN00005606,CUST1401,2026-07-14 00:00:58,672.72,travel,"chicago, us",atm,0
TXN00005607,CUST1366,2026-07-14 00:04:45,101.12,travel,"houston, us",pos,0
TXN00005608,CUST1184,2026-07-14 00:11:11,184.6,online_retail,"miami, us",web,0
TXN00005609,CUST1246,2026-07-14 00:13:27,834.89,travel,"miami, us",pos,0
TXN00005610,CUST1279,2026-07-14 00:15:41,60.0,cash_withdrawal,"new york, us",atm,0
TXN00005611,CUST1401,2026-07-14 00:19:55,17.96,online_retail,"los angeles, us",mobile,0
TXN00005612,CUST1249,2026-07-14 00:20:22,36.5,grocery,"los angeles, us",mobile,0
TXN00005613,CUST1177,2026-07-14 00:28:23,48.02,grocery,"houston, us",web,0
TXN00005614,CUST1468,2026-07-14 00:35:29,42.14,grocery,"houston, us",pos,0
TXN00005615,CUST1290,2026-07-14 00:38:44,12.83,dining,"houston, us",web,0
TXN00005616,CUST1258,2026-07-14 00:44:17,300.0,cash_withdrawal,"new york, us",atm,0
TXN00005617,CUST1165,2026-07-14 00:50:28,330.07,travel,"chicago, us",mobile,0
TXN00005618,CUST1199,2026-07-14 00:56:24,19.67,grocery,"chicago, us",mobile,0
TXN00005619,CUST1139,2026-07-14 00:56:48,37.97,dining,"los angeles, us",web,0
TXN00005620,CUST1093,2026-07-14 01:02:55,450.39,travel,"houston, us",pos,0
TXN00005621,CUST1014,2026-07-14 01:08:45,20.67,dining,"miami, us",web,0
TXN00005622,CUST1164,2026-07-14 01:14:25,1125.52,transfer,"miami, us",mobile,0
TXN00005623,CUST1306,2026-07-14 01:15:50,13.58,dining,"los angeles, us",atm,0
TXN00005624,CUST1113,2026-07-14 01:18:13,69.08,travel,"miami, us",web,0
TXN00005625,CUST1016,2026-07-14 01:23:32,672.41,travel,"houston, us",web,0
TXN00005626,CUST1459,2026-07-14 01:27:35,40.92,dining,"los angeles, us",web,0
TXN00005627,CUST1416,2026-07-14 01:35:48,55.58,dining,"houston, us",web,0
TXN00005628,CUST1399,2026-07-14 01:41:46,40.0,cash_withdrawal,"houston, us",atm,0
TXN00005629,CUST1144,2026-07-14 01:43:11,33.34,grocery,"houston, us",web,0
TXN00005630,CUST1030,2026-07-14 01:45:31,40.0,cash_withdrawal,"new york, us",atm,0
TXN00005631,CUST1415,2026-07-14 01:47:47,61.4,grocery,"houston, us",mobile,0
TXN00005632,CUST1242,2026-07-14 04:53:05,2075.76,transfer,"los angeles, us",atm,1
TXN00005633,CUST1272,2026-07-14 01:58:11,179.46,online_retail,"los angeles, us",mobile,0
TXN00005634,CUST1184,2026-07-14 02:06:28,5961.42,transfer,"los angeles, us",web,1
TXN00005635,CUST1393,2026-07-14 02:12:17,292.01,transfer,"miami, us",web,0
TXN00005636,CUST1300,2026-07-14 02:19:37,70.59,dining,"houston, us",mobile,0
TXN00005637,CUST1120,2026-07-14 02:21:09,423.64,transfer,"houston, us",mobile,0
TXN00005638,CUST1499,2026-07-14 02:21:25,57.63,grocery,"houston, us",mobile,0
TXN00005639,CUST1082,2026-07-14 02:22:34,29.25,transfer,"chicago, us",mobile,0
TXN00005640,CUST1052,2026-07-14 02:29:18,492.42,travel,"miami, us",atm,0
TXN00005641,CUST1127,2026-07-14 02:30:15,577.01,transfer,"houston, us",pos,0
TXN00005642,CUST1337,2026-07-14 02:35:54,205.04,transfer,"chicago, us",pos,0
TXN00005643,CUST1124,2026-07-14 02:42:08,93.61,transfer,"los angeles, us",mobile,0
TXN00005644,CUST1137,2026-07-14 02:50:07,63.08,transfer,"miami, us",web,0
TXN00005645,CUST1274,2026-07-14 02:53:33,939.25,transfer,"los angeles, us",atm,0
TXN00005646,CUST1418,2026-07-14 02:57:06,64.13,dining,"los angeles, us",web,0
TXN00005647,CUST1406,2026-07-14 03:03:17,218.21,travel,"los angeles, us",atm,0
TXN00005648,CUST1470,2026-07-14 03:08:27,18.9,dining,"miami, us",web,0
TXN00005649,CUST1378,2026-07-14 03:16:55,51.89,grocery,"miami, us",web,0
TXN00005650,CUST1029,2026-07-14 03:24:46,20.0,cash_withdrawal,"los angeles, us",atm,0
TXN00005651,CUST1392,2026-07-14 03:25:37,200.0,cash_withdrawal,"houston, us",atm,0
TXN00005652,CUST1486,2026-07-14 03:30:12,122.63,transfer,"miami, us",web,0
TXN00005653,CUST1113,2026-07-14 03:38:07,50.92,online_retail,"chicago, us",web,0
TXN00005654,CUST1295,2026-07-14 03:39:53,46.03,online_retail,"miami, us",mobile,0
TXN00005655,CUST1434,2026-07-14 03:47:31,178.87,transfer,"houston, us",pos,0
TXN00005656,CUST1409,2026-07-14 03:51:17,192.63,online_retail,"new york, us",web,0
TXN00005657,CUST1199,2026-07-14 03:52:51,453.68,travel,"houston, us",atm,0
TXN00005658,CUST1182,2026-07-14 04:00:05,168.74,transfer,"miami, us",atm,0
TXN00005659,CUST1479,2026-07-14 04:03:53,572.34,online_retail,"houston, us",mobile,0
TXN00005660,CUST1430,2026-07-14 04:06:12,15.19,dining,"houston, us",atm,0
TXN00005661,CUST1433,2026-07-14 04:12:16,17.26,dining,"miami, us",atm,0
TXN00005662,CUST1089,2026-07-14 04:15:00,200.0,cash_withdrawal,"chicago, us",atm,0
TXN00005663,CUST1091,2026-07-14 04:19:26,115.76,online_retail,"new york, us",web,0
TXN00005664,CUST1122,2026-07-14 04:27:51,36.61,grocery,"chicago, us",web,0
TXN00005665,CUST1304,2026-07-14 04:32:33,723.68,travel,"los angeles, us",web,0
TXN00005666,CUST1163,2026-07-14 04:38:20,47.67,dining,"miami, us",atm,0
TXN00005667,CUST1413,2026-07-14 04:46:03,579.04,transfer,"houston, us",pos,0
TXN00005668,CUST1378,2026-07-14 04:49:28,153.73,transfer,"houston, us",web,0
TXN00005669,CUST1358,2026-07-14 04:54:38,17.45,dining,"miami, us",pos,0
TXN00005670,CUST1184,2026-07-14 04:57:25,62.56,dining,"new york, us",web,0
TXN00005671,CUST1468,2026-07-14 05:03:50,43.09,dining,"chicago, us",pos,0
TXN00005672,CUST1303,2026-07-14 05:07:30,515.86,travel,"chicago, us",web,0
TXN00005673,CUST1015,2026-07-14 05:14:05,11.48,online_retail,"miami, us",mobile,0
TXN00005674,CUST1361,2026-07-14 05:21:43,88.94,online_retail,"los angeles, us",web,0
TXN00005675,CUST1359,2026-07-14 05:29:46,68.3,grocery,"houston, us",web,0
TXN00005676,CUST1181,2026-07-14 05:36:08,330.83,travel,"los angeles, us",web,0
TXN00005677,CUST1486,2026-07-14 05:43:43,409.37,travel,"houston, us",web,0
TXN00005678,CUST1291,2026-07-14 05:44:38,65.54,grocery,"los angeles, us",web,0
TXN00005679,CUST1289,2026-07-14 05:45:43,100.0,cash_withdrawal,"chicago, us",atm,0
TXN00005680,CUST1073,2026-07-14 05:51:18,20.0,cash_withdrawal,"houston, us",atm,0
TXN00005681,CUST1289,2026-07-14 05:56:21,260.4,online_retail,"new york, us",web,0
TXN00005682,CUST1486,2026-07-14 06:03:08,62.2,online_retail,"chicago, us",mobile,0
TXN00005683,CUST1097,2026-07-14 06:10:06,197.35,transfer,"new york, us",atm,0
TXN00005684,CUST1429,2026-07-14 06:13:12,409.51,transfer,"los angeles, us",atm,0
TXN00005685,CUST1415,2026-07-14 06:20:18,770.34,travel,"miami, us",web,0
TXN00005686,CUST1452,2026-07-14 06:21:41,60.0,cash_withdrawal,"miami, us",atm,0
TXN00005687,CUST1497,2026-07-14 06:24:08,16.93,dining,"new york, us",atm,0
TXN00005688,CUST1253,2026-07-14 06:30:41,151.12,online_retail,"miami, us",web,0
TXN00005689,CUST1278,2026-07-14 06:32:38,705.53,travel,"new york, us",atm,0
TXN00005690,CUST1159,2026-07-14 06:40:44,116.34,transfer,"chicago, us",mobile,0
TXN00005691,CUST1090,2026-07-14 06:47:17,421.64,dining,"paris, fr",mobile,1
TXN00005692,CUST1252,2026-07-14 06:50:50,60.0,cash_withdrawal,"chicago, us",atm,0
TXN00005693,CUST1020,2026-07-14 06:56:57,73.35,grocery,"los angeles, us",atm,0
TXN00005694,CUST1047,2026-07-14 06:59:44,70.92,online_retail,"chicago, us",web,0
TXN00005695,CUST1029,2026-07-14 06:59:57,20.0,cash_withdrawal,"chicago, us",atm,0
TXN00005696,CUST1120,2026-07-14 07:08:32,58.82,dining,"new york, us",web,0
TXN00005697,CUST1309,2026-07-14 07:10:08,43.84,dining,"houston, us",atm,0
TXN00005698,CUST1113,2026-07-14 07:17:15,200.0,cash_withdrawal,"miami, us",atm,0
TXN00005699,CUST1011,2026-07-14 07:21:36,1087.09,travel,"chicago, us",web,0
TXN00005700,CUST1270,2026-07-14 07:21:46,60.5,dining,"new york, us",atm,0
TXN00005701,CUST1245,2026-07-14 07:22:45,40.0,cash_withdrawal,"miami, us",atm,0
TXN00005702,CUST1001,2026-07-14 07:23:30,40.19,grocery,"chicago, us",mobile,0
TXN00005703,CUST1170,2026-07-14 07:30:16,49.76,online_retail,"miami, us",mobile,0
TXN00005704,CUST1470,2026-07-14 07:36:22,300.0,cash_withdrawal,"los angeles, us",atm,0
TXN00005705,CUST1315,2026-07-14 07:40:05,50.41,grocery,"chicago, us",web,0
TXN00005706,CUST1104,2026-07-14 07:44:43,100.0,cash_withdrawal,"miami, us",atm,0
TXN00005707,CUST1413,2026-07-14 07:48:26,111.59,online_retail,"los angeles, us",web,0
TXN00005708,CUST1067,2026-07-14 07:54:11,364.9,travel,"new york, us",web,0
TXN00005709,CUST1175,2026-07-14 07:56:48,115.22,online_retail,"new york, us",web,0
TXN00005710,CUST1368,2026-07-14 08:03:13,28.78,dining,"houston, us",pos,0
TXN00005711,CUST1091,2026-07-14 08:07:03,68.47,online_retail,"chicago, us",web,0
TXN00005712,CUST1471,2026-07-14 08:08:40,537.73,travel,"chicago, us",atm,0
TXN00005713,CUST1411,2026-07-14 08:10:20,181.78,travel,"miami, us",mobile,0
TXN00005714,CUST1433,2026-07-14 08:13:41,31.46,online_retail,"houston, us",web,0
TXN00005715,CUST1445,2026-07-14 08:15:26,404.13,online_retail,"chicago, us",web,0
TXN00005716,CUST1166,2026-07-14 08:21:36,56.06,grocery,"miami, us",atm,0
TXN00005717,CUST1031,2026-07-14 08:22:54,54.32,dining,"miami, us",atm,0
TXN00005718,CUST1012,2026-07-14 08:24:45,53.69,transfer,"new york, us",mobile,0
TXN00005719,CUST1076,2026-07-14 08:29:04,52.99,dining,"new york, us",pos,0
TXN00005720,CUST1301,2026-07-14 08:30:47,58.73,grocery,"los angeles, us",web,0
TXN00005721,CUST1361,2026-07-14 08:35:14,100.0,cash_withdrawal,"houston, us",atm,0
TXN00005722,CUST1470,2026-07-14 08:43:29,16516.47,online_retail,"chicago, us",web,1
TXN00005723,CUST1073,2026-07-14 08:44:35,28.15,online_retail,"los angeles, us",mobile,0
TXN00005724,CUST1397,2026-07-14 08:48:35,858.78,travel,"los angeles, us",mobile,0
TXN00005725,CUST1057,2026-07-14 08:53:35,139.18,online_retail,"new york, us",web,0
TXN00005726,CUST1434,2026-07-14 09:00:41,48.91,dining,"houston, us",mobile,0
TXN00005727,CUST1270,2026-07-14 09:02:39,165.94,online_retail,"chicago, us",web,0
TXN00005728,CUST1441,2026-07-14 09:04:24,203.95,transfer,"new york, us",pos,0
TXN00005729,CUST1187,2026-07-14 09:06:16,20.0,cash_withdrawal,"los angeles, us",atm,0
TXN00005730,CUST1492,2026-07-14 09:06:56,245.68,transfer,"chicago, us",mobile,0
TXN00005731,CUST1038,2026-07-14 09:13:29,41.93,dining,"new york, us",mobile,0
TXN00005732,CUST1192,2026-07-14 09:15:12,45.49,transfer,"miami, us",web,0
TXN00005733,CUST1361,2026-07-14 09:22:16,100.0,cash_withdrawal,"miami, us",atm,0
TXN00005734,CUST1483,2026-07-14 09:28:54,100.0,cash_withdrawal,"houston, us",atm,0
TXN00005735,CUST1340,2026-07-14 09:30:42,95.64,online_retail,"miami, us",web,0
TXN00005736,CUST1203,2026-07-14 09:33:04,40.0,cash_withdrawal,"miami, us",atm,0
TXN00005737,CUST1301,2026-07-14 09:41:37,123.87,transfer,"los angeles, us",pos,0
TXN00005738,CUST1052,2026-07-14 09:49:28,256.52,transfer,"new york, us",atm,0
TXN00005739,CUST1173,2026-07-14 09:57:04,40.0,cash_withdrawal,"los angeles, us",atm,0
TXN00005740,CUST1155,2026-07-14 10:00:43,31.48,online_retail,"los angeles, us",mobile,0
TXN00005741,CUST1166,2026-07-14 10:04:38,45.14,grocery,"los angeles, us",mobile,0
TXN00005742,CUST1070,2026-07-14 10:10:08,59.89,dining,"new york, us",mobile,0
TXN00005743,CUST1500,2026-07-14 10:18:05,59.69,grocery,"houston, us",mobile,0
TXN00005744,CUST1081,2026-07-14 10:23:34,7.09,travel,"houston, us",pos,0
TXN00005745,CUST1375,2026-07-14 10:24:39,80.84,dining,"houston, us",web,0
TXN00005746,CUST1486,2026-07-14 10:32:13,45.91,dining,"miami, us",mobile,0
TXN00005747,CUST1224,2026-07-14 10:37:48,313.74,online_retail,"new york, us",web,0
TXN00005748,CUST1406,2026-07-14 10:39:23,548.4,transfer,"los angeles, us",mobile,0
TXN00005749,CUST1328,2026-07-14 10:40:13,157.55,online_retail,"houston, us",mobile,0
TXN00005750,CUST1492,2026-07-14 10:42:53,405.88,travel,"chicago, us",atm,0
TXN00005751,CUST1250,2026-07-14 10:43:46,43.91,grocery,"new york, us",mobile,0
TXN00005752,CUST1333,2026-07-14 10:47:09,82.93,online_retail,"new york, us",web,0
TXN00005753,CUST1163,2026-07-14 10:48:22,879.32,transfer,"los angeles, us",web,0
TXN00005754,CUST1090,2026-07-14 10:50:53,200.0,cash_withdrawal,"los angeles, us",atm,0
TXN00005755,CUST1363,2026-07-14 10:51:35,40.75,grocery,"chicago, us",pos,0
TXN00005756,CUST1496,2026-07-14 10:54:40,302.77,transfer,"miami, us",atm,0
TXN00005757,CUST1288,2026-07-14 10:55:05,57.72,grocery,"new york, us",atm,0
TXN00005758,CUST1356,2026-07-14 11:00:14,62.3,grocery,"new york, us",pos,0
TXN00005759,CUST1456,2026-07-14 11:02:24,46.49,dining,"miami, us",atm,0
TXN00005760,CUST1476,2026-07-14 11:06:38,116.52,transfer,"miami, us",mobile,0
TXN00005761,CUST1315,2026-07-14 11:10:56,300.0,cash_withdrawal,"houston, us",atm,0
TXN00005762,CUST1403,2026-07-14 11:16:50,100.0,cash_withdrawal,"miami, us",atm,0
TXN00005763,CUST1183,2026-07-14 11:23:29,29.35,dining,"chicago, us",mobile,0
TXN00005764,CUST1115,2026-07-14 11:24:30,162.88,online_retail,"new york, us",web,0
TXN00005765,CUST1341,2026-07-14 11:24:44,36.49,grocery,"houston, us",mobile,0
TXN00005766,CUST1302,2026-07-14 11:25:25,358.95,travel,"chicago, us",mobile,0
TXN00005767,CUST1418,2026-07-14 11:27:51,20.0,cash_withdrawal,"chicago, us",atm,0
TXN00005768,CUST1090,2026-07-14 11:34:25,870.01,travel,"new york, us",mobile,0
TXN00005769,CUST1194,2026-07-14 11:42:44,835.7,travel,"new york, us",pos,0
TXN00005770,CUST1158,2026-07-14 11:42:57,40.0,cash_withdrawal,"chicago, us",atm,0
TXN00005771,CUST1376,2026-07-14 11:48:47,49.75,dining,"chicago, us",pos,0
TXN00005772,CUST1353,2026-07-14 11:53:55,61.44,dining,"new york, us",atm,0
TXN00005773,CUST1151,2026-07-14 04:00:49,5707.72,transfer,"miami, us",atm,1
TXN00005774,CUST1066,2026-07-14 12:09:24,55.28,grocery,"houston, us",pos,0
TXN00005775,CUST1091,2026-07-14 12:09:55,382.06,travel,"miami, us",web,0
TXN00005776,CUST1374,2026-07-14 12:10:54,1233.37,transfer,"miami, us",pos,0
TXN00005777,CUST1001,2026-07-14 12:12:52,374.25,online_retail,"houston, us",mobile,0
TXN00005778,CUST1486,2026-07-14 12:17:29,29.17,dining,"new york, us",pos,0
TXN00005779,CUST1360,2026-07-14 12:24:24,300.0,cash_withdrawal,"new york, us",atm,0
TXN00005780,CUST1486,2026-07-14 12:24:37,38.57,dining,"houston, us",atm,0
TXN00005781,CUST1294,2026-07-14 12:27:59,66.23,grocery,"chicago, us",web,0
TXN00005782,CUST1201,2026-07-14 12:33:17,382.69,transfer,"miami, us",pos,0
TXN00005783,CUST1436,2026-07-14 12:37:53,485.9,travel,"miami, us",mobile,0
TXN00005784,CUST1395,2026-07-14 12:46:28,26.63,dining,"los angeles, us",mobile,0
TXN00005785,CUST1495,2026-07-14 12:54:50,38.78,dining,"houston, us",web,0
TXN00005786,CUST1291,2026-07-14 13:01:29,187.01,transfer,"houston, us",mobile,0
TXN00005787,CUST1017,2026-07-14 13:03:55,55.53,dining,"houston, us",pos,0
TXN00005788,CUST1094,2026-07-14 13:12:02,163.7,online_retail,"los angeles, us",mobile,0
TXN00005789,CUST1309,2026-07-14 13:16:20,585.97,travel,"houston, us",mobile,0
TXN00005790,CUST1163,2026-07-14 13:20:32,665.52,travel,"houston, us",web,0
TXN00005791,CUST1472,2026-07-14 13:27:09,100.0,cash_withdrawal,"houston, us",atm,0
TXN00005792,CUST1415,2026-07-14 13:30:11,5990.83,online_retail,"miami, us",web,1
TXN00005793,CUST1496,2026-07-14 13:35:30,112.61,travel,"miami, us",atm,0
TXN00005794,CUST1314,2026-07-14 13:39:19,549.41,online_retail,"new york, us",mobile,0
TXN00005795,CUST1114,2026-07-14 13:42:21,44.74,grocery,"houston, us",atm,0
TXN00005796,CUST1328,2026-07-14 13:45:40,1.0,dining,"new york, us",web,0
TXN00005797,CUST1290,2026-07-14 13:51:39,67.39,dining,"houston, us",web,0
TXN00005798,CUST1054,2026-07-14 13:59:24,345.62,transfer,"los angeles, us",pos,0
TXN00005799,CUST1480,2026-07-14 14:02:29,33.71,grocery,"los angeles, us",pos,0
TXN00005800,CUST1255,2026-07-14 14:05:20,396.92,transfer,"houston, us",mobile,0
TXN00005801,CUST1073,2026-07-14 14:12:28,256.09,dining,"sydney, au",mobile,1
TXN00005802,CUST1170,2026-07-14 14:14:40,409.64,travel,"los angeles, us",mobile,0
TXN00005803,CUST1382,2026-07-14 14:22:51,169.85,online_retail,"chicago, us",web,0
TXN00005804,CUST1040,2026-07-14 14:26:05,120.31,online_retail,"tokyo, jp",web,1
TXN00005805,CUST1122,2026-07-14 14:31:55,44.38,grocery,"new york, us",pos,0
TXN00005806,CUST1178,2026-07-14 14:35:29,850.34,travel,"new york, us",pos,0
TXN00005807,CUST1164,2026-07-14 14:38:52,40.0,cash_withdrawal,"chicago, us",atm,0
TXN00005808,CUST1086,2026-07-14 14:44:14,53.97,grocery,"los angeles, us",web,0
TXN00005809,CUST1326,2026-07-14 14:44:53,684.46,transfer,"new york, us",mobile,0
TXN00005810,CUST1454,2026-07-14 14:53:22,23.28,grocery,"miami, us",pos,0
TXN00005811,CUST1494,2026-07-14 14:56:34,44.03,transfer,"los angeles, us",mobile,0
TXN00005812,CUST1046,2026-07-14 15:04:11,1.0,dining,"new york, us",pos,0
TXN00005813,CUST1421,2026-07-14 15:07:10,100.0,cash_withdrawal,"miami, us",atm,0
TXN00005814,CUST1363,2026-07-14 15:14:12,353.3,transfer,"los angeles, us",atm,0
TXN00005815,CUST1344,2026-07-14 15:15:13,461.73,travel,"miami, us",web,0
TXN00005816,CUST1328,2026-07-14 15:15:24,53.92,dining,"new york, us",web,0
TXN00005817,CUST1374,2026-07-14 15:19:27,92.05,online_retail,"houston, us",web,0
TXN00005818,CUST1454,2026-07-14 15:27:02,54.66,grocery,"houston, us",mobile,0
TXN00005819,CUST1172,2026-07-14 15:33:09,84.14,transfer,"new york, us",mobile,0
TXN00005820,CUST1229,2026-07-14 15:36:44,100.0,cash_withdrawal,"los angeles, us",atm,0
TXN00005821,CUST1006,2026-07-14 15:43:05,26.32,grocery,"houston, us",pos,0
TXN00005822,CUST1136,2026-07-14 15:50:22,200.0,cash_withdrawal,"houston, us",atm,0
TXN00005823,CUST1108,2026-07-14 15:58:06,52.24,transfer,"chicago, us",pos,0
TXN00005824,CUST1128,2026-07-14 16:06:09,546.87,travel,"chicago, us",pos,0
TXN00005825,CUST1355,2026-07-14 16:07:30,894.74,travel,"los angeles, us",pos,0
TXN00005826,CUST1035,2026-07-14 16:07:53,40.0,cash_withdrawal,"los angeles, us",atm,0
TXN00005827,CUST1180,2026-07-14 16:13:11,749.19,travel,"los angeles, us",pos,0
TXN00005828,CUST1132,2026-07-14 16:14:23,48.74,transfer,"los angeles, us",web,0
TXN00005829,CUST1403,2026-07-14 16:21:57,19.65,grocery,"chicago, us",mobile,0
TXN00005830,CUST1056,2026-07-14 16:26:38,720.19,travel,"miami, us",web,0
TXN00005831,CUST1369,2026-07-14 16:29:11,69.93,dining,"new york, us",web,0
TXN00005832,CUST1001,2026-07-14 16:37:27,30.1,dining,"los angeles, us",web,0
TXN00005833,CUST1025,2026-07-14 16:43:35,475.61,travel,"los angeles, us",mobile,0
TXN00005834,CUST1198,2026-07-14 16:50:09,887.42,travel,"houston, us",atm,0
TXN00005835,CUST1225,2026-07-14 16:57:16,674.14,travel,"new york, us",web,0
TXN00005836,CUST1376,2026-07-14 16:59:33,916.91,travel,"chicago, us",pos,0
TXN00005837,CUST1215,2026-07-14 17:02:51,100.0,cash_withdrawal,"new york, us",atm,0
TXN00005838,CUST1497,2026-07-14 17:06:52,54.33,grocery,"new york, us",atm,0
TXN00005839,CUST1086,2026-07-14 17:12:18,69.34,online_retail,"los angeles, us",mobile,0
TXN00005840,CUST1453,2026-07-14 17:18:19,40.0,cash_withdrawal,"new york, us",atm,0
TXN00005841,CUST1212,2026-07-14 17:24:06,149.06,transfer,"los angeles, us",atm,0
TXN00005842,CUST1253,2026-07-14 17:31:41,292.16,transfer,"new york, us",atm,0
TXN00005843,CUST1452,2026-07-14 17:35:54,116.15,transfer,"new york, us",pos,0
TXN00005844,CUST1194,2026-07-14 17:40:27,63.77,dining,"los angeles, us",mobile,0
TXN00005845,CUST1180,2026-07-14 17:44:08,213.04,online_retail,"new york, us",mobile,0
TXN00005846,CUST1280,2026-07-14 17:49:56,76.99,dining,"chicago, us",web,0
TXN00005847,CUST1193,2026-07-14 17:51:42,100.0,cash_withdrawal,"chicago, us",atm,0
TXN00005848,CUST1052,2026-07-14 17:51:53,335.65,travel,"chicago, us",pos,0
TXN00005849,CUST1425,2026-07-14 18:00:27,59.45,grocery,"new york, us",atm,0
TXN00005850,CUST1246,2026-07-14 18:06:03,75.19,online_retail,"chicago, us",web,0
TXN00005851,CUST1404,2026-07-14 18:14:23,62.75,grocery,"chicago, us",atm,0
TXN00005852,CUST1443,2026-07-14 18:22:35,704.42,travel,"miami, us",atm,0
TXN00005853,CUST1296,2026-07-14 18:29:41,503.45,online_retail,"new york, us",web,0
TXN00005854,CUST1334,2026-07-14 18:32:35,17.07,dining,"los angeles, us",pos,0
TXN00005855,CUST1389,2026-07-14 18:32:53,100.0,cash_withdrawal,"chicago, us",atm,0
TXN00005856,CUST1352,2026-07-14 18:38:27,300.0,cash_withdrawal,"chicago, us",atm,0
TXN00005857,CUST1116,2026-07-14 18:41:41,53.5,transfer,"houston, us",mobile,0
TXN00005858,CUST1084,2026-07-14 18:49:18,200.0,cash_withdrawal,"new york, us",atm,0
TXN00005859,CUST1232,2026-07-14 18:49:51,716.44,travel,"miami, us",atm,0
TXN00005860,CUST1038,2026-07-14 18:58:17,522.76,transfer,"los angeles, us",mobile,0
TXN00005861,CUST1410,2026-07-14 19:05:20,40.0,cash_withdrawal,"houston, us",atm,0
TXN00005862,CUST1434,2026-07-14 19:11:46,78.01,grocery,"houston, us",atm,0
TXN00005863,CUST1018,2026-07-14 19:14:42,68.65,grocery,"miami, us",web,0
TXN00005864,CUST1151,2026-07-14 19:20:39,54.14,dining,"miami, us",mobile,0
TXN00005865,CUST1011,2026-07-14 19:24:36,64.69,grocery,"los angeles, us",mobile,0
TXN00005866,CUST1164,2026-07-14 19:26:45,59.57,grocery,"los angeles, us",pos,0
TXN00005867,CUST1134,2026-07-14 19:32:05,60.56,online_retail,"houston, us",web,0
TXN00005868,CUST1488,2026-07-14 19:36:23,56.75,grocery,"new york, us",pos,0
TXN00005869,CUST1054,2026-07-14 19:39:57,326.87,transfer,"miami, us",web,0
TXN00005870,CUST1038,2026-07-14 19:46:25,100.0,cash_withdrawal,"chicago, us",atm,0
TXN00005871,CUST1176,2026-07-14 19:51:48,133.13,transfer,"houston, us",pos,0
TXN00005872,CUST1088,2026-07-14 19:58:44,19369.57,transfer,"houston, us",mobile,1
TXN00005873,CUST1455,2026-07-14 19:59:35,41.58,dining,"houston, us",mobile,0
TXN00005874,CUST1193,2026-07-14 20:02:43,191.06,dining,"paris, fr",web,1
TXN00005875,CUST1083,2026-07-14 20:06:32,40.0,cash_withdrawal,"new york, us",atm,0
TXN00005876,CUST1375,2026-07-14 20:14:42,43.08,grocery,"miami, us",web,0
TXN00005877,CUST1039,2026-07-14 20:22:48,37.32,grocery,"miami, us",atm,0
TXN00005878,CUST1281,2026-07-14 20:31:00,40.0,cash_withdrawal,"houston, us",atm,0
TXN00005879,CUST1483,2026-07-14 20:39:06,51.07,dining,"houston, us",web,0
TXN00005880,CUST1460,2026-07-14 20:43:19,100.51,transfer,"los angeles, us",web,0
TXN00005881,CUST1048,2026-07-14 20:51:54,112.29,online_retail,"chicago, us",mobile,0
TXN00005882,CUST1174,2026-07-14 20:57:41,705.17,travel,"miami, us",web,0
TXN00005883,CUST1305,2026-07-14 21:05:09,114.16,online_retail,"houston, us",mobile,0
TXN00005884,CUST1315,2026-07-14 21:11:17,455.52,travel,"new york, us",pos,0
TXN00005885,CUST1458,2026-07-14 21:19:10,31.45,grocery,"new york, us",web,0
TXN00005886,CUST1248,2026-07-14 21:20:11,71.15,transfer,"chicago, us",web,0
TXN00005887,CUST1361,2026-07-14 21:26:36,300.0,cash_withdrawal,"chicago, us",atm,0
TXN00005888,CUST1016,2026-07-14 21:30:03,20.0,cash_withdrawal,"new york, us",atm,0
TXN00005889,CUST1221,2026-07-14 21:32:43,365.06,transfer,"chicago, us",atm,0
TXN00005890,CUST1483,2026-07-14 21:38:03,60.13,grocery,"chicago, us",web,0
TXN00005891,CUST1335,2026-07-14 21:39:52,966.72,travel,"los angeles, us",atm,0
TXN00005892,CUST1085,2026-07-14 21:46:06,65.54,online_retail,"houston, us",web,0
TXN00005893,CUST1311,2026-07-14 21:47:29,198.25,transfer,"los angeles, us",atm,0
TXN00005894,CUST1456,2026-07-14 21:55:04,20.0,cash_withdrawal,"new york, us",atm,0
TXN00005895,CUST1223,2026-07-14 21:59:40,176.0,transfer,"chicago, us",pos,0
TXN00005896,CUST1081,2026-07-14 22:07:18,1262.23,transfer,"miami, us",pos,0
TXN00005897,CUST1028,2026-07-14 22:12:20,50.79,dining,"los angeles, us",mobile,0
TXN00005898,CUST1052,2026-07-14 22:19:11,342.32,travel,"miami, us",web,0
TXN00005899,CUST1170,2026-07-14 22:26:39,34.35,grocery,"houston, us",web,0
TXN00005900,CUST1106,2026-07-14 22:32:55,817.13,travel,"chicago, us",atm,0
TXN00005901,CUST1499,2026-07-14 22:37:23,111.08,travel,"houston, us",atm,0
TXN00005902,CUST1098,2026-07-14 22:37:49,678.57,travel,"houston, us",pos,0
TXN00005903,CUST1210,2026-07-14 22:39:04,36.25,dining,"miami, us",atm,0
TXN00005904,CUST1357,2026-07-14 22:43:28,49.94,dining,"new york, us",atm,0
TXN00005905,CUST1284,2026-07-14 22:50:25,20.0,cash_withdrawal,"miami, us",atm,0
TXN00005906,CUST1370,2026-07-14 22:51:19,20.0,cash_withdrawal,"miami, us",atm,0
TXN00005907,CUST1474,2026-07-14 22:54:03,34.11,dining,"los angeles, us",atm,0
TXN00005908,CUST1374,2026-07-14 23:01:19,54.4,grocery,"los angeles, us",web,0
TXN00005909,CUST1277,2026-07-14 23:07:13,366.25,online_retail,"houston, us",mobile,0
TXN00005910,CUST1136,2026-07-14 23:12:03,37.72,online_retail,"new york, us",web,0
TXN00005911,CUST1339,2026-07-14 23:20:38,38.86,grocery,"miami, us",mobile,0
TXN00005912,CUST1145,2026-07-14 23:28:15,20.0,cash_withdrawal,"chicago, us",atm,0
TXN00005913,CUST1153,2026-07-14 23:32:24,1055.69,transfer,"los angeles, us",atm,0
TXN00005914,CUST1122,2026-07-14 23:34:00,764.44,travel,"miami, us",web,0
TXN00005915,CUST1050,2026-07-14 23:41:48,38.61,dining,"miami, us",mobile,0
TXN00005916,CUST1026,2026-07-14 23:45:46,358.86,transfer,"miami, us",atm,0
TXN00005917,CUST1202,2026-07-14 23:54:04,368.02,travel,"chicago, us",atm,0
TXN00005918,CUST1293,2026-07-14 23:55:13,64.3,online_retail,"chicago, us",web,0
TXN00005919,CUST1282,2026-07-14 23:59:29,452.33,travel,"los angeles, us",mobile,0
TXN00005920,CUST1431,2026-07-15 00:05:18,200.0,cash_withdrawal,"houston, us",atm,0
TXN00005921,CUST1252,2026-07-15 00:10:04,47.33,grocery,"houston, us",atm,0
TXN00005922,CUST1079,2026-07-15 00:12:17,248.14,online_retail,"miami, us",mobile,0
TXN00005923,CUST1028,2026-07-15 00:14:31,36.31,grocery,"los angeles, us",atm,0
TXN00005924,CUST1185,2026-07-15 00:16:29,17.13,dining,"los angeles, us",web,0
TXN00005925,CUST1002,2026-07-15 00:18:06,100.0,cash_withdrawal,"miami, us",atm,0
TXN00005926,CUST1219,2026-07-15 00:24:41,58.12,grocery,"chicago, us",pos,0
TXN00005927,CUST1045,2026-07-15 00:32:54,936.66,travel,"new york, us",pos,0
TXN00005928,CUST1151,2026-07-15 00:38:41,251.19,transfer,"houston, us",web,0
TXN00005929,CUST1422,2026-07-15 00:44:49,284.7,travel,"houston, us",mobile,0
TXN00005930,CUST1339,2026-07-15 00:45:44,359.15,transfer,"chicago, us",pos,0
TXN00005931,CUST1321,2026-07-15 00:46:48,182.17,online_retail,"houston, us",mobile,0
TXN00005932,CUST1308,2026-07-15 00:50:40,29.18,grocery,"houston, us",mobile,0
TXN00005933,CUST1246,2026-07-15 00:59:18,100.0,cash_withdrawal,"miami, us",atm,0
TXN00005934,CUST1103,2026-07-15 01:05:34,200.0,cash_withdrawal,"miami, us",atm,0
TXN00005935,CUST1050,2026-07-15 01:05:58,31.94,transfer,"miami, us",atm,0
TXN00005936,CUST1014,2026-07-15 01:07:30,101.2,online_retail,"miami, us",mobile,0
TXN00005937,CUST1106,2026-07-15 01:15:35,790.97,travel,"los angeles, us",pos,0
TXN00005938,CUST1088,2026-07-15 01:23:40,642.0,travel,"miami, us",pos,0
TXN00005939,CUST1327,2026-07-15 01:26:37,555.84,transfer,"los angeles, us",atm,0
TXN00005940,CUST1150,2026-07-15 01:34:29,836.3,travel,"new york, us",web,0
TXN00005941,CUST1042,2026-07-15 01:37:55,66.36,grocery,"houston, us",atm,0
TXN00005942,CUST1243,2026-07-15 01:44:37,1192.94,transfer,"houston, us",pos,0
TXN00005943,CUST1433,2026-07-15 01:47:10,64.0,dining,"chicago, us",atm,0
TXN00005944,CUST1060,2026-07-15 01:49:12,785.61,travel,"houston, us",pos,0
TXN00005945,CUST1158,2026-07-15 01:55:30,53.96,transfer,"chicago, us",atm,0
TXN00005946,CUST1402,2026-07-15 01:57:51,27.25,dining,"chicago, us",web,0
TXN00005947,CUST1204,2026-07-15 02:03:41,631.77,travel,"chicago, us",pos,0
TXN00005948,CUST1242,2026-07-15 02:07:54,164.78,transfer,"los angeles, us",pos,0
TXN00005949,CUST1251,2026-07-15 02:16:11,41.74,dining,"los angeles, us",atm,0
TXN00005950,CUST1459,2026-07-15 02:24:00,300.0,cash_withdrawal,"new york, us",atm,0
TXN00005951,CUST1339,2026-07-15 02:29:53,19.2,dining,"miami, us",atm,0
TXN00005952,CUST1136,2026-07-15 02:31:06,79.18,grocery,"miami, us",pos,0
TXN00005953,CUST1047,2026-07-15 02:36:56,96.38,online_retail,"los angeles, us",mobile,0
TXN00005954,CUST1329,2026-07-15 02:38:15,61.38,dining,"chicago, us",mobile,0
TXN00005955,CUST1279,2026-07-15 02:46:17,406.64,travel,"miami, us",mobile,0
TXN00005956,CUST1199,2026-07-15 02:51:00,40.0,cash_withdrawal,"los angeles, us",atm,0
TXN00005957,CUST1095,2026-07-15 02:56:34,42.64,dining,"houston, us",web,0
TXN00005958,CUST1190,2026-07-15 03:02:55,20.0,cash_withdrawal,"los angeles, us",atm,0
TXN00005959,CUST1454,2026-07-15 03:07:16,571.32,travel,"chicago, us",mobile,0
TXN00005960,CUST1196,2026-07-15 03:08:12,22.27,dining,"new york, us",atm,0
TXN00005961,CUST1190,2026-07-15 03:15:09,62.77,grocery,"new york, us",pos,0
TXN00005962,CUST1096,2026-07-15 03:21:13,20.45,online_retail,"houston, us",web,0
TXN00005963,CUST1229,2026-07-15 03:24:13,113.59,transfer,"chicago, us",mobile,0
TXN00005964,CUST1023,2026-07-15 03:31:49,374.92,online_retail,"los angeles, us",mobile,0
TXN00005965,CUST1135,2026-07-15 03:33:53,70.9,grocery,"miami, us",atm,0
TXN00005966,CUST1226,2026-07-15 03:42:00,809.84,travel,"los angeles, us",web,0
TXN00005967,CUST1239,2026-07-15 03:47:04,818.21,travel,"houston, us",pos,0
TXN00005968,CUST1135,2026-07-15 03:53:46,20.68,dining,"houston, us",atm,0
TXN00005969,CUST1116,2026-07-15 04:01:49,48.81,grocery,"los angeles, us",web,0
TXN00005970,CUST1429,2026-07-15 04:07:06,45.49,grocery,"miami, us",atm,0
TXN00005971,CUST1138,2026-07-15 04:07:49,19.89,dining,"miami, us",web,0
TXN00005972,CUST1289,2026-07-15 04:13:28,539.49,transfer,"miami, us",pos,0
TXN00005973,CUST1032,2026-07-15 04:16:33,50.19,online_retail,"new york, us",web,0
TXN00005974,CUST1078,2026-07-15 04:19:56,336.91,transfer,"houston, us",atm,0
TXN00005975,CUST1386,2026-07-15 04:27:52,20.0,cash_withdrawal,"miami, us",atm,0
TXN00005976,CUST1357,2026-07-15 04:34:09,690.04,travel,"chicago, us",pos,0
TXN00005977,CUST1342,2026-07-15 04:40:39,1007.23,travel,"houston, us",atm,0
TXN00005978,CUST1050,2026-07-15 04:47:05,25.88,grocery,"los angeles, us",mobile,0
TXN00005979,CUST1044,2026-07-15 04:53:26,35.11,dining,"chicago, us",web,0
TXN00005980,CUST1343,2026-07-15 04:56:51,708.57,travel,"chicago, us",pos,0
TXN00005981,CUST1177,2026-07-15 05:02:35,428.42,travel,"miami, us",web,0
TXN00005982,CUST1414,2026-07-15 05:08:13,173.09,online_retail,"chicago, us",web,0
TXN00005983,CUST1278,2026-07-15 05:15:04,37.35,grocery,"houston, us",mobile,0
TXN00005984,CUST1212,2026-07-15 05:20:01,100.0,cash_withdrawal,"chicago, us",atm,0
TXN00005985,CUST1498,2026-07-15 05:28:25,963.03,travel,"new york, us",atm,0
TXN00005986,CUST1388,2026-07-15 05:35:53,63.77,transfer,"miami, us",mobile,0
TXN00005987,CUST1302,2026-07-15 05:39:46,40.0,cash_withdrawal,"los angeles, us",atm,0
TXN00005988,CUST1117,2026-07-15 05:46:49,603.54,travel,"new york, us",web,0
TXN00005989,CUST1284,2026-07-15 05:48:58,42.4,grocery,"los angeles, us",atm,0
TXN00005990,CUST1032,2026-07-15 05:51:02,23.01,dining,"miami, us",pos,0
TXN00005991,CUST1431,2026-07-15 05:53:24,25.83,online_retail,"los angeles, us",web,0
TXN00005992,CUST1199,2026-07-15 05:54:33,100.0,cash_withdrawal,"new york, us",atm,0
TXN00005993,CUST1420,2026-07-15 05:57:11,115.12,transfer,"miami, us",mobile,0
TXN00005994,CUST1268,2026-07-15 05:58:05,263.89,online_retail,"new york, us",mobile,0
TXN00005995,CUST1215,2026-07-15 05:59:12,25.01,dining,"new york, us",mobile,0
TXN00005996,CUST1495,2026-07-15 06:00:07,35.57,dining,"new york, us",atm,0
TXN00005997,CUST1275,2026-07-15 06:03:11,305.76,travel,"miami, us",web,0
TXN00005998,CUST1352,2026-07-15 06:09:40,74.65,transfer,"chicago, us",atm,0
TXN00005999,CUST1444,2026-07-15 06:14:53,76.41,dining,"miami, us",web,0
TXN00006000,CUST1480,2026-07-15 06:23:02,44.92,grocery,"chicago, us",pos,0
TXN00006001,CUST1244,2026-07-15 06:24:48,556.96,travel,"chicago, us",pos,0
TXN00006002,CUST1294,2026-07-15 06:31:19,18.74,online_retail,"chicago, us",mobile,0
TXN00006003,CUST1452,2026-07-15 06:39:31,652.37,travel,"los angeles, us",mobile,0
TXN00006004,CUST1121,2026-07-15 06:40:40,35.23,grocery,"new york, us",atm,0
TXN00006005,CUST1244,2026-07-15 06:45:43,40.0,cash_withdrawal,"houston, us",atm,0
TXN00006006,CUST1154,2026-07-15 06:49:01,39.88,dining,"los angeles, us",mobile,0
TXN00006007,CUST1041,2026-07-15 06:50:16,575.35,transfer,"miami, us",pos,0
TXN00006008,CUST1203,2026-07-15 06:57:42,60.0,cash_withdrawal,"chicago, us",atm,0
TXN00006009,CUST1463,2026-07-15 07:00:32,98.56,online_retail,"miami, us",mobile,0
TXN00006010,CUST1438,2026-07-15 07:08:50,40.0,cash_withdrawal,"new york, us",atm,0
TXN00006011,CUST1366,2026-07-15 07:12:14,61.76,grocery,"new york, us",atm,0
TXN00006012,CUST1018,2026-07-15 07:17:19,60.43,dining,"houston, us",mobile,0
TXN00006013,CUST1258,2026-07-15 07:23:46,58.38,dining,"los angeles, us",atm,0
TXN00006014,CUST1293,2026-07-15 07:23:56,38.67,online_retail,"new york, us",mobile,0
TXN00006015,CUST1462,2026-07-15 07:26:45,154.46,transfer,"new york, us",web,0
TXN00006016,CUST1265,2026-07-15 07:27:26,300.0,cash_withdrawal,"miami, us",atm,0
TXN00006017,CUST1410,2026-07-15 07:32:38,40.8,grocery,"los angeles, us",mobile,0
TXN00006018,CUST1293,2026-07-15 07:37:22,52.94,grocery,"los angeles, us",pos,0
TXN00006019,CUST1347,2026-07-15 07:39:09,736.45,travel,"chicago, us",pos,0
TXN00006020,CUST1318,2026-07-15 07:46:32,17.43,grocery,"new york, us",atm,0
TXN00006021,CUST1076,2026-07-15 07:50:00,20.0,cash_withdrawal,"chicago, us",atm,0
TXN00006022,CUST1062,2026-07-15 07:58:31,846.88,online_retail,"los angeles, us",mobile,0
TXN00006023,CUST1487,2026-07-15 08:02:17,70.18,grocery,"new york, us",mobile,0
TXN00006024,CUST1388,2026-07-15 08:05:10,189.73,transfer,"miami, us",pos,0
TXN00006025,CUST1230,2026-07-15 08:11:54,60.0,cash_withdrawal,"new york, us",atm,0
TXN00006026,CUST1089,2026-07-15 08:15:10,48.37,grocery,"los angeles, us",mobile,0
TXN00006027,CUST1486,2026-07-15 08:22:08,40.0,cash_withdrawal,"new york, us",atm,0
TXN00006028,CUST1086,2026-07-15 08:28:05,497.47,transfer,"houston, us",web,0
TXN00006029,CUST1498,2026-07-15 08:36:13,145.73,online_retail,"chicago, us",web,0
TXN00006030,CUST1109,2026-07-15 08:43:10,336.52,online_retail,"miami, us",web,0
TXN00006031,CUST1414,2026-07-15 08:44:24,89.38,online_retail,"chicago, us",mobile,0
TXN00006032,CUST1099,2026-07-15 08:49:00,298.13,transfer,"houston, us",web,0
TXN00006033,CUST1065,2026-07-15 08:54:49,16.72,dining,"houston, us",atm,0
TXN00006034,CUST1022,2026-07-15 09:00:07,77.47,grocery,"miami, us",web,0
TXN00006035,CUST1217,2026-07-15 09:05:19,66.75,transfer,"chicago, us",pos,0
TXN00006036,CUST1041,2026-07-15 09:07:22,24.73,online_retail,"chicago, us",web,0
TXN00006037,CUST1350,2026-07-15 09:08:26,416.68,travel,"los angeles, us",web,0
TXN00006038,CUST1223,2026-07-15 09:11:58,39.95,grocery,"houston, us",pos,0
TXN00006039,CUST1104,2026-07-15 09:12:12,60.0,cash_withdrawal,"new york, us",atm,0
TXN00006040,CUST1422,2026-07-15 09:16:57,36.86,grocery,"chicago, us",pos,0
TXN00006041,CUST1322,2026-07-15 09:24:23,231.59,transfer,"houston, us",mobile,0
TXN00006042,CUST1076,2026-07-15 09:28:28,62.97,dining,"miami, us",mobile,0
TXN00006043,CUST1428,2026-07-15 09:31:19,20.0,cash_withdrawal,"miami, us",atm,0
TXN00006044,CUST1305,2026-07-15 09:32:43,73.2,transfer,"miami, us",pos,0
TXN00006045,CUST1133,2026-07-15 09:39:50,34.69,dining,"miami, us",atm,0
TXN00006046,CUST1164,2026-07-15 09:48:02,451.1,transfer,"chicago, us",mobile,0
TXN00006047,CUST1467,2026-07-15 09:50:43,60.73,dining,"miami, us",pos,0
TXN00006048,CUST1373,2026-07-15 09:58:01,33.3,online_retail,"chicago, us",web,0
TXN00006049,CUST1469,2026-07-15 10:00:03,32.43,grocery,"chicago, us",pos,0
TXN00006050,CUST1414,2026-07-15 10:04:28,85.48,dining,"new york, us",web,0
TXN00006051,CUST1035,2026-07-15 10:10:26,119.48,online_retail,"houston, us",mobile,0
TXN00006052,CUST1045,2026-07-15 10:14:29,39.67,dining,"chicago, us",pos,0
TXN00006053,CUST1199,2026-07-15 10:15:54,48.41,grocery,"chicago, us",pos,0
TXN00006054,CUST1285,2026-07-15 10:21:11,199.91,online_retail,"new york, us",web,0
TXN00006055,CUST1204,2026-07-15 10:23:46,1016.85,travel,"houston, us",pos,0
TXN00006056,CUST1283,2026-07-15 10:25:10,497.13,travel,"houston, us",atm,0
TXN00006057,CUST1167,2026-07-15 10:31:42,40.0,cash_withdrawal,"chicago, us",atm,0
TXN00006058,CUST1439,2026-07-15 10:37:32,99.59,transfer,"new york, us",web,0
TXN00006059,CUST1142,2026-07-15 10:44:56,689.06,travel,"los angeles, us",pos,0
TXN00006060,CUST1267,2026-07-15 10:51:56,68.92,grocery,"houston, us",atm,0
TXN00006061,CUST1235,2026-07-15 10:59:09,45.5,online_retail,"houston, us",web,0
TXN00006062,CUST1470,2026-07-15 11:05:18,52.8,dining,"chicago, us",pos,0
TXN00006063,CUST1448,2026-07-15 11:05:45,13.68,dining,"miami, us",atm,0
TXN00006064,CUST1007,2026-07-15 11:11:01,33.86,dining,"new york, us",atm,0
TXN00006065,CUST1403,2026-07-15 11:13:54,68.01,grocery,"miami, us",pos,0
TXN00006066,CUST1359,2026-07-15 11:16:42,109.64,transfer,"houston, us",mobile,0
TXN00006067,CUST1320,2026-07-15 11:21:09,47.73,dining,"miami, us",web,0
TXN00006068,CUST1301,2026-07-15 11:29:46,99.15,online_retail,"los angeles, us",mobile,0
TXN00006069,CUST1268,2026-07-15 11:35:48,56.76,dining,"miami, us",mobile,0
TXN00006070,CUST1401,2026-07-15 11:37:01,110.39,online_retail,"los angeles, us",web,0
TXN00006071,CUST1215,2026-07-15 11:39:31,88.54,transfer,"houston, us",atm,0
TXN00006072,CUST1058,2026-07-15 11:46:55,157.85,online_retail,"chicago, us",mobile,0
TXN00006073,CUST1213,2026-07-15 11:53:06,153.3,transfer,"los angeles, us",pos,0
TXN00006074,CUST1077,2026-07-15 11:58:09,1650.94,transfer,"new york, us",mobile,0
TXN00006075,CUST1076,2026-07-15 12:02:23,1.0,dining,"chicago, us",web,0
TXN00006076,CUST1291,2026-07-15 12:07:56,1.0,dining,"chicago, us",pos,0
TXN00006077,CUST1302,2026-07-15 12:15:10,56.28,dining,"houston, us",web,0
TXN00006078,CUST1299,2026-07-15 12:17:10,632.15,travel,"miami, us",web,0
TXN00006079,CUST1389,2026-07-15 12:21:33,504.06,transfer,"houston, us",atm,0
TXN00006080,CUST1494,2026-07-15 12:24:12,99.98,online_retail,"miami, us",mobile,0
TXN00006081,CUST1482,2026-07-15 12:30:22,52.75,dining,"miami, us",mobile,0
TXN00006082,CUST1052,2026-07-15 12:38:46,1004.08,travel,"new york, us",pos,0
TXN00006083,CUST1474,2026-07-15 12:42:08,251.82,travel,"new york, us",pos,0
TXN00006084,CUST1055,2026-07-15 12:42:48,207.05,transfer,"houston, us",pos,0
TXN00006085,CUST1289,2026-07-15 12:51:20,52.32,online_retail,"miami, us",mobile,0
TXN00006086,CUST1400,2026-07-15 12:58:24,49.48,grocery,"houston, us",atm,0
TXN00006087,CUST1052,2026-07-15 13:01:24,300.0,cash_withdrawal,"los angeles, us",atm,0
TXN00006088,CUST1403,2026-07-15 13:02:52,758.97,transfer,"houston, us",mobile,0
TXN00006089,CUST1147,2026-07-15 13:10:05,200.0,cash_withdrawal,"miami, us",atm,0
TXN00006090,CUST1445,2026-07-15 13:16:21,142.57,transfer,"new york, us",mobile,0
TXN00006091,CUST1275,2026-07-15 13:18:18,40.91,dining,"miami, us",web,0
TXN00006092,CUST1451,2026-07-15 13:25:42,159.77,online_retail,"new york, us",mobile,0
TXN00006093,CUST1177,2026-07-15 13:32:07,59.35,grocery,"new york, us",web,0
TXN00006094,CUST1450,2026-07-15 13:40:15,127.44,online_retail,"new york, us",web,0
TXN00006095,CUST1211,2026-07-15 13:47:19,61.57,transfer,"los angeles, us",web,0
TXN00006096,CUST1136,2026-07-15 13:49:24,400.09,travel,"los angeles, us",atm,0
TXN00006097,CUST1197,2026-07-15 13:55:32,46.28,grocery,"new york, us",web,0
TXN00006098,CUST1336,2026-07-15 14:01:58,312.62,transfer,"houston, us",web,0
TXN00006099,CUST1249,2026-07-15 14:02:34,98.83,online_retail,"miami, us",web,0
TXN00006100,CUST1293,2026-07-15 14:10:36,26.17,dining,"houston, us",mobile,0
TXN00006101,CUST1312,2026-07-15 14:18:09,771.89,travel,"houston, us",atm,0
TXN00006102,CUST1243,2026-07-15 14:24:56,73.94,transfer,"chicago, us",web,0
TXN00006103,CUST1020,2026-07-15 14:26:37,40.0,cash_withdrawal,"chicago, us",atm,0
TXN00006104,CUST1089,2026-07-15 14:34:05,88.22,online_retail,"los angeles, us",mobile,0
TXN00006105,CUST1142,2026-07-15 14:38:24,649.41,travel,"houston, us",pos,0
TXN00006106,CUST1207,2026-07-15 14:44:46,56.01,grocery,"houston, us",pos,0
TXN00006107,CUST1074,2026-07-15 14:48:16,91.43,online_retail,"chicago, us",mobile,0
TXN00006108,CUST1317,2026-07-15 14:50:59,37.16,grocery,"los angeles, us",atm,0
TXN00006109,CUST1312,2026-07-15 14:59:33,608.89,travel,"houston, us",web,0
TXN00006110,CUST1349,2026-07-15 15:06:40,1271.55,transfer,"chicago, us",mobile,0
TXN00006111,CUST1356,2026-07-15 15:12:27,100.0,cash_withdrawal,"houston, us",atm,0
TXN00006112,CUST1206,2026-07-15 15:20:24,15.3,dining,"chicago, us",web,0
TXN00006113,CUST1020,2026-07-15 15:27:48,100.0,cash_withdrawal,"new york, us",atm,0
TXN00006114,CUST1203,2026-07-15 15:29:19,59.15,dining,"houston, us",web,0
TXN00006115,CUST1456,2026-07-15 15:37:56,200.0,cash_withdrawal,"chicago, us",atm,0
TXN00006116,CUST1451,2026-07-15 15:38:17,21.53,dining,"chicago, us",atm,0
TXN00006117,CUST1170,2026-07-15 15:43:07,1032.98,transfer,"los angeles, us",web,0
TXN00006118,CUST1354,2026-07-15 15:46:37,38.82,online_retail,"los angeles, us",mobile,0
TXN00006119,CUST1122,2026-07-15 15:49:39,20.0,cash_withdrawal,"miami, us",atm,0
TXN00006120,CUST1026,2026-07-15 15:53:25,650.74,travel,"chicago, us",atm,0
TXN00006121,CUST1382,2026-07-15 15:59:22,333.26,transfer,"miami, us",mobile,0
TXN00006122,CUST1244,2026-07-15 16:03:34,52.25,online_retail,"miami, us",web,0
TXN00006123,CUST1472,2026-07-15 16:12:11,40.0,cash_withdrawal,"los angeles, us",atm,0
TXN00006124,CUST1138,2026-07-15 16:15:19,399.29,transfer,"los angeles, us",pos,0
TXN00006125,CUST1460,2026-07-15 16:21:56,773.19,travel,"los angeles, us",web,0
TXN00006126,CUST1191,2026-07-15 16:25:26,66.59,grocery,"houston, us",web,0
TXN00006127,CUST1011,2026-07-15 16:28:56,305.96,transfer,"miami, us",pos,0
TXN00006128,CUST1173,2026-07-15 16:29:42,306.48,travel,"new york, us",web,0
TXN00006129,CUST1419,2026-07-15 16:34:22,402.83,travel,"chicago, us",pos,0
TXN00006130,CUST1407,2026-07-15 16:40:44,63.46,grocery,"new york, us",pos,0
TXN00006131,CUST1156,2026-07-15 16:43:18,62.6,dining,"miami, us",atm,0
TXN00006132,CUST1160,2026-07-15 16:45:52,26.51,dining,"houston, us",atm,0
TXN00006133,CUST1144,2026-07-15 16:51:58,119.09,transfer,"chicago, us",atm,0
TXN00006134,CUST1432,2026-07-15 17:00:00,300.0,cash_withdrawal,"new york, us",atm,0
TXN00006135,CUST1252,2026-07-15 17:01:49,25.12,dining,"chicago, us",mobile,0
TXN00006136,CUST1440,2026-07-15 17:07:57,28.35,grocery,"houston, us",atm,0
TXN00006137,CUST1357,2026-07-15 17:15:25,30.34,dining,"chicago, us",pos,0
TXN00006138,CUST1351,2026-07-15 17:20:15,579.32,travel,"los angeles, us",web,0
TXN00006139,CUST1051,2026-07-15 17:23:46,44.86,dining,"houston, us",mobile,0
TXN00006140,CUST1498,2026-07-15 17:24:45,837.83,travel,"chicago, us",web,0
TXN00006141,CUST1445,2026-07-15 17:26:02,50.54,dining,"los angeles, us",mobile,0
TXN00006142,CUST1117,2026-07-15 17:28:57,47.14,grocery,"new york, us",atm,0
TXN00006143,CUST1069,2026-07-15 17:35:32,550.45,travel,"new york, us",pos,0
TXN00006144,CUST1154,2026-07-15 17:42:27,57.65,grocery,"chicago, us",mobile,0
TXN00006145,CUST1499,2026-07-15 17:47:34,16.88,online_retail,"miami, us",mobile,0
TXN00006146,CUST1381,2026-07-15 17:55:07,312.29,transfer,"new york, us",pos,0
TXN00006147,CUST1227,2026-07-15 18:02:09,130.85,transfer,"new york, us",web,0
TXN00006148,CUST1397,2026-07-15 18:02:46,60.0,cash_withdrawal,"new york, us",atm,0
TXN00006149,CUST1423,2026-07-15 18:10:11,158.0,transfer,"chicago, us",web,0
TXN00006150,CUST1165,2026-07-15 18:18:19,69.09,grocery,"miami, us",atm,0
TXN00006151,CUST1138,2026-07-15 18:24:32,766.57,travel,"los angeles, us",web,0
TXN00006152,CUST1374,2026-07-15 18:27:17,173.43,transfer,"miami, us",mobile,0
TXN00006153,CUST1214,2026-07-15 18:31:21,58.67,grocery,"los angeles, us",web,0
TXN00006154,CUST1310,2026-07-15 18:37:06,451.05,online_retail,"houston, us",web,0
TXN00006155,CUST1331,2026-07-15 18:38:39,176.5,transfer,"miami, us",mobile,0
TXN00006156,CUST1046,2026-07-15 18:43:44,576.92,travel,"new york, us",mobile,0
TXN00006157,CUST1097,2026-07-15 18:45:04,73.34,grocery,"miami, us",mobile,0
TXN00006158,CUST1227,2026-07-15 18:49:00,49.8,dining,"houston, us",pos,0
TXN00006159,CUST1109,2026-07-15 18:55:06,736.91,travel,"chicago, us",mobile,0
TXN00006160,CUST1468,2026-07-15 18:59:23,58.49,grocery,"houston, us",mobile,0
TXN00006161,CUST1422,2026-07-15 19:02:02,28.9,dining,"miami, us",atm,0
TXN00006162,CUST1209,2026-07-15 19:09:51,294.7,online_retail,"chicago, us",web,0
TXN00006163,CUST1380,2026-07-15 19:11:15,40.0,cash_withdrawal,"new york, us",atm,0
TXN00006164,CUST1249,2026-07-15 19:13:12,61.19,online_retail,"houston, us",mobile,0
TXN00006165,CUST1389,2026-07-15 19:15:13,932.6,transfer,"chicago, us",mobile,0
TXN00006166,CUST1265,2026-07-15 19:22:14,1197.09,travel,"new york, us",mobile,0
TXN00006167,CUST1445,2026-07-15 19:28:47,67.76,grocery,"los angeles, us",mobile,0
TXN00006168,CUST1192,2026-07-15 19:30:37,100.0,cash_withdrawal,"chicago, us",atm,0
TXN00006169,CUST1421,2026-07-15 19:37:03,60.84,grocery,"houston, us",mobile,0
TXN00006170,CUST1029,2026-07-15 19:42:46,627.95,travel,"los angeles, us",web,0
TXN00006171,CUST1264,2026-07-15 19:43:00,65.11,grocery,"new york, us",web,0
TXN00006172,CUST1406,2026-07-15 19:46:15,57.77,grocery,"new york, us",web,0
TXN00006173,CUST1082,2026-07-15 19:52:36,606.55,travel,"chicago, us",atm,0
TXN00006174,CUST1034,2026-07-15 20:00:04,45.45,grocery,"los angeles, us",web,0
TXN00006175,CUST1160,2026-07-15 20:05:08,579.77,travel,"chicago, us",pos,0
TXN00006176,CUST1364,2026-07-15 20:06:10,1.0,travel,"los angeles, us",pos,0
TXN00006177,CUST1260,2026-07-15 20:12:07,44.21,dining,"chicago, us",web,0
TXN00006178,CUST1207,2026-07-15 20:18:59,42.67,grocery,"new york, us",web,0
TXN00006179,CUST1070,2026-07-15 20:27:35,998.17,travel,"new york, us",web,0
TXN00006180,CUST1400,2026-07-15 20:35:04,40.39,dining,"new york, us",mobile,0
TXN00006181,CUST1436,2026-07-15 20:36:29,432.08,dining,"sydney, au",mobile,1
TXN00006182,CUST1269,2026-07-15 20:39:51,20.0,cash_withdrawal,"chicago, us",atm,0
TXN00006183,CUST1451,2026-07-15 20:48:07,34.27,online_retail,"new york, us",web,0
TXN00006184,CUST1292,2026-07-15 20:56:40,20.0,cash_withdrawal,"houston, us",atm,0
TXN00006185,CUST1015,2026-07-15 21:00:28,333.46,transfer,"miami, us",web,0
TXN00006186,CUST1089,2026-07-15 21:06:25,52.02,grocery,"chicago, us",web,0
TXN00006187,CUST1099,2026-07-15 21:13:45,48.22,grocery,"los angeles, us",mobile,0
TXN00006188,CUST1449,2026-07-15 21:15:21,18.32,dining,"chicago, us",pos,0
TXN00006189,CUST1427,2026-07-15 21:23:25,1003.73,transfer,"chicago, us",mobile,0
TXN00006190,CUST1103,2026-07-15 21:24:03,689.43,travel,"chicago, us",atm,0
TXN00006191,CUST1429,2026-07-15 21:25:02,402.28,travel,"miami, us",pos,0
TXN00006192,CUST1030,2026-07-15 21:28:14,157.86,online_retail,"miami, us",web,0
TXN00006193,CUST1128,2026-07-15 21:36:42,40.68,dining,"los angeles, us",atm,0
TXN00006194,CUST1017,2026-07-15 21:40:54,792.08,travel,"miami, us",pos,0
TXN00006195,CUST1234,2026-07-15 21:42:35,530.83,transfer,"chicago, us",mobile,0
TXN00006196,CUST1026,2026-07-15 21:50:48,40.63,grocery,"new york, us",pos,0
TXN00006197,CUST1471,2026-07-15 21:51:24,1178.22,transfer,"new york, us",pos,0
TXN00006198,CUST1185,2026-07-15 21:52:34,200.0,cash_withdrawal,"new york, us",atm,0
TXN00006199,CUST1361,2026-07-15 22:01:05,114.53,online_retail,"new york, us",web,0
TXN00006200,CUST1102,2026-07-15 22:05:38,1001.08,travel,"chicago, us",web,0
TXN00006201,CUST1141,2026-07-15 22:11:20,528.73,travel,"los angeles, us",web,0
TXN00006202,CUST1189,2026-07-15 22:14:23,171.05,dining,"tokyo, jp",web,1
TXN00006203,CUST1422,2026-07-15 22:19:36,128.75,online_retail,"new york, us",mobile,0
TXN00006204,CUST1238,2026-07-15 22:23:28,22.63,dining,"los angeles, us",atm,0
TXN00006205,CUST1259,2026-07-15 22:31:54,91.19,online_retail,"los angeles, us",web,0
TXN00006206,CUST1204,2026-07-15 22:33:20,297.89,online_retail,"chicago, us",mobile,0
TXN00006207,CUST1326,2026-07-15 22:38:51,51.47,grocery,"chicago, us",web,0
TXN00006208,CUST1473,2026-07-15 22:45:10,601.7,transfer,"los angeles, us",web,0
TXN00006209,CUST1064,2026-07-15 22:48:46,51.35,transfer,"miami, us",atm,0
TXN00006210,CUST1349,2026-07-15 22:51:01,48.53,transfer,"miami, us",pos,0
TXN00006211,CUST1016,2026-07-15 22:51:28,55.71,online_retail,"houston, us",mobile,0
TXN00006212,CUST1124,2026-07-15 22:52:38,29.3,dining,"new york, us",pos,0
TXN00006213,CUST1191,2026-07-15 22:54:51,673.74,travel,"los angeles, us",web,0
TXN00006214,CUST1251,2026-07-15 22:58:24,312.76,transfer,"new york, us",mobile,0
TXN00006215,CUST1305,2026-07-15 23:02:44,152.05,transfer,"chicago, us",mobile,0
TXN00006216,CUST1229,2026-07-15 23:05:28,200.0,cash_withdrawal,"los angeles, us",atm,0
TXN00006217,CUST1091,2026-07-15 23:11:30,486.65,transfer,"new york, us",atm,0
TXN00006218,CUST1492,2026-07-15 23:16:45,765.28,travel,"chicago, us",atm,0
TXN00006219,CUST1446,2026-07-15 23:25:03,300.0,cash_withdrawal,"chicago, us",atm,0
TXN00006220,CUST1243,2026-07-15 23:26:41,50.32,online_retail,"houston, us",mobile,0
TXN00006221,CUST1301,2026-07-15 23:32:25,395.17,transfer,"chicago, us",pos,0
TXN00006222,CUST1283,2026-07-15 23:38:56,640.68,transfer,"chicago, us",web,0
TXN00006223,CUST1180,2026-07-15 23:42:18,14.7,dining,"houston, us",mobile,0
TXN00006224,CUST1177,2026-07-15 23:49:05,351.39,travel,"chicago, us",mobile,0
TXN00006225,CUST1084,2026-07-15 23:55:09,662.39,travel,"los angeles, us",mobile,0
TXN00006226,CUST1429,2026-07-16 00:03:46,187.34,transfer,"chicago, us",atm,0
TXN00006227,CUST1458,2026-07-16 00:10:43,72.61,transfer,"los angeles, us",atm,0
TXN00006228,CUST1133,2026-07-16 00:16:36,381.54,transfer,"los angeles, us",atm,0
TXN00006229,CUST1384,2026-07-16 00:22:23,43.94,grocery,"houston, us",mobile,0
TXN00006230,CUST1426,2026-07-16 00:23:18,666.37,travel,"miami, us",mobile,0
TXN00006231,CUST1353,2026-07-16 00:30:06,115.83,online_retail,"miami, us",web,0
TXN00006232,CUST1047,2026-07-16 00:34:13,262.81,online_retail,"miami, us",web,0
TXN00006233,CUST1146,2026-07-16 00:41:45,20.0,cash_withdrawal,"miami, us",atm,0
TXN00006234,CUST1015,2026-07-16 00:48:53,605.71,travel,"new york, us",mobile,0
TXN00006235,CUST1198,2026-07-16 00:54:35,61.06,grocery,"houston, us",atm,0
TXN00006236,CUST1026,2026-07-16 00:58:00,20.0,cash_withdrawal,"chicago, us",atm,0
TXN00006237,CUST1084,2026-07-16 01:00:30,920.4,transfer,"miami, us",atm,0
TXN00006238,CUST1438,2026-07-16 01:06:03,19.92,travel,"houston, us",mobile,0
TXN00006239,CUST1293,2026-07-16 01:11:47,585.56,transfer,"miami, us",atm,0
TXN00006240,CUST1400,2026-07-16 01:15:44,795.66,travel,"miami, us",web,0
TXN00006241,CUST1495,2026-07-16 01:19:02,111.88,online_retail,"new york, us",mobile,0
TXN00006242,CUST1110,2026-07-16 01:19:17,211.54,transfer,"miami, us",atm,0
TXN00006243,CUST1439,2026-07-16 01:20:28,111.09,online_retail,"houston, us",mobile,0
TXN00006244,CUST1114,2026-07-16 01:21:37,45.58,dining,"miami, us",pos,0
TXN00006245,CUST1332,2026-07-16 01:22:29,300.0,cash_withdrawal,"new york, us",atm,0
TXN00006246,CUST1116,2026-07-16 01:23:41,54.37,grocery,"los angeles, us",mobile,0
TXN00006247,CUST1347,2026-07-16 01:28:01,87.51,online_retail,"los angeles, us",mobile,0
TXN00006248,CUST1106,2026-07-16 01:33:39,141.62,transfer,"miami, us",atm,0
TXN00006249,CUST1138,2026-07-16 01:39:31,223.14,transfer,"miami, us",web,0
TXN00006250,CUST1334,2026-07-16 01:47:26,137.57,online_retail,"houston, us",mobile,0
TXN00006251,CUST1210,2026-07-16 01:51:56,782.74,travel,"chicago, us",atm,0
TXN00006252,CUST1263,2026-07-16 01:54:01,40.24,grocery,"chicago, us",mobile,0
TXN00006253,CUST1011,2026-07-16 01:54:22,219.94,transfer,"new york, us",atm,0
TXN00006254,CUST1443,2026-07-16 01:59:32,25.33,dining,"miami, us",atm,0
TXN00006255,CUST1400,2026-07-16 02:04:35,33.81,dining,"houston, us",atm,0
TXN00006256,CUST1496,2026-07-16 02:13:10,22.31,dining,"miami, us",pos,0
TXN00006257,CUST1393,2026-07-16 02:18:13,29.59,dining,"los angeles, us",web,0
TXN00006258,CUST1350,2026-07-16 02:22:28,200.0,cash_withdrawal,"miami, us",atm,0
TXN00006259,CUST1005,2026-07-16 02:24:58,102.61,online_retail,"los angeles, us",mobile,0
TXN00006260,CUST1243,2026-07-16 02:31:03,65.03,online_retail,"new york, us",web,0
TXN00006261,CUST1467,2026-07-16 02:37:34,587.03,travel,"chicago, us",atm,0
TXN00006262,CUST1068,2026-07-16 02:38:32,127.83,online_retail,"los angeles, us",mobile,0
TXN00006263,CUST1332,2026-07-16 02:45:28,130.35,online_retail,"miami, us",web,0
TXN00006264,CUST1089,2026-07-16 02:50:41,200.0,cash_withdrawal,"los angeles, us",atm,0
TXN00006265,CUST1308,2026-07-16 02:52:23,47.96,grocery,"new york, us",web,0
TXN00006266,CUST1411,2026-07-16 02:55:49,38.74,grocery,"miami, us",atm,0
TXN00006267,CUST1005,2026-07-16 03:00:06,515.1,online_retail,"chicago, us",mobile,0
TXN00006268,CUST1115,2026-07-16 03:05:46,300.0,cash_withdrawal,"houston, us",atm,0
TXN00006269,CUST1130,2026-07-16 03:11:55,19.34,grocery,"chicago, us",pos,0
TXN00006270,CUST1312,2026-07-16 03:15:47,162.13,transfer,"los angeles, us",mobile,0
TXN00006271,CUST1413,2026-07-16 03:18:29,109.61,transfer,"chicago, us",atm,0
TXN00006272,CUST1483,2026-07-16 03:23:31,20.0,cash_withdrawal,"new york, us",atm,0
TXN00006273,CUST1157,2026-07-16 03:24:45,46.06,grocery,"houston, us",web,0
TXN00006274,CUST1365,2026-07-16 03:25:45,8.08,dining,"new york, us",atm,0
TXN00006275,CUST1496,2026-07-16 03:28:41,38.91,grocery,"los angeles, us",web,0
TXN00006276,CUST1364,2026-07-16 03:29:23,195.32,online_retail,"houston, us",mobile,0
TXN00006277,CUST1330,2026-07-16 03:35:38,53.05,dining,"new york, us",web,0
TXN00006278,CUST1141,2026-07-16 03:43:33,38.86,dining,"houston, us",pos,0
TXN00006279,CUST1217,2026-07-16 03:51:04,468.65,transfer,"new york, us",pos,0
TXN00006280,CUST1459,2026-07-16 03:58:01,515.92,travel,"houston, us",atm,0
TXN00006281,CUST1193,2026-07-16 04:02:46,20.0,cash_withdrawal,"houston, us",atm,0
TXN00006282,CUST1437,2026-07-16 04:04:30,72.04,online_retail,"los angeles, us",mobile,0
TXN00006283,CUST1179,2026-07-16 04:08:07,268.85,transfer,"chicago, us",web,0
TXN00006284,CUST1236,2026-07-16 04:15:13,300.0,cash_withdrawal,"new york, us",atm,0
TXN00006285,CUST1130,2026-07-16 04:21:21,53.19,dining,"houston, us",pos,0
TXN00006286,CUST1112,2026-07-16 04:21:41,40.0,cash_withdrawal,"houston, us",atm,0
TXN00006287,CUST1239,2026-07-16 04:25:12,60.0,cash_withdrawal,"miami, us",atm,0
TXN00006288,CUST1155,2026-07-16 04:30:06,37.94,grocery,"houston, us",pos,0
TXN00006289,CUST1347,2026-07-16 04:37:14,46.15,dining,"houston, us",web,0
TXN00006290,CUST1267,2026-07-16 04:41:58,35.04,dining,"los angeles, us",web,0
TXN00006291,CUST1423,2026-07-16 04:48:49,930.1,travel,"miami, us",atm,0
TXN00006292,CUST1320,2026-07-16 04:55:54,381.39,travel,"new york, us",pos,0
TXN00006293,CUST1204,2026-07-16 05:00:35,756.9,travel,"miami, us",pos,0
TXN00006294,CUST1300,2026-07-16 05:04:55,300.0,cash_withdrawal,"chicago, us",atm,0
TXN00006295,CUST1053,2026-07-16 05:05:37,30.31,online_retail,"new york, us",web,0
TXN00006296,CUST1004,2026-07-16 05:10:12,45.81,grocery,"houston, us",atm,0
TXN00006297,CUST1262,2026-07-16 05:17:30,49.57,grocery,"chicago, us",pos,0
TXN00006298,CUST1340,2026-07-16 05:22:39,30.07,grocery,"new york, us",mobile,0
TXN00006299,CUST1495,2026-07-16 05:27:24,20.0,cash_withdrawal,"miami, us",atm,0
TXN00006300,CUST1432,2026-07-16 05:33:39,45.65,transfer,"miami, us",atm,0
TXN00006301,CUST1430,2026-07-16 05:40:48,300.0,cash_withdrawal,"new york, us",atm,0
TXN00006302,CUST1192,2026-07-16 05:47:42,49.06,grocery,"miami, us",web,0
TXN00006303,CUST1288,2026-07-16 05:53:25,44.82,dining,"los angeles, us",pos,0
TXN00006304,CUST1332,2026-07-16 05:54:38,790.3,transfer,"new york, us",mobile,0
TXN00006305,CUST1305,2026-07-16 06:01:13,256.12,transfer,"houston, us",mobile,0
TXN00006306,CUST1312,2026-07-16 06:07:48,58.47,dining,"houston, us",pos,0
TXN00006307,CUST1145,2026-07-16 06:09:44,342.68,transfer,"new york, us",atm,0
TXN00006308,CUST1153,2026-07-16 06:18:08,1376.4,transfer,"los angeles, us",atm,0
TXN00006309,CUST1351,2026-07-16 06:23:55,18.99,dining,"chicago, us",pos,0
TXN00006310,CUST1056,2026-07-16 06:31:44,63.03,grocery,"new york, us",web,0
TXN00006311,CUST1247,2026-07-16 06:32:54,32.2,grocery,"chicago, us",pos,0
TXN00006312,CUST1033,2026-07-16 06:34:36,300.0,cash_withdrawal,"los angeles, us",atm,0
TXN00006313,CUST1173,2026-07-16 06:42:07,58.82,grocery,"miami, us",pos,0
TXN00006314,CUST1142,2026-07-16 06:47:23,12645.89,online_retail,"los angeles, us",mobile,1
TXN00006315,CUST1328,2026-07-16 06:53:28,754.93,travel,"houston, us",mobile,0
TXN00006316,CUST1167,2026-07-16 06:55:10,60.0,cash_withdrawal,"chicago, us",atm,0
TXN00006317,CUST1442,2026-07-16 06:55:22,63.52,online_retail,"new york, us",mobile,0
TXN00006318,CUST1142,2026-07-16 07:00:16,42.97,grocery,"miami, us",mobile,0
TXN00006319,CUST1134,2026-07-16 07:04:14,60.0,cash_withdrawal,"new york, us",atm,0
TXN00006320,CUST1336,2026-07-16 07:11:13,24.82,dining,"los angeles, us",mobile,0
TXN00006321,CUST1365,2026-07-16 07:14:03,161.47,transfer,"new york, us",web,0
TXN00006322,CUST1488,2026-07-16 07:15:15,16344.65,transfer,"chicago, us",web,1
TXN00006323,CUST1457,2026-07-16 07:15:45,398.41,travel,"new york, us",atm,0
TXN00006324,CUST1334,2026-07-16 07:17:00,60.0,cash_withdrawal,"houston, us",atm,0
TXN00006325,CUST1153,2026-07-16 07:22:04,12.73,online_retail,"miami, us",mobile,0
TXN00006326,CUST1097,2026-07-16 07:23:59,51.14,grocery,"los angeles, us",web,0
TXN00006327,CUST1077,2026-07-16 07:29:43,36.03,dining,"new york, us",web,0
TXN00006328,CUST1265,2026-07-16 07:31:15,20.0,cash_withdrawal,"chicago, us",atm,0
TXN00006329,CUST1392,2026-07-16 07:32:09,831.78,transfer,"chicago, us",mobile,0
TXN00006330,CUST1124,2026-07-16 07:37:06,20.0,cash_withdrawal,"chicago, us",atm,0
TXN00006331,CUST1461,2026-07-16 07:39:27,40.0,cash_withdrawal,"miami, us",atm,0
TXN00006332,CUST1030,2026-07-16 07:46:52,22.36,dining,"los angeles, us",pos,0
TXN00006333,CUST1413,2026-07-16 07:53:27,67.5,grocery,"new york, us",mobile,0
TXN00006334,CUST1439,2026-07-16 07:53:54,104.21,online_retail,"chicago, us",web,0
TXN00006335,CUST1411,2026-07-16 07:54:47,60.0,cash_withdrawal,"miami, us",atm,0
TXN00006336,CUST1415,2026-07-16 08:03:18,77.33,online_retail,"chicago, us",web,0
TXN00006337,CUST1308,2026-07-16 08:04:31,57.96,grocery,"miami, us",pos,0
TXN00006338,CUST1207,2026-07-16 08:09:00,459.54,travel,"miami, us",web,0
TXN00006339,CUST1339,2026-07-16 08:11:42,49.59,dining,"los angeles, us",atm,0
TXN00006340,CUST1164,2026-07-16 08:14:58,117.7,online_retail,"new york, us",web,0
TXN00006341,CUST1349,2026-07-16 08:23:22,110.23,online_retail,"new york, us",mobile,0
TXN00006342,CUST1072,2026-07-16 08:28:10,157.16,online_retail,"los angeles, us",web,0
TXN00006343,CUST1370,2026-07-16 08:29:47,300.0,cash_withdrawal,"chicago, us",atm,0
TXN00006344,CUST1014,2026-07-16 08:33:33,627.57,travel,"miami, us",atm,0
TXN00006345,CUST1336,2026-07-16 08:42:03,60.0,cash_withdrawal,"miami, us",atm,0
TXN00006346,CUST1255,2026-07-16 08:50:16,40.0,cash_withdrawal,"houston, us",atm,0
TXN00006347,CUST1152,2026-07-16 08:56:02,20.0,cash_withdrawal,"los angeles, us",atm,0
TXN00006348,CUST1133,2026-07-16 08:56:12,754.19,travel,"chicago, us",mobile,0
TXN00006349,CUST1465,2026-07-16 08:58:29,27.27,dining,"chicago, us",mobile,0
TXN00006350,CUST1215,2026-07-16 09:01:12,41.14,dining,"los angeles, us",web,0
TXN00006351,CUST1208,2026-07-16 09:01:45,300.0,cash_withdrawal,"new york, us",atm,0
TXN00006352,CUST1199,2026-07-16 09:09:59,19.75,online_retail,"los angeles, us",web,0
TXN00006353,CUST1378,2026-07-16 09:18:13,63.06,grocery,"los angeles, us",mobile,0
TXN00006354,CUST1019,2026-07-16 09:22:48,40.0,cash_withdrawal,"los angeles, us",atm,0
TXN00006355,CUST1299,2026-07-16 09:30:41,60.0,cash_withdrawal,"new york, us",atm,0
TXN00006356,CUST1363,2026-07-16 09:37:31,64.23,grocery,"chicago, us",atm,0
TXN00006357,CUST1293,2026-07-16 09:40:11,632.67,travel,"houston, us",mobile,0
TXN00006358,CUST1418,2026-07-16 09:45:58,47.88,grocery,"new york, us",web,0
TXN00006359,CUST1098,2026-07-16 09:50:41,30.48,dining,"los angeles, us",web,0
TXN00006360,CUST1176,2026-07-16 09:54:38,393.47,travel,"new york, us",atm,0
TXN00006361,CUST1372,2026-07-16 09:55:59,52.95,online_retail,"chicago, us",web,0
TXN00006362,CUST1366,2026-07-16 10:01:04,159.71,transfer,"los angeles, us",atm,0
TXN00006363,CUST1114,2026-07-16 10:05:25,581.03,travel,"houston, us",atm,0
TXN00006364,CUST1352,2026-07-16 10:11:30,300.0,cash_withdrawal,"houston, us",atm,0
TXN00006365,CUST1274,2026-07-16 10:14:20,24.73,grocery,"new york, us",mobile,0
TXN00006366,CUST1327,2026-07-16 10:18:57,43.82,dining,"los angeles, us",pos,0
TXN00006367,CUST1402,2026-07-16 10:26:53,18.63,online_retail,"new york, us",web,0
TXN00006368,CUST1244,2026-07-16 10:35:27,66.01,transfer,"new york, us",pos,0
TXN00006369,CUST1465,2026-07-16 10:38:37,18.14,online_retail,"miami, us",mobile,0
TXN00006370,CUST1482,2026-07-16 10:43:57,49.46,grocery,"chicago, us",atm,0
TXN00006371,CUST1344,2026-07-16 10:48:42,41.99,grocery,"chicago, us",pos,0
TXN00006372,CUST1184,2026-07-16 10:53:13,43.02,dining,"chicago, us",mobile,0
TXN00006373,CUST1260,2026-07-16 10:55:10,563.17,transfer,"miami, us",web,0
TXN00006374,CUST1154,2026-07-16 11:01:12,1369.22,travel,"houston, us",web,0
TXN00006375,CUST1433,2026-07-16 11:02:12,67.2,dining,"los angeles, us",web,0
TXN00006376,CUST1088,2026-07-16 11:08:01,133.69,online_retail,"miami, us",web,0
TXN00006377,CUST1431,2026-07-16 11:15:10,200.0,cash_withdrawal,"los angeles, us",atm,0
TXN00006378,CUST1337,2026-07-16 11:15:42,76.19,transfer,"los angeles, us",web,0
TXN00006379,CUST1449,2026-07-16 11:17:53,448.0,travel,"miami, us",atm,0
TXN00006380,CUST1286,2026-07-16 11:18:21,346.38,travel,"new york, us",pos,0
TXN00006381,CUST1093,2026-07-16 11:20:07,29.9,grocery,"chicago, us",atm,0
TXN00006382,CUST1151,2026-07-16 11:21:29,56.48,grocery,"new york, us",pos,0
TXN00006383,CUST1050,2026-07-16 11:24:12,28.55,online_retail,"new york, us",mobile,0
TXN00006384,CUST1242,2026-07-16 11:31:40,40.0,cash_withdrawal,"new york, us",atm,0
TXN00006385,CUST1066,2026-07-16 11:38:56,51.68,dining,"los angeles, us",pos,0
TXN00006386,CUST1380,2026-07-16 11:40:56,125.81,transfer,"new york, us",pos,0
TXN00006387,CUST1133,2026-07-16 11:49:16,172.88,online_retail,"mumbai, in",mobile,1
TXN00006388,CUST1372,2026-07-16 11:50:34,67.22,transfer,"miami, us",pos,0
TXN00006389,CUST1414,2026-07-16 11:55:52,378.63,transfer,"miami, us",atm,0
TXN00006390,CUST1287,2026-07-16 12:00:44,52.28,dining,"houston, us",atm,0
TXN00006391,CUST1391,2026-07-16 12:02:44,328.84,transfer,"houston, us",web,0
TXN00006392,CUST1468,2026-07-16 12:07:56,37.21,grocery,"miami, us",mobile,0
TXN00006393,CUST1094,2026-07-16 12:11:09,60.0,cash_withdrawal,"new york, us",atm,0
TXN00006394,CUST1485,2026-07-16 12:13:41,49.51,dining,"miami, us",pos,0
TXN00006395,CUST1349,2026-07-16 12:14:56,52.65,dining,"los angeles, us",web,0
TXN00006396,CUST1461,2026-07-16 12:21:19,60.0,cash_withdrawal,"chicago, us",atm,0
TXN00006397,CUST1172,2026-07-16 12:26:47,42.89,grocery,"new york, us",pos,0
TXN00006398,CUST1336,2026-07-16 12:30:33,24.56,dining,"chicago, us",mobile,0
TXN00006399,CUST1046,2026-07-16 12:31:21,74.14,grocery,"chicago, us",mobile,0
TXN00006400,CUST1114,2026-07-16 12:36:12,777.87,transfer,"new york, us",mobile,0
TXN00006401,CUST1182,2026-07-16 12:38:32,426.67,travel,"chicago, us",pos,0
TXN00006402,CUST1115,2026-07-16 12:40:55,53.82,grocery,"houston, us",web,0
TXN00006403,CUST1382,2026-07-16 12:44:20,19.74,dining,"miami, us",mobile,0
TXN00006404,CUST1447,2026-07-16 12:50:02,6.26,dining,"new york, us",pos,0
TXN00006405,CUST1158,2026-07-16 12:57:54,49.92,grocery,"houston, us",web,0
TXN00006406,CUST1216,2026-07-16 12:59:27,26.85,dining,"los angeles, us",atm,0
TXN00006407,CUST1404,2026-07-16 13:03:01,536.46,travel,"miami, us",atm,0
TXN00006408,CUST1455,2026-07-16 13:07:04,74.78,online_retail,"los angeles, us",web,0
TXN00006409,CUST1170,2026-07-16 13:07:56,20.0,cash_withdrawal,"los angeles, us",atm,0
TXN00006410,CUST1191,2026-07-16 13:16:09,358.32,travel,"new york, us",web,0
TXN00006411,CUST1134,2026-07-16 13:18:29,53.42,dining,"houston, us",pos,0
TXN00006412,CUST1300,2026-07-16 13:24:25,34.98,online_retail,"new york, us",web,0
TXN00006413,CUST1151,2026-07-16 13:28:12,52.08,dining,"miami, us",atm,0
TXN00006414,CUST1238,2026-07-16 13:36:23,255.85,travel,"los angeles, us",mobile,0
TXN00006415,CUST1436,2026-07-16 13:42:28,40.0,cash_withdrawal,"los angeles, us",atm,0
TXN00006416,CUST1061,2026-07-16 13:43:51,34.63,online_retail,"new york, us",mobile,0
TXN00006417,CUST1241,2026-07-16 13:48:35,28.24,grocery,"new york, us",atm,0
TXN00006418,CUST1028,2026-07-16 13:50:29,52.89,dining,"miami, us",pos,0
TXN00006419,CUST1444,2026-07-16 13:51:15,41.68,online_retail,"new york, us",web,0
TXN00006420,CUST1325,2026-07-16 13:56:47,20.0,cash_withdrawal,"miami, us",atm,0
TXN00006421,CUST1299,2026-07-16 14:03:12,63.92,grocery,"houston, us",pos,0
TXN00006422,CUST1298,2026-07-16 14:05:39,23.76,dining,"new york, us",mobile,0
TXN00006423,CUST1484,2026-07-16 14:11:13,45.88,grocery,"new york, us",web,0
TXN00006424,CUST1318,2026-07-16 14:17:19,316.83,transfer,"chicago, us",mobile,0
TXN00006425,CUST1037,2026-07-16 14:22:59,470.44,travel,"new york, us",web,0
TXN00006426,CUST1242,2026-07-16 14:24:47,931.32,travel,"new york, us",atm,0
TXN00006427,CUST1456,2026-07-16 14:31:02,806.78,travel,"miami, us",atm,0
TXN00006428,CUST1100,2026-07-16 14:34:22,262.3,transfer,"los angeles, us",web,0
TXN00006429,CUST1257,2026-07-16 14:39:20,43.16,dining,"miami, us",atm,0
TXN00006430,CUST1062,2026-07-16 14:45:06,38.76,online_retail,"los angeles, us",web,0
TXN00006431,CUST1445,2026-07-16 14:50:47,61.25,dining,"los angeles, us",pos,0
TXN00006432,CUST1349,2026-07-16 14:57:57,32.49,dining,"los angeles, us",web,0
TXN00006433,CUST1196,2026-07-16 15:02:28,70.27,grocery,"new york, us",mobile,0
TXN00006434,CUST1272,2026-07-16 15:07:47,312.41,online_retail,"new york, us",web,0
TXN00006435,CUST1153,2026-07-16 15:09:20,923.19,travel,"new york, us",mobile,0
TXN00006436,CUST1212,2026-07-16 15:13:04,1222.03,online_retail,"paris, fr",web,1
TXN00006437,CUST1028,2026-07-16 15:20:14,73.27,dining,"chicago, us",atm,0
TXN00006438,CUST1446,2026-07-16 15:21:42,54.58,grocery,"new york, us",atm,0
TXN00006439,CUST1438,2026-07-16 15:24:33,58.81,grocery,"los angeles, us",web,0
TXN00006440,CUST1078,2026-07-16 15:33:11,68.28,dining,"houston, us",atm,0
TXN00006441,CUST1071,2026-07-16 15:40:04,37.37,online_retail,"houston, us",mobile,0
TXN00006442,CUST1103,2026-07-16 15:43:56,249.49,online_retail,"miami, us",mobile,0
TXN00006443,CUST1176,2026-07-16 15:47:20,487.86,travel,"houston, us",atm,0
TXN00006444,CUST1210,2026-07-16 15:47:43,659.64,travel,"chicago, us",mobile,0
TXN00006445,CUST1292,2026-07-16 15:56:06,277.36,travel,"houston, us",mobile,0
TXN00006446,CUST1458,2026-07-16 16:01:25,47.85,grocery,"miami, us",mobile,0
TXN00006447,CUST1465,2026-07-16 16:03:41,40.0,cash_withdrawal,"miami, us",atm,0
TXN00006448,CUST1235,2026-07-16 16:04:30,143.51,transfer,"los angeles, us",mobile,0
TXN00006449,CUST1074,2026-07-16 16:06:58,587.23,travel,"los angeles, us",mobile,0
TXN00006450,CUST1162,2026-07-16 16:08:11,129.74,online_retail,"miami, us",mobile,0
TXN00006451,CUST1442,2026-07-16 16:12:53,309.95,transfer,"miami, us",atm,0
TXN00006452,CUST1367,2026-07-16 16:13:59,173.37,online_retail,"houston, us",web,0
TXN00006453,CUST1093,2026-07-16 16:19:59,200.0,cash_withdrawal,"new york, us",atm,0
TXN00006454,CUST1399,2026-07-16 16:24:49,300.0,cash_withdrawal,"houston, us",atm,0
TXN00006455,CUST1042,2026-07-16 16:28:27,562.9,transfer,"new york, us",web,0
TXN00006456,CUST1250,2026-07-16 16:29:10,46.4,online_retail,"chicago, us",mobile,0
TXN00006457,CUST1171,2026-07-16 16:32:08,60.0,cash_withdrawal,"miami, us",atm,0
TXN00006458,CUST1324,2026-07-16 16:37:45,20.0,cash_withdrawal,"miami, us",atm,0
TXN00006459,CUST1091,2026-07-16 16:38:40,46.3,grocery,"houston, us",web,0
TXN00006460,CUST1161,2026-07-16 16:41:55,40.06,dining,"chicago, us",web,0
TXN00006461,CUST1325,2026-07-16 16:49:50,40.0,cash_withdrawal,"houston, us",atm,0
TXN00006462,CUST1030,2026-07-16 16:52:50,60.0,cash_withdrawal,"chicago, us",atm,0
TXN00006463,CUST1003,2026-07-16 16:59:38,907.5,travel,"los angeles, us",pos,0
TXN00006464,CUST1232,2026-07-16 17:02:07,845.67,travel,"new york, us",web,0
TXN00006465,CUST1141,2026-07-16 17:03:31,149.24,transfer,"houston, us",mobile,0
TXN00006466,CUST1108,2026-07-16 17:11:05,29.0,grocery,"houston, us",pos,0
TXN00006467,CUST1390,2026-07-16 17:18:03,810.88,transfer,"chicago, us",pos,0
TXN00006468,CUST1397,2026-07-16 17:20:08,41.66,dining,"chicago, us",web,0
TXN00006469,CUST1087,2026-07-16 17:22:38,25.44,dining,"chicago, us",mobile,0
TXN00006470,CUST1296,2026-07-16 17:22:53,300.0,cash_withdrawal,"miami, us",atm,0
TXN00006471,CUST1392,2026-07-16 17:23:53,1037.03,travel,"houston, us",web,0
TXN00006472,CUST1082,2026-07-16 17:27:16,108.58,transfer,"los angeles, us",mobile,0
TXN00006473,CUST1251,2026-07-16 17:35:47,78.02,online_retail,"new york, us",mobile,0
TXN00006474,CUST1403,2026-07-16 17:44:13,576.76,transfer,"new york, us",pos,0
TXN00006475,CUST1391,2026-07-16 17:46:16,60.0,cash_withdrawal,"houston, us",atm,0
TXN00006476,CUST1400,2026-07-16 17:49:39,42.53,online_retail,"new york, us",web,0
TXN00006477,CUST1046,2026-07-16 17:57:56,273.06,online_retail,"houston, us",mobile,0
TXN00006478,CUST1067,2026-07-16 17:58:59,300.0,cash_withdrawal,"new york, us",atm,0
TXN00006479,CUST1315,2026-07-16 18:05:49,60.8,dining,"new york, us",mobile,0
TXN00006480,CUST1223,2026-07-16 18:13:52,70.58,dining,"miami, us",atm,0
TXN00006481,CUST1325,2026-07-16 18:15:05,197.56,online_retail,"miami, us",mobile,0
TXN00006482,CUST1220,2026-07-16 18:16:44,47.31,dining,"los angeles, us",atm,0
TXN00006483,CUST1207,2026-07-16 18:21:23,46.54,dining,"chicago, us",atm,0
TXN00006484,CUST1220,2026-07-16 18:27:45,12.21,dining,"miami, us",atm,0
TXN00006485,CUST1495,2026-07-16 18:35:23,313.43,online_retail,"new york, us",web,0
TXN00006486,CUST1245,2026-07-16 18:38:09,719.86,travel,"new york, us",web,0
TXN00006487,CUST1197,2026-07-16 18:43:20,38.6,dining,"houston, us",mobile,0
TXN00006488,CUST1003,2026-07-16 18:50:30,200.56,transfer,"chicago, us",web,0
TXN00006489,CUST1020,2026-07-16 18:57:33,33.11,online_retail,"houston, us",web,0
TXN00006490,CUST1274,2026-07-16 19:01:53,730.76,travel,"houston, us",atm,0
TXN00006491,CUST1103,2026-07-16 19:02:51,37.44,dining,"miami, us",mobile,0
TXN00006492,CUST1375,2026-07-16 19:07:31,135.58,transfer,"new york, us",pos,0
TXN00006493,CUST1192,2026-07-16 19:10:39,40.16,grocery,"miami, us",mobile,0
TXN00006494,CUST1487,2026-07-16 19:16:47,541.07,travel,"miami, us",web,0
TXN00006495,CUST1008,2026-07-16 19:21:49,40.0,cash_withdrawal,"chicago, us",atm,0
TXN00006496,CUST1457,2026-07-16 19:29:22,21.21,dining,"miami, us",mobile,0
TXN00006497,CUST1165,2026-07-16 19:31:56,478.25,transfer,"los angeles, us",mobile,0
TXN00006498,CUST1388,2026-07-16 19:36:48,879.81,travel,"chicago, us",web,0
TXN00006499,CUST1427,2026-07-16 19:39:16,97.69,online_retail,"chicago, us",mobile,0
TXN00006500,CUST1272,2026-07-16 19:44:37,70.57,dining,"new york, us",mobile,0
TXN00006501,CUST1098,2026-07-16 19:45:37,38.38,dining,"miami, us",mobile,0
TXN00006502,CUST1010,2026-07-16 19:53:26,347.89,travel,"new york, us",mobile,0
TXN00006503,CUST1347,2026-07-16 19:54:00,18.71,grocery,"houston, us",pos,0
TXN00006504,CUST1003,2026-07-16 19:55:37,27.92,grocery,"chicago, us",atm,0
TXN00006505,CUST1321,2026-07-16 19:58:29,256.54,travel,"chicago, us",mobile,0
TXN00006506,CUST1376,2026-07-16 20:06:43,243.93,transfer,"chicago, us",web,0
TXN00006507,CUST1128,2026-07-16 20:13:17,29.79,dining,"new york, us",web,0
TXN00006508,CUST1116,2026-07-16 20:16:46,121.43,online_retail,"chicago, us",mobile,0
TXN00006509,CUST1356,2026-07-16 20:18:28,176.63,online_retail,"new york, us",web,0
TXN00006510,CUST1450,2026-07-16 20:21:34,57.09,online_retail,"houston, us",web,0
TXN00006511,CUST1177,2026-07-16 20:28:36,67.11,grocery,"houston, us",web,0
TXN00006512,CUST1160,2026-07-16 20:35:05,58.76,online_retail,"chicago, us",web,0
TXN00006513,CUST1067,2026-07-16 20:41:02,832.77,transfer,"chicago, us",pos,0
TXN00006514,CUST1053,2026-07-16 20:49:27,741.21,travel,"houston, us",web,0
TXN00006515,CUST1197,2026-07-16 20:56:20,72.72,dining,"los angeles, us",pos,0
TXN00006516,CUST1258,2026-07-16 21:01:02,35.58,dining,"houston, us",mobile,0
TXN00006517,CUST1302,2026-07-16 21:05:54,617.34,travel,"new york, us",pos,0
TXN00006518,CUST1157,2026-07-16 21:11:08,200.0,cash_withdrawal,"miami, us",atm,0
TXN00006519,CUST1086,2026-07-16 21:18:49,308.78,transfer,"los angeles, us",atm,0
TXN00006520,CUST1034,2026-07-16 21:26:14,116.85,online_retail,"miami, us",mobile,0
TXN00006521,CUST1422,2026-07-16 21:29:50,1.0,dining,"chicago, us",web,0
TXN00006522,CUST1024,2026-07-16 21:34:04,53.66,dining,"miami, us",web,0
TXN00006523,CUST1153,2026-07-16 21:39:17,48.28,grocery,"miami, us",pos,0
TXN00006524,CUST1486,2026-07-16 21:40:32,104.3,online_retail,"chicago, us",mobile,0
TXN00006525,CUST1149,2026-07-16 21:42:54,58.5,grocery,"los angeles, us",web,0
TXN00006526,CUST1234,2026-07-16 21:43:08,60.0,cash_withdrawal,"miami, us",atm,0
TXN00006527,CUST1373,2026-07-16 21:49:09,46.25,dining,"miami, us",mobile,0
TXN00006528,CUST1267,2026-07-16 21:53:41,233.21,transfer,"chicago, us",web,0
TXN00006529,CUST1306,2026-07-16 21:59:56,51.78,online_retail,"chicago, us",web,0
TXN00006530,CUST1269,2026-07-16 22:01:25,1045.61,travel,"chicago, us",mobile,0
TXN00006531,CUST1173,2026-07-16 22:07:11,429.65,transfer,"miami, us",mobile,0
TXN00006532,CUST1223,2026-07-16 22:08:25,75.26,transfer,"houston, us",web,0
TXN00006533,CUST1455,2026-07-16 22:09:48,36.55,dining,"los angeles, us",pos,0
TXN00006534,CUST1352,2026-07-16 22:13:11,121.18,transfer,"houston, us",atm,0
TXN00006535,CUST1069,2026-07-16 22:18:11,12.8,dining,"chicago, us",pos,0
TXN00006536,CUST1176,2026-07-16 22:24:37,54.66,dining,"miami, us",web,0
TXN00006537,CUST1462,2026-07-16 22:27:03,281.44,travel,"chicago, us",mobile,0
TXN00006538,CUST1251,2026-07-16 22:27:40,167.89,online_retail,"houston, us",web,0
TXN00006539,CUST1184,2026-07-16 22:35:40,100.0,cash_withdrawal,"los angeles, us",atm,0
TXN00006540,CUST1385,2026-07-16 22:42:01,542.06,transfer,"houston, us",pos,0
TXN00006541,CUST1097,2026-07-16 22:47:38,38.99,grocery,"houston, us",atm,0
TXN00006542,CUST1085,2026-07-16 22:56:06,60.0,cash_withdrawal,"chicago, us",atm,0
TXN00006543,CUST1486,2026-07-16 22:59:25,564.62,travel,"new york, us",mobile,0
TXN00006544,CUST1465,2026-07-16 23:05:37,57.96,online_retail,"chicago, us",web,0
TXN00006545,CUST1471,2026-07-16 23:12:25,41.14,dining,"chicago, us",pos,0
TXN00006546,CUST1416,2026-07-16 23:14:42,100.0,cash_withdrawal,"new york, us",atm,0
TXN00006547,CUST1207,2026-07-16 23:20:39,671.21,travel,"new york, us",web,0
TXN00006548,CUST1010,2026-07-16 23:26:00,391.09,transfer,"chicago, us",atm,0
TXN00006549,CUST1117,2026-07-16 23:29:44,40.0,cash_withdrawal,"houston, us",atm,0
TXN00006550,CUST1115,2026-07-16 23:35:55,40.18,dining,"new york, us",atm,0
TXN00006551,CUST1373,2026-07-16 23:39:59,15.74,online_retail,"houston, us",web,0
TXN00006552,CUST1068,2026-07-16 23:41:42,35.25,dining,"new york, us",web,0
TXN00006553,CUST1109,2026-07-16 23:45:36,272.65,transfer,"miami, us",pos,0
TXN00006554,CUST1376,2026-07-16 23:54:10,780.62,transfer,"miami, us",pos,0
TXN00006555,CUST1012,2026-07-16 23:57:21,50.64,grocery,"houston, us",pos,0
TXN00006556,CUST1302,2026-07-17 00:04:19,57.41,grocery,"houston, us",mobile,0
TXN00006557,CUST1259,2026-07-17 00:08:28,766.68,travel,"miami, us",pos,0
TXN00006558,CUST1087,2026-07-17 00:12:55,355.9,transfer,"chicago, us",pos,0
TXN00006559,CUST1064,2026-07-17 00:15:31,38.75,dining,"miami, us",pos,0
TXN00006560,CUST1188,2026-07-17 00:18:02,38.84,dining,"houston, us",mobile,0
TXN00006561,CUST1365,2026-07-17 00:26:19,102.43,transfer,"los angeles, us",mobile,0
TXN00006562,CUST1334,2026-07-17 00:30:08,25.3,dining,"los angeles, us",atm,0
TXN00006563,CUST1406,2026-07-17 00:34:44,40.0,cash_withdrawal,"los angeles, us",atm,0
TXN00006564,CUST1020,2026-07-17 00:42:56,210.35,transfer,"chicago, us",mobile,0
TXN00006565,CUST1193,2026-07-17 00:49:13,40.0,cash_withdrawal,"houston, us",atm,0
TXN00006566,CUST1449,2026-07-17 00:56:54,84.16,grocery,"houston, us",atm,0
TXN00006567,CUST1328,2026-07-17 01:04:56,291.37,travel,"chicago, us",mobile,0
TXN00006568,CUST1131,2026-07-17 01:12:02,19.36,dining,"new york, us",pos,0
TXN00006569,CUST1395,2026-07-17 01:14:09,489.94,travel,"chicago, us",pos,0
TXN00006570,CUST1274,2026-07-17 01:16:55,69.32,grocery,"miami, us",atm,0
TXN00006571,CUST1320,2026-07-17 01:22:30,173.6,online_retail,"new york, us",web,0
TXN00006572,CUST1025,2026-07-17 01:29:59,50.22,grocery,"los angeles, us",web,0
TXN00006573,CUST1305,2026-07-17 01:30:53,143.91,transfer,"chicago, us",pos,0
TXN00006574,CUST1025,2026-07-17 01:39:08,60.97,grocery,"miami, us",web,0
TXN00006575,CUST1339,2026-07-17 01:41:54,734.61,travel,"houston, us",atm,0
TXN00006576,CUST1056,2026-07-17 01:45:32,60.74,grocery,"los angeles, us",web,0
TXN00006577,CUST1335,2026-07-17 01:52:16,87.89,dining,"los angeles, us",web,0
TXN00006578,CUST1429,2026-07-17 01:55:06,1146.27,travel,"los angeles, us",web,0
TXN00006579,CUST1011,2026-07-17 02:02:28,40.0,cash_withdrawal,"miami, us",atm,0
TXN00006580,CUST1025,2026-07-17 02:03:24,264.43,transfer,"miami, us",web,0
TXN00006581,CUST1354,2026-07-17 02:08:58,26.27,dining,"new york, us",mobile,0
TXN00006582,CUST1060,2026-07-17 02:09:48,778.63,online_retail,"mumbai, in",mobile,1
TXN00006583,CUST1214,2026-07-17 02:10:37,59.23,online_retail,"chicago, us",web,0
TXN00006584,CUST1228,2026-07-17 02:17:00,269.69,transfer,"chicago, us",atm,0
TXN00006585,CUST1195,2026-07-17 02:19:12,300.0,cash_withdrawal,"houston, us",atm,0
TXN00006586,CUST1064,2026-07-17 02:27:25,36.59,dining,"los angeles, us",atm,0
TXN00006587,CUST1281,2026-07-17 02:28:22,23.74,dining,"houston, us",web,0
TXN00006588,CUST1130,2026-07-17 02:29:56,218.04,online_retail,"chicago, us",web,0
TXN00006589,CUST1243,2026-07-17 04:35:00,6007.11,cash_withdrawal,"new york, us",mobile,1
TXN00006590,CUST1360,2026-07-17 02:35:39,1421.48,transfer,"miami, us",pos,0
TXN00006591,CUST1079,2026-07-17 02:36:32,40.0,cash_withdrawal,"los angeles, us",atm,0
TXN00006592,CUST1106,2026-07-17 02:43:02,49.78,grocery,"new york, us",web,0
TXN00006593,CUST1356,2026-07-17 02:45:38,22.98,grocery,"chicago, us",mobile,0
TXN00006594,CUST1352,2026-07-17 02:50:31,60.0,cash_withdrawal,"new york, us",atm,0
TXN00006595,CUST1323,2026-07-17 02:58:36,40.04,grocery,"houston, us",pos,0
TXN00006596,CUST1005,2026-07-17 03:02:58,603.37,transfer,"new york, us",web,0
TXN00006597,CUST1155,2026-07-17 03:10:01,365.8,transfer,"new york, us",mobile,0
TXN00006598,CUST1216,2026-07-17 03:17:38,123.43,travel,"los angeles, us",web,0
TXN00006599,CUST1339,2026-07-17 03:17:53,662.24,transfer,"houston, us",mobile,0
TXN00006600,CUST1052,2026-07-17 03:26:15,44.13,online_retail,"miami, us",mobile,0
TXN00006601,CUST1340,2026-07-17 03:34:30,45.11,grocery,"miami, us",pos,0
TXN00006602,CUST1267,2026-07-17 03:38:17,66.66,online_retail,"los angeles, us",web,0
TXN00006603,CUST1139,2026-07-17 03:44:13,54.81,dining,"miami, us",atm,0
TXN00006604,CUST1319,2026-07-17 03:48:43,117.64,online_retail,"houston, us",mobile,0
TXN00006605,CUST1311,2026-07-17 03:56:50,20.0,cash_withdrawal,"los angeles, us",atm,0
TXN00006606,CUST1359,2026-07-17 04:03:14,433.75,online_retail,"miami, us",web,0
TXN00006607,CUST1071,2026-07-17 04:04:33,17.34,online_retail,"miami, us",mobile,0
TXN00006608,CUST1215,2026-07-17 04:08:48,835.0,travel,"chicago, us",mobile,0
TXN00006609,CUST1426,2026-07-17 04:13:12,171.28,transfer,"chicago, us",mobile,0
TXN00006610,CUST1461,2026-07-17 04:17:45,43.31,online_retail,"new york, us",mobile,0
TXN00006611,CUST1054,2026-07-17 04:23:45,100.0,cash_withdrawal,"houston, us",atm,0
TXN00006612,CUST1262,2026-07-17 04:29:41,300.0,cash_withdrawal,"houston, us",atm,0
TXN00006613,CUST1369,2026-07-17 04:37:25,185.91,transfer,"miami, us",pos,0
TXN00006614,CUST1317,2026-07-17 04:42:07,83.05,online_retail,"miami, us",mobile,0
TXN00006615,CUST1061,2026-07-17 04:48:14,380.5,online_retail,"chicago, us",mobile,0
TXN00006616,CUST1145,2026-07-17 04:49:27,100.0,cash_withdrawal,"los angeles, us",atm,0
TXN00006617,CUST1059,2026-07-17 04:53:04,502.61,travel,"houston, us",pos,0
TXN00006618,CUST1402,2026-07-17 04:53:21,50.47,grocery,"houston, us",web,0
TXN00006619,CUST1055,2026-07-17 04:58:46,72.15,dining,"new york, us",mobile,0
TXN00006620,CUST1255,2026-07-17 05:00:33,1356.26,transfer,"los angeles, us",mobile,0
TXN00006621,CUST1102,2026-07-17 05:08:29,39.61,grocery,"miami, us",pos,0
TXN00006622,CUST1312,2026-07-17 05:15:44,38.91,dining,"new york, us",pos,0
TXN00006623,CUST1103,2026-07-17 05:22:15,43.44,grocery,"new york, us",atm,0
TXN00006624,CUST1399,2026-07-17 05:22:28,7.48,dining,"los angeles, us",pos,0
TXN00006625,CUST1135,2026-07-17 05:28:43,38.41,grocery,"miami, us",pos,0
TXN00006626,CUST1426,2026-07-17 05:32:30,288.07,transfer,"houston, us",atm,0
TXN00006627,CUST1268,2026-07-17 05:38:39,201.72,online_retail,"houston, us",mobile,0
TXN00006628,CUST1499,2026-07-17 05:43:22,870.49,transfer,"chicago, us",pos,0
TXN00006629,CUST1104,2026-07-17 05:49:55,20.0,cash_withdrawal,"new york, us",atm,0
TXN00006630,CUST1184,2026-07-17 05:53:01,660.2,transfer,"houston, us",atm,0
TXN00006631,CUST1361,2026-07-17 05:55:16,822.39,travel,"chicago, us",mobile,0
TXN00006632,CUST1210,2026-07-17 06:01:44,40.0,cash_withdrawal,"miami, us",atm,0
TXN00006633,CUST1152,2026-07-17 06:07:32,60.0,cash_withdrawal,"los angeles, us",atm,0
TXN00006634,CUST1083,2026-07-17 06:15:48,118.6,online_retail,"new york, us",web,0
TXN00006635,CUST1021,2026-07-17 06:23:49,55.02,grocery,"new york, us",atm,0
TXN00006636,CUST1281,2026-07-17 06:31:00,69.56,dining,"miami, us",web,0
TXN00006637,CUST1255,2026-07-17 06:38:40,20.13,dining,"los angeles, us",atm,0
TXN00006638,CUST1467,2026-07-17 06:46:53,42.72,dining,"houston, us",mobile,0
TXN00006639,CUST1107,2026-07-17 06:51:33,621.12,travel,"miami, us",web,0
TXN00006640,CUST1353,2026-07-17 06:57:33,56.97,online_retail,"miami, us",mobile,0
TXN00006641,CUST1478,2026-07-17 07:02:54,40.0,cash_withdrawal,"houston, us",atm,0
TXN00006642,CUST1247,2026-07-17 07:03:25,40.0,cash_withdrawal,"new york, us",atm,0
TXN00006643,CUST1170,2026-07-17 07:08:45,33.96,grocery,"los angeles, us",atm,0
TXN00006644,CUST1121,2026-07-17 07:12:44,41.73,dining,"houston, us",mobile,0
TXN00006645,CUST1002,2026-07-17 07:21:07,493.97,travel,"houston, us",web,0
TXN00006646,CUST1007,2026-07-17 07:22:43,57.38,grocery,"los angeles, us",mobile,0
TXN00006647,CUST1344,2026-07-17 07:28:38,40.82,dining,"houston, us",pos,0
TXN00006648,CUST1046,2026-07-17 07:36:44,109.31,online_retail,"chicago, us",web,0
TXN00006649,CUST1465,2026-07-17 07:44:25,41.69,dining,"los angeles, us",pos,0
TXN00006650,CUST1057,2026-07-17 07:51:06,421.6,travel,"new york, us",mobile,0
TXN00006651,CUST1428,2026-07-17 07:55:44,571.84,transfer,"new york, us",pos,0
TXN00006652,CUST1294,2026-07-17 08:03:36,40.0,cash_withdrawal,"houston, us",atm,0
TXN00006653,CUST1343,2026-07-17 08:05:41,874.02,online_retail,"los angeles, us",web,0
TXN00006654,CUST1253,2026-07-17 08:07:20,3.58,dining,"new york, us",web,0
TXN00006655,CUST1077,2026-07-17 08:08:08,423.56,travel,"chicago, us",web,0
TXN00006656,CUST1487,2026-07-17 08:11:25,60.0,cash_withdrawal,"houston, us",atm,0
TXN00006657,CUST1047,2026-07-17 08:18:44,60.0,cash_withdrawal,"miami, us",atm,0
TXN00006658,CUST1400,2026-07-17 08:20:02,100.0,cash_withdrawal,"houston, us",atm,0
TXN00006659,CUST1262,2026-07-17 08:24:35,365.72,online_retail,"houston, us",web,0
TXN00006660,CUST1039,2026-07-17 08:27:45,41.84,online_retail,"houston, us",mobile,0
TXN00006661,CUST1371,2026-07-17 08:36:02,153.34,online_retail,"chicago, us",web,0
TXN00006662,CUST1371,2026-07-17 08:36:38,475.07,travel,"new york, us",mobile,0
TXN00006663,CUST1052,2026-07-17 08:40:24,147.99,transfer,"miami, us",mobile,0
TXN00006664,CUST1464,2026-07-17 08:44:47,112.46,transfer,"houston, us",pos,0
TXN00006665,CUST1132,2026-07-17 08:48:11,37.95,dining,"los angeles, us",atm,0
TXN00006666,CUST1330,2026-07-17 08:49:48,183.8,online_retail,"houston, us",web,0
TXN00006667,CUST1119,2026-07-17 08:53:09,911.55,transfer,"houston, us",atm,0
TXN00006668,CUST1234,2026-07-17 09:01:35,56.81,online_retail,"chicago, us",mobile,0
TXN00006669,CUST1152,2026-07-17 09:02:42,24.66,dining,"new york, us",pos,0
TXN00006670,CUST1136,2026-07-17 09:05:45,41.36,dining,"miami, us",atm,0
TXN00006671,CUST1238,2026-07-17 09:13:42,40.0,cash_withdrawal,"chicago, us",atm,0
TXN00006672,CUST1026,2026-07-17 09:19:39,835.58,transfer,"houston, us",pos,0
TXN00006673,CUST1052,2026-07-17 09:21:56,60.59,grocery,"houston, us",pos,0
TXN00006674,CUST1417,2026-07-17 09:29:11,541.0,transfer,"new york, us",pos,0
TXN00006675,CUST1090,2026-07-17 09:33:57,332.83,transfer,"miami, us",atm,0
TXN00006676,CUST1448,2026-07-17 09:41:22,67.86,grocery,"chicago, us",web,0
TXN00006677,CUST1021,2026-07-17 09:48:04,50.49,grocery,"los angeles, us",web,0
TXN00006678,CUST1437,2026-07-17 09:55:33,200.0,cash_withdrawal,"miami, us",atm,0
TXN00006679,CUST1149,2026-07-17 09:56:43,62.08,grocery,"new york, us",pos,0
TXN00006680,CUST1185,2026-07-17 09:59:21,28.68,online_retail,"new york, us",mobile,0
TXN00006681,CUST1411,2026-07-17 10:02:04,122.67,online_retail,"los angeles, us",web,0
TXN00006682,CUST1347,2026-07-17 10:06:21,30.35,online_retail,"chicago, us",mobile,0
TXN00006683,CUST1161,2026-07-17 10:09:01,30.39,dining,"chicago, us",atm,0
TXN00006684,CUST1219,2026-07-17 10:11:26,1234.85,travel,"new york, us",pos,0
TXN00006685,CUST1379,2026-07-17 10:13:25,312.32,transfer,"chicago, us",mobile,0
TXN00006686,CUST1060,2026-07-17 10:13:36,761.26,travel,"houston, us",atm,0
TXN00006687,CUST1049,2026-07-17 10:20:03,341.94,dining,"sydney, au",web,1
TXN00006688,CUST1436,2026-07-17 10:25:36,92.84,online_retail,"houston, us",mobile,0
TXN00006689,CUST1389,2026-07-17 10:30:37,396.26,transfer,"houston, us",atm,0
TXN00006690,CUST1456,2026-07-17 10:34:08,297.75,transfer,"houston, us",atm,0
TXN00006691,CUST1024,2026-07-17 10:36:09,596.9,travel,"houston, us",atm,0
TXN00006692,CUST1005,2026-07-17 10:44:11,25.3,dining,"houston, us",atm,0
TXN00006693,CUST1437,2026-07-17 10:46:57,6.87,dining,"los angeles, us",mobile,0
TXN00006694,CUST1071,2026-07-17 10:55:02,93.66,transfer,"chicago, us",web,0
TXN00006695,CUST1340,2026-07-17 11:03:09,34.85,dining,"chicago, us",pos,0
TXN00006696,CUST1332,2026-07-17 11:11:30,47.61,online_retail,"houston, us",mobile,0
TXN00006697,CUST1088,2026-07-17 11:17:09,200.0,cash_withdrawal,"miami, us",atm,0
TXN00006698,CUST1169,2026-07-17 11:21:42,40.0,cash_withdrawal,"miami, us",atm,0
TXN00006699,CUST1184,2026-07-17 11:28:54,582.59,travel,"los angeles, us",atm,0
TXN00006700,CUST1458,2026-07-17 11:36:41,474.88,transfer,"chicago, us",web,0
TXN00006701,CUST1225,2026-07-17 11:37:09,531.57,travel,"new york, us",pos,0
TXN00006702,CUST1490,2026-07-17 11:45:17,596.43,travel,"miami, us",web,0
TXN00006703,CUST1319,2026-07-17 11:49:24,100.0,cash_withdrawal,"los angeles, us",atm,0
TXN00006704,CUST1138,2026-07-17 11:57:10,637.4,travel,"chicago, us",mobile,0
TXN00006705,CUST1450,2026-07-17 12:02:36,624.46,travel,"los angeles, us",pos,0
TXN00006706,CUST1376,2026-07-17 12:10:00,709.0,travel,"los angeles, us",mobile,0
TXN00006707,CUST1048,2026-07-17 12:14:19,18.06,online_retail,"chicago, us",web,0
TXN00006708,CUST1191,2026-07-17 12:14:58,239.07,online_retail,"miami, us",web,0
TXN00006709,CUST1418,2026-07-17 12:18:10,62.66,grocery,"los angeles, us",mobile,0
TXN00006710,CUST1176,2026-07-17 12:18:23,290.14,online_retail,"new york, us",mobile,0
TXN00006711,CUST1094,2026-07-17 12:23:48,610.15,travel,"chicago, us",pos,0
TXN00006712,CUST1059,2026-07-17 12:27:53,68.65,dining,"chicago, us",atm,0
TXN00006713,CUST1206,2026-07-17 12:30:51,58.74,grocery,"chicago, us",pos,0
TXN00006714,CUST1205,2026-07-17 12:33:33,487.33,travel,"new york, us",pos,0
TXN00006715,CUST1493,2026-07-17 12:36:44,43.33,grocery,"houston, us",atm,0
TXN00006716,CUST1234,2026-07-17 12:37:48,28.84,dining,"houston, us",web,0
TXN00006717,CUST1140,2026-07-17 12:38:00,758.03,travel,"miami, us",web,0
TXN00006718,CUST1428,2026-07-17 12:41:09,444.31,travel,"new york, us",web,0
TXN00006719,CUST1198,2026-07-17 12:48:54,493.78,travel,"houston, us",atm,0
TXN00006720,CUST1354,2026-07-17 12:55:13,65.87,grocery,"los angeles, us",pos,0
TXN00006721,CUST1436,2026-07-17 12:56:58,572.82,transfer,"miami, us",atm,0
TXN00006722,CUST1245,2026-07-17 13:00:33,131.32,online_retail,"houston, us",web,0
TXN00006723,CUST1410,2026-07-17 13:03:44,715.71,transfer,"houston, us",mobile,0
TXN00006724,CUST1216,2026-07-17 13:03:58,200.0,cash_withdrawal,"miami, us",atm,0
TXN00006725,CUST1333,2026-07-17 13:04:59,801.89,transfer,"houston, us",web,0
TXN00006726,CUST1454,2026-07-17 13:08:49,799.51,travel,"miami, us",pos,0
TXN00006727,CUST1409,2026-07-17 13:13:10,305.83,travel,"los angeles, us",web,0
TXN00006728,CUST1086,2026-07-17 13:15:01,677.51,transfer,"miami, us",pos,0
TXN00006729,CUST1058,2026-07-17 13:15:54,60.0,cash_withdrawal,"new york, us",atm,0
TXN00006730,CUST1068,2026-07-17 13:20:34,100.0,cash_withdrawal,"los angeles, us",atm,0
TXN00006731,CUST1357,2026-07-17 13:25:07,300.0,cash_withdrawal,"miami, us",atm,0
TXN00006732,CUST1372,2026-07-17 13:32:57,102.41,online_retail,"new york, us",web,0
TXN00006733,CUST1031,2026-07-17 13:34:25,294.46,travel,"new york, us",mobile,0
TXN00006734,CUST1483,2026-07-17 13:38:05,60.0,cash_withdrawal,"los angeles, us",atm,0
TXN00006735,CUST1433,2026-07-17 13:39:18,56.3,grocery,"miami, us",atm,0
TXN00006736,CUST1082,2026-07-17 13:47:15,49.41,grocery,"new york, us",pos,0
TXN00006737,CUST1054,2026-07-17 13:51:34,20.0,cash_withdrawal,"chicago, us",atm,0
TXN00006738,CUST1214,2026-07-17 13:51:47,47.02,transfer,"houston, us",web,0
TXN00006739,CUST1467,2026-07-17 13:53:16,265.71,transfer,"chicago, us",atm,0
TXN00006740,CUST1303,2026-07-17 13:59:59,23.68,grocery,"new york, us",mobile,0
TXN00006741,CUST1248,2026-07-17 14:05:45,308.09,travel,"houston, us",web,0
TXN00006742,CUST1411,2026-07-17 14:08:03,50.14,grocery,"miami, us",web,0
TXN00006743,CUST1292,2026-07-17 14:10:08,1.38,dining,"new york, us",web,0
TXN00006744,CUST1348,2026-07-17 14:14:18,241.34,transfer,"los angeles, us",atm,0
TXN00006745,CUST1225,2026-07-17 14:17:50,39.89,grocery,"miami, us",mobile,0
TXN00006746,CUST1093,2026-07-17 14:21:11,142.16,online_retail,"los angeles, us",web,0
TXN00006747,CUST1313,2026-07-17 14:23:54,22.37,dining,"chicago, us",pos,0
TXN00006748,CUST1195,2026-07-17 14:27:10,68.08,dining,"los angeles, us",mobile,0
TXN00006749,CUST1399,2026-07-17 14:30:59,20.16,dining,"miami, us",pos,0
TXN00006750,CUST1184,2026-07-17 14:38:45,28.93,dining,"new york, us",atm,0
TXN00006751,CUST1314,2026-07-17 14:40:28,139.03,online_retail,"miami, us",web,0
TXN00006752,CUST1015,2026-07-17 14:45:12,43.78,grocery,"los angeles, us",mobile,0
TXN00006753,CUST1442,2026-07-17 14:52:17,378.22,transfer,"miami, us",atm,0
TXN00006754,CUST1351,2026-07-17 14:54:44,20.1,dining,"chicago, us",mobile,0
TXN00006755,CUST1451,2026-07-17 14:55:49,19.09,grocery,"new york, us",mobile,0
TXN00006756,CUST1430,2026-07-17 15:04:25,91.77,online_retail,"houston, us",mobile,0
TXN00006757,CUST1373,2026-07-17 15:08:19,40.0,cash_withdrawal,"los angeles, us",atm,0
TXN00006758,CUST1499,2026-07-17 15:14:05,267.74,transfer,"los angeles, us",web,0
TXN00006759,CUST1457,2026-07-17 15:21:24,872.74,travel,"houston, us",web,0
TXN00006760,CUST1067,2026-07-17 15:25:18,49.2,dining,"chicago, us",pos,0
TXN00006761,CUST1248,2026-07-17 15:26:50,57.35,online_retail,"houston, us",web,0
TXN00006762,CUST1472,2026-07-17 15:28:11,656.63,travel,"los angeles, us",pos,0
TXN00006763,CUST1250,2026-07-17 15:31:22,20.0,cash_withdrawal,"chicago, us",atm,0
TXN00006764,CUST1058,2026-07-17 15:37:54,79.42,online_retail,"los angeles, us",mobile,0
TXN00006765,CUST1455,2026-07-17 15:41:46,136.22,online_retail,"chicago, us",web,0
TXN00006766,CUST1211,2026-07-17 15:41:58,300.0,cash_withdrawal,"los angeles, us",atm,0
TXN00006767,CUST1226,2026-07-17 15:45:11,44.47,grocery,"houston, us",mobile,0
TXN00006768,CUST1024,2026-07-17 15:52:53,175.92,online_retail,"chicago, us",web,0
TXN00006769,CUST1033,2026-07-17 16:00:28,89.22,online_retail,"los angeles, us",mobile,0
TXN00006770,CUST1134,2026-07-17 16:06:41,53.21,grocery,"los angeles, us",mobile,0
TXN00006771,CUST1336,2026-07-17 16:08:32,441.15,travel,"miami, us",pos,0
TXN00006772,CUST1161,2026-07-17 16:09:38,39.17,dining,"houston, us",atm,0
TXN00006773,CUST1007,2026-07-17 16:11:25,83.61,transfer,"miami, us",mobile,0
TXN00006774,CUST1361,2026-07-17 16:14:00,200.0,cash_withdrawal,"new york, us",atm,0
TXN00006775,CUST1445,2026-07-17 16:14:30,244.46,online_retail,"miami, us",web,0
TXN00006776,CUST1348,2026-07-17 16:15:48,138.36,travel,"chicago, us",web,0
TXN00006777,CUST1269,2026-07-17 16:19:20,31.43,dining,"chicago, us",atm,0
TXN00006778,CUST1393,2026-07-17 16:23:05,82.68,online_retail,"chicago, us",web,0
TXN00006779,CUST1381,2026-07-17 16:29:35,598.07,transfer,"new york, us",atm,0
TXN00006780,CUST1296,2026-07-17 16:32:34,37.3,grocery,"los angeles, us",mobile,0
TXN00006781,CUST1371,2026-07-17 16:40:25,57.5,transfer,"houston, us",pos,0
TXN00006782,CUST1290,2026-07-17 16:40:51,53.55,online_retail,"new york, us",mobile,0
TXN00006783,CUST1115,2026-07-17 16:42:23,63.89,grocery,"houston, us",pos,0
TXN00006784,CUST1490,2026-07-17 16:48:14,637.36,travel,"chicago, us",pos,0
TXN00006785,CUST1343,2026-07-17 16:50:05,61.56,grocery,"miami, us",atm,0
TXN00006786,CUST1448,2026-07-17 16:58:20,87.63,dining,"los angeles, us",web,0
TXN00006787,CUST1174,2026-07-17 17:02:35,156.73,transfer,"new york, us",mobile,0
TXN00006788,CUST1266,2026-07-17 17:10:56,62.41,grocery,"los angeles, us",atm,0
TXN00006789,CUST1268,2026-07-17 17:16:46,40.0,cash_withdrawal,"chicago, us",atm,0
TXN00006790,CUST1353,2026-07-17 17:25:19,20.0,cash_withdrawal,"miami, us",atm,0
TXN00006791,CUST1359,2026-07-17 17:27:45,626.31,travel,"miami, us",pos,0
TXN00006792,CUST1317,2026-07-17 17:28:55,28.62,online_retail,"new york, us",web,0
TXN00006793,CUST1049,2026-07-17 17:32:40,67.76,dining,"los angeles, us",mobile,0
TXN00006794,CUST1222,2026-07-17 02:37:00,2338.92,cash_withdrawal,"houston, us",atm,1
TXN00006795,CUST1339,2026-07-17 17:41:51,60.87,grocery,"chicago, us",atm,0
TXN00006796,CUST1373,2026-07-17 17:46:14,615.29,travel,"houston, us",pos,0
TXN00006797,CUST1128,2026-07-17 17:53:13,55.2,dining,"miami, us",atm,0
TXN00006798,CUST1247,2026-07-17 17:59:12,44.09,grocery,"miami, us",pos,0
TXN00006799,CUST1178,2026-07-17 18:05:27,453.3,transfer,"new york, us",web,0
TXN00006800,CUST1340,2026-07-17 18:06:42,672.74,travel,"los angeles, us",web,0
TXN00006801,CUST1347,2026-07-17 18:09:38,29.86,dining,"houston, us",pos,0
TXN00006802,CUST1329,2026-07-17 18:16:12,86.82,transfer,"houston, us",pos,0
TXN00006803,CUST1198,2026-07-17 18:22:53,79.61,online_retail,"chicago, us",mobile,0
TXN00006804,CUST1077,2026-07-17 18:29:42,228.97,transfer,"los angeles, us",pos,0
TXN00006805,CUST1430,2026-07-17 18:37:23,28.51,dining,"houston, us",web,0
TXN00006806,CUST1424,2026-07-17 18:40:57,88.22,online_retail,"miami, us",mobile,0
TXN00006807,CUST1286,2026-07-17 18:45:23,219.12,transfer,"houston, us",atm,0
TXN00006808,CUST1457,2026-07-17 18:51:44,683.71,travel,"chicago, us",pos,0
TXN00006809,CUST1314,2026-07-17 18:59:46,930.19,travel,"chicago, us",atm,0
TXN00006810,CUST1028,2026-07-17 02:06:15,2615.91,cash_withdrawal,"houston, us",mobile,1
TXN00006811,CUST1006,2026-07-17 19:13:36,100.0,cash_withdrawal,"chicago, us",atm,0
TXN00006812,CUST1330,2026-07-17 19:20:48,514.81,transfer,"los angeles, us",mobile,0
TXN00006813,CUST1479,2026-07-17 19:24:17,15393.18,transfer,"los angeles, us",mobile,1
TXN00006814,CUST1081,2026-07-17 19:25:34,43.39,dining,"chicago, us",pos,0
TXN00006815,CUST1259,2026-07-17 19:26:40,300.0,cash_withdrawal,"chicago, us",atm,0
TXN00006816,CUST1435,2026-07-17 19:35:00,77.11,grocery,"houston, us",web,0
TXN00006817,CUST1241,2026-07-17 19:36:05,726.54,travel,"houston, us",mobile,0
TXN00006818,CUST1437,2026-07-17 19:43:00,18.88,dining,"los angeles, us",atm,0
TXN00006819,CUST1254,2026-07-17 19:43:20,174.39,online_retail,"los angeles, us",mobile,0
TXN00006820,CUST1446,2026-07-17 19:44:34,121.56,online_retail,"los angeles, us",mobile,0
TXN00006821,CUST1085,2026-07-17 19:46:03,200.0,cash_withdrawal,"los angeles, us",atm,0
TXN00006822,CUST1039,2026-07-17 19:49:09,40.0,cash_withdrawal,"chicago, us",atm,0
TXN00006823,CUST1385,2026-07-17 19:53:35,46.15,grocery,"chicago, us",web,0
TXN00006824,CUST1252,2026-07-17 19:53:51,29.03,grocery,"miami, us",pos,0
TXN00006825,CUST1165,2026-07-17 20:00:33,732.12,transfer,"chicago, us",atm,0
TXN00006826,CUST1124,2026-07-17 20:06:33,60.0,cash_withdrawal,"new york, us",atm,0
TXN00006827,CUST1170,2026-07-17 20:08:44,900.64,travel,"miami, us",pos,0
TXN00006828,CUST1497,2026-07-17 20:09:20,142.78,online_retail,"miami, us",mobile,0
TXN00006829,CUST1143,2026-07-17 20:15:17,48.47,grocery,"chicago, us",atm,0
TXN00006830,CUST1026,2026-07-17 20:22:31,443.61,transfer,"miami, us",mobile,0
TXN00006831,CUST1260,2026-07-17 20:25:36,389.39,travel,"miami, us",web,0
TXN00006832,CUST1115,2026-07-17 20:29:25,593.31,travel,"houston, us",atm,0
TXN00006833,CUST1282,2026-07-17 20:37:54,69.13,dining,"miami, us",web,0
TXN00006834,CUST1330,2026-07-17 20:43:09,695.42,transfer,"new york, us",pos,0
TXN00006835,CUST1194,2026-07-17 20:49:36,450.04,travel,"miami, us",web,0
TXN00006836,CUST1207,2026-07-17 20:49:50,706.6,transfer,"chicago, us",mobile,0
TXN00006837,CUST1419,2026-07-17 20:53:42,8.82,dining,"miami, us",web,0
TXN00006838,CUST1121,2026-07-17 20:57:57,699.75,transfer,"houston, us",web,0
TXN00006839,CUST1041,2026-07-17 21:00:35,62.29,grocery,"houston, us",atm,0
TXN00006840,CUST1236,2026-07-17 21:03:09,56.36,grocery,"los angeles, us",web,0
TXN00006841,CUST1228,2026-07-17 21:07:27,47.89,transfer,"los angeles, us",atm,0
TXN00006842,CUST1411,2026-07-17 21:08:19,31.98,dining,"houston, us",web,0
TXN00006843,CUST1294,2026-07-17 21:14:58,39.46,online_retail,"chicago, us",mobile,0
TXN00006844,CUST1230,2026-07-17 21:18:47,102.08,transfer,"los angeles, us",pos,0
TXN00006845,CUST1046,2026-07-17 21:21:03,803.94,travel,"houston, us",atm,0
TXN00006846,CUST1439,2026-07-17 21:26:29,9.46,dining,"new york, us",pos,0
TXN00006847,CUST1256,2026-07-17 21:27:57,135.95,transfer,"houston, us",mobile,0
TXN00006848,CUST1229,2026-07-17 21:34:20,474.13,travel,"miami, us",atm,0
TXN00006849,CUST1162,2026-07-17 21:38:51,100.0,cash_withdrawal,"miami, us",atm,0
TXN00006850,CUST1061,2026-07-17 21:40:36,496.88,travel,"miami, us",web,0
TXN00006851,CUST1255,2026-07-17 21:42:53,25.23,dining,"miami, us",pos,0
TXN00006852,CUST1382,2026-07-17 21:45:26,25.59,grocery,"miami, us",pos,0
TXN00006853,CUST1335,2026-07-17 21:52:08,1105.65,travel,"miami, us",pos,0
TXN00006854,CUST1010,2026-07-17 21:53:16,73.86,online_retail,"los angeles, us",mobile,0
TXN00006855,CUST1053,2026-07-17 22:00:48,200.0,cash_withdrawal,"los angeles, us",atm,0
TXN00006856,CUST1207,2026-07-17 22:03:12,56.92,grocery,"new york, us",web,0
TXN00006857,CUST1212,2026-07-17 22:09:20,222.07,online_retail,"houston, us",web,0
TXN00006858,CUST1019,2026-07-17 22:11:36,672.22,travel,"miami, us",mobile,0
TXN00006859,CUST1286,2026-07-17 22:17:27,141.04,transfer,"los angeles, us",atm,0
TXN00006860,CUST1282,2026-07-17 22:24:37,40.0,cash_withdrawal,"miami, us",atm,0
TXN00006861,CUST1001,2026-07-17 22:28:26,214.65,online_retail,"new york, us",web,0
TXN00006862,CUST1423,2026-07-17 22:30:17,34.73,online_retail,"new york, us",mobile,0
TXN00006863,CUST1047,2026-07-17 22:34:29,60.0,cash_withdrawal,"los angeles, us",atm,0
TXN00006864,CUST1406,2026-07-17 22:40:40,61.89,transfer,"los angeles, us",web,0
TXN00006865,CUST1310,2026-07-17 22:47:30,61.84,dining,"los angeles, us",web,0
TXN00006866,CUST1494,2026-07-17 22:54:34,41.78,grocery,"los angeles, us",atm,0
TXN00006867,CUST1317,2026-07-17 22:55:36,104.85,transfer,"los angeles, us",mobile,0
TXN00006868,CUST1327,2026-07-17 23:01:44,19.8,online_retail,"miami, us",web,0
TXN00006869,CUST1156,2026-07-17 23:08:07,266.03,travel,"new york, us",web,0
TXN00006870,CUST1456,2026-07-17 23:12:34,200.0,cash_withdrawal,"houston, us",atm,0
TXN00006871,CUST1261,2026-07-17 23:17:56,131.55,online_retail,"new york, us",web,0
TXN00006872,CUST1288,2026-07-17 23:19:38,20.0,cash_withdrawal,"los angeles, us",atm,0
TXN00006873,CUST1106,2026-07-17 23:21:24,781.03,travel,"houston, us",pos,0
TXN00006874,CUST1336,2026-07-17 23:30:02,300.0,cash_withdrawal,"new york, us",atm,0
TXN00006875,CUST1344,2026-07-17 23:37:29,12913.69,transfer,"miami, us",web,1
TXN00006876,CUST1234,2026-07-17 23:42:41,300.07,travel,"chicago, us",web,0
TXN00006877,CUST1487,2026-07-17 23:48:13,60.48,grocery,"chicago, us",pos,0
TXN00006878,CUST1175,2026-07-17 23:53:47,31.8,dining,"los angeles, us",atm,0
TXN00006879,CUST1187,2026-07-17 23:55:13,187.69,online_retail,"chicago, us",mobile,0
TXN00006880,CUST1423,2026-07-17 23:57:20,55.67,dining,"houston, us",mobile,0
TXN00006881,CUST1028,2026-07-17 23:58:31,24.88,transfer,"new york, us",atm,0
TXN00006882,CUST1419,2026-07-17 23:59:48,333.13,online_retail,"sydney, au",web,1
TXN00006883,CUST1115,2026-07-18 00:03:23,52.2,dining,"new york, us",mobile,0
TXN00006884,CUST1433,2026-07-18 00:03:52,42.66,transfer,"miami, us",mobile,0
TXN00006885,CUST1233,2026-07-18 00:06:22,300.0,cash_withdrawal,"los angeles, us",atm,0
TXN00006886,CUST1170,2026-07-18 00:14:59,488.38,transfer,"miami, us",mobile,0
TXN00006887,CUST1287,2026-07-18 00:16:47,18.81,grocery,"los angeles, us",mobile,0
TXN00006888,CUST1393,2026-07-18 00:24:52,93.69,transfer,"new york, us",mobile,0
TXN00006889,CUST1318,2026-07-18 00:26:16,300.0,cash_withdrawal,"los angeles, us",atm,0
TXN00006890,CUST1308,2026-07-18 00:30:04,359.07,transfer,"new york, us",web,0
TXN00006891,CUST1243,2026-07-18 00:30:23,507.69,transfer,"chicago, us",web,0
TXN00006892,CUST1367,2026-07-18 00:35:48,1004.7,travel,"los angeles, us",pos,0
TXN00006893,CUST1337,2026-07-18 00:37:40,172.64,online_retail,"los angeles, us",web,0
TXN00006894,CUST1187,2026-07-18 00:38:36,75.9,online_retail,"houston, us",mobile,0
TXN00006895,CUST1367,2026-07-18 00:46:08,516.42,transfer,"chicago, us",web,0
TXN00006896,CUST1232,2026-07-18 00:46:44,124.74,transfer,"los angeles, us",web,0
TXN00006897,CUST1059,2026-07-18 00:50:08,703.96,travel,"new york, us",mobile,0
TXN00006898,CUST1050,2026-07-18 00:53:46,137.02,online_retail,"houston, us",mobile,0
TXN00006899,CUST1389,2026-07-18 00:58:24,215.21,online_retail,"houston, us",mobile,0
TXN00006900,CUST1338,2026-07-18 01:01:10,162.91,transfer,"miami, us",atm,0
TXN00006901,CUST1114,2026-07-18 01:07:18,20.0,cash_withdrawal,"los angeles, us",atm,0
TXN00006902,CUST1002,2026-07-18 01:12:52,32.3,dining,"los angeles, us",atm,0
TXN00006903,CUST1175,2026-07-18 01:21:23,21.98,grocery,"houston, us",atm,0
TXN00006904,CUST1182,2026-07-18 01:23:31,265.53,online_retail,"los angeles, us",web,0
TXN00006905,CUST1425,2026-07-18 01:25:34,60.0,cash_withdrawal,"new york, us",atm,0
TXN00006906,CUST1325,2026-07-18 01:28:36,41.59,dining,"los angeles, us",mobile,0
TXN00006907,CUST1494,2026-07-18 01:32:24,344.94,transfer,"new york, us",pos,0
TXN00006908,CUST1410,2026-07-18 01:36:39,360.38,online_retail,"miami, us",mobile,0
TXN00006909,CUST1150,2026-07-18 01:37:20,25.56,online_retail,"chicago, us",web,0
TXN00006910,CUST1281,2026-07-18 01:41:51,55.18,dining,"new york, us",pos,0
TXN00006911,CUST1268,2026-07-18 01:45:39,61.47,grocery,"miami, us",pos,0
TXN00006912,CUST1192,2026-07-18 01:51:18,354.88,travel,"houston, us",mobile,0
TXN00006913,CUST1360,2026-07-18 01:51:54,671.01,travel,"miami, us",pos,0
TXN00006914,CUST1055,2026-07-18 01:54:39,100.0,cash_withdrawal,"new york, us",atm,0
TXN00006915,CUST1024,2026-07-18 01:55:45,300.0,cash_withdrawal,"los angeles, us",atm,0
TXN00006916,CUST1460,2026-07-18 01:58:12,180.9,transfer,"houston, us",atm,0
TXN00006917,CUST1085,2026-07-18 02:01:28,45.15,dining,"new york, us",pos,0
TXN00006918,CUST1253,2026-07-18 02:04:01,48.06,grocery,"chicago, us",pos,0
TXN00006919,CUST1072,2026-07-18 02:12:13,49.35,online_retail,"new york, us",mobile,0
TXN00006920,CUST1421,2026-07-18 02:15:22,387.08,travel,"los angeles, us",atm,0
TXN00006921,CUST1368,2026-07-18 02:21:36,843.46,travel,"los angeles, us",web,0
TXN00006922,CUST1381,2026-07-18 02:25:20,20.0,cash_withdrawal,"new york, us",atm,0
TXN00006923,CUST1370,2026-07-18 02:27:36,40.0,cash_withdrawal,"los angeles, us",atm,0
TXN00006924,CUST1210,2026-07-18 02:30:29,6132.91,transfer,"los angeles, us",web,1
TXN00006925,CUST1055,2026-07-18 02:38:17,25.06,dining,"new york, us",atm,0
TXN00006926,CUST1131,2026-07-18 02:38:51,531.9,travel,"miami, us",mobile,0
TXN00006927,CUST1313,2026-07-18 02:40:34,200.0,cash_withdrawal,"new york, us",atm,0
TXN00006928,CUST1101,2026-07-18 02:41:04,68.51,grocery,"chicago, us",mobile,0
TXN00006929,CUST1097,2026-07-18 02:41:14,145.97,online_retail,"new york, us",mobile,0
TXN00006930,CUST1062,2026-07-18 02:41:50,34.8,dining,"houston, us",mobile,0
TXN00006931,CUST1477,2026-07-18 02:47:38,435.89,travel,"new york, us",atm,0
TXN00006932,CUST1437,2026-07-18 02:54:09,36.4,dining,"houston, us",atm,0
TXN00006933,CUST1202,2026-07-18 02:57:03,100.0,cash_withdrawal,"los angeles, us",atm,0
TXN00006934,CUST1111,2026-07-18 02:59:01,47.96,online_retail,"los angeles, us",mobile,0
TXN00006935,CUST1235,2026-07-18 03:01:37,942.87,travel,"miami, us",mobile,0
TXN00006936,CUST1423,2026-07-18 03:05:48,36.13,dining,"miami, us",mobile,0
TXN00006937,CUST1401,2026-07-18 03:08:21,300.0,cash_withdrawal,"miami, us",atm,0
TXN00006938,CUST1098,2026-07-18 03:16:16,36.33,online_retail,"new york, us",web,0
TXN00006939,CUST1367,2026-07-18 03:21:36,50.81,dining,"chicago, us",atm,0
TXN00006940,CUST1174,2026-07-18 03:22:37,268.46,transfer,"houston, us",atm,0
TXN00006941,CUST1056,2026-07-18 03:26:27,441.76,online_retail,"miami, us",mobile,0
TXN00006942,CUST1388,2026-07-18 03:28:11,100.0,cash_withdrawal,"new york, us",atm,0
TXN00006943,CUST1213,2026-07-18 03:30:30,10.58,online_retail,"miami, us",web,0
TXN00006944,CUST1024,2026-07-18 03:38:45,871.05,travel,"houston, us",pos,0
TXN00006945,CUST1475,2026-07-18 03:43:06,652.58,travel,"houston, us",mobile,0
TXN00006946,CUST1325,2026-07-18 03:46:22,52.98,grocery,"los angeles, us",mobile,0
TXN00006947,CUST1429,2026-07-18 03:49:23,39.82,dining,"los angeles, us",pos,0
TXN00006948,CUST1345,2026-07-18 03:52:08,42.23,grocery,"houston, us",atm,0
TXN00006949,CUST1302,2026-07-18 03:53:15,44.36,dining,"los angeles, us",web,0
TXN00006950,CUST1064,2026-07-18 03:54:14,49.51,dining,"miami, us",web,0
TXN00006951,CUST1396,2026-07-18 04:00:06,200.0,cash_withdrawal,"miami, us",atm,0
TXN00006952,CUST1457,2026-07-18 04:00:22,23.8,grocery,"chicago, us",atm,0
TXN00006953,CUST1231,2026-07-18 04:06:21,465.31,travel,"los angeles, us",web,0
TXN00006954,CUST1235,2026-07-18 04:11:13,20.43,transfer,"chicago, us",atm,0
TXN00006955,CUST1338,2026-07-18 04:17:57,199.12,transfer,"new york, us",web,0
TXN00006956,CUST1302,2026-07-18 04:25:28,34.9,dining,"new york, us",web,0
TXN00006957,CUST1490,2026-07-18 04:26:44,664.04,travel,"houston, us",web,0
TXN00006958,CUST1259,2026-07-18 04:29:43,60.0,cash_withdrawal,"houston, us",atm,0
TXN00006959,CUST1069,2026-07-18 04:32:57,63.87,dining,"chicago, us",web,0
TXN00006960,CUST1494,2026-07-18 04:39:26,38.42,grocery,"miami, us",web,0
TXN00006961,CUST1256,2026-07-18 04:46:30,475.51,travel,"chicago, us",web,0
TXN00006962,CUST1003,2026-07-18 04:49:45,20.0,cash_withdrawal,"miami, us",atm,0
TXN00006963,CUST1272,2026-07-18 04:56:15,471.87,travel,"houston, us",atm,0
TXN00006964,CUST1377,2026-07-18 05:03:03,37.98,grocery,"houston, us",web,0
TXN00006965,CUST1025,2026-07-18 05:08:14,44.79,grocery,"los angeles, us",pos,0
TXN00006966,CUST1284,2026-07-18 05:12:54,792.7,travel,"los angeles, us",mobile,0
TXN00006967,CUST1479,2026-07-18 05:18:13,336.54,travel,"houston, us",web,0
TXN00006968,CUST1222,2026-07-18 05:21:33,94.27,online_retail,"new york, us",mobile,0
TXN00006969,CUST1430,2026-07-18 05:23:44,56.42,grocery,"new york, us",pos,0
TXN00006970,CUST1300,2026-07-18 05:29:26,65.0,grocery,"chicago, us",pos,0
TXN00006971,CUST1248,2026-07-18 05:31:57,375.46,travel,"los angeles, us",atm,0
TXN00006972,CUST1474,2026-07-18 05:33:54,200.0,cash_withdrawal,"houston, us",atm,0
TXN00006973,CUST1261,2026-07-18 05:39:03,53.91,grocery,"los angeles, us",pos,0
TXN00006974,CUST1400,2026-07-18 05:42:29,39.5,dining,"chicago, us",pos,0
TXN00006975,CUST1472,2026-07-18 05:43:23,36.89,transfer,"new york, us",pos,0
TXN00006976,CUST1467,2026-07-18 05:51:07,34.5,dining,"los angeles, us",mobile,0
TXN00006977,CUST1091,2026-07-18 05:52:11,49.69,travel,"chicago, us",pos,0
TXN00006978,CUST1355,2026-07-18 05:53:27,1.0,dining,"chicago, us",pos,0
TXN00006979,CUST1297,2026-07-18 05:58:59,40.68,dining,"los angeles, us",mobile,0
TXN00006980,CUST1089,2026-07-18 06:05:29,300.0,cash_withdrawal,"chicago, us",atm,0
TXN00006981,CUST1375,2026-07-18 06:10:47,411.96,transfer,"chicago, us",atm,0
TXN00006982,CUST1418,2026-07-18 06:11:58,321.61,online_retail,"chicago, us",web,0
TXN00006983,CUST1066,2026-07-18 06:12:29,428.84,online_retail,"new york, us",mobile,0
TXN00006984,CUST1054,2026-07-18 06:17:39,701.99,travel,"miami, us",web,0
TXN00006985,CUST1199,2026-07-18 06:26:04,259.92,transfer,"houston, us",pos,0
TXN00006986,CUST1337,2026-07-18 06:34:01,200.0,cash_withdrawal,"houston, us",atm,0
TXN00006987,CUST1308,2026-07-18 06:41:43,688.76,travel,"los angeles, us",pos,0
TXN00006988,CUST1311,2026-07-18 06:47:28,200.0,cash_withdrawal,"miami, us",atm,0
TXN00006989,CUST1452,2026-07-18 06:54:36,29.21,dining,"miami, us",mobile,0
TXN00006990,CUST1165,2026-07-18 06:56:23,86.24,online_retail,"new york, us",mobile,0
TXN00006991,CUST1259,2026-07-18 06:58:11,67.17,online_retail,"chicago, us",mobile,0
TXN00006992,CUST1452,2026-07-18 07:04:21,208.99,transfer,"new york, us",web,0
TXN00006993,CUST1197,2026-07-18 07:08:19,823.73,travel,"miami, us",web,0
TXN00006994,CUST1215,2026-07-18 07:16:22,40.57,grocery,"new york, us",pos,0
TXN00006995,CUST1312,2026-07-18 07:17:22,40.0,cash_withdrawal,"chicago, us",atm,0
TXN00006996,CUST1469,2026-07-18 07:18:10,45.61,grocery,"new york, us",mobile,0
TXN00006997,CUST1355,2026-07-18 07:26:22,122.24,online_retail,"los angeles, us",mobile,0
TXN00006998,CUST1391,2026-07-18 07:31:11,36.2,dining,"los angeles, us",atm,0
TXN00006999,CUST1128,2026-07-18 07:36:37,190.35,transfer,"houston, us",web,0
TXN00007000,CUST1141,2026-07-18 07:39:42,502.37,transfer,"new york, us",mobile,0
TXN00007001,CUST1204,2026-07-18 07:42:26,423.52,transfer,"houston, us",mobile,0
TXN00007002,CUST1494,2026-07-18 07:48:47,186.7,transfer,"miami, us",atm,0
TXN00007003,CUST1176,2026-07-18 07:52:59,70.9,online_retail,"houston, us",mobile,0
TXN00007004,CUST1497,2026-07-18 08:01:35,225.64,travel,"chicago, us",mobile,0
TXN00007005,CUST1151,2026-07-18 08:08:14,66.08,grocery,"new york, us",atm,0
TXN00007006,CUST1232,2026-07-18 08:10:07,36.04,transfer,"new york, us",atm,0
TXN00007007,CUST1413,2026-07-18 08:14:50,420.49,travel,"new york, us",pos,0
TXN00007008,CUST1069,2026-07-18 08:21:09,18.08,dining,"miami, us",mobile,0
TXN00007009,CUST1071,2026-07-18 08:22:37,48.98,grocery,"chicago, us",mobile,0
TXN00007010,CUST1212,2026-07-18 08:23:09,56.47,grocery,"new york, us",atm,0
TXN00007011,CUST1309,2026-07-18 08:24:24,54.79,dining,"new york, us",web,0
TXN00007012,CUST1359,2026-07-18 08:26:12,1243.0,travel,"los angeles, us",atm,0
TXN00007013,CUST1454,2026-07-18 08:29:56,40.0,cash_withdrawal,"los angeles, us",atm,0
TXN00007014,CUST1384,2026-07-18 08:34:47,16.26,grocery,"new york, us",atm,0
TXN00007015,CUST1263,2026-07-18 08:41:01,52.17,dining,"miami, us",pos,0
TXN00007016,CUST1154,2026-07-18 08:43:20,42.96,online_retail,"houston, us",mobile,0
TXN00007017,CUST1432,2026-07-18 08:51:06,200.0,cash_withdrawal,"houston, us",atm,0
TXN00007018,CUST1360,2026-07-18 08:58:45,28.86,dining,"los angeles, us",mobile,0
TXN00007019,CUST1281,2026-07-18 09:05:23,92.06,transfer,"new york, us",pos,0
TXN00007020,CUST1441,2026-07-18 09:12:49,21.82,dining,"los angeles, us",pos,0
TXN00007021,CUST1161,2026-07-18 09:20:12,824.47,transfer,"houston, us",web,0
TXN00007022,CUST1365,2026-07-18 09:28:06,75.27,grocery,"los angeles, us",atm,0
TXN00007023,CUST1378,2026-07-18 09:33:02,40.5,dining,"miami, us",pos,0
TXN00007024,CUST1479,2026-07-18 09:41:31,772.22,transfer,"chicago, us",pos,0
TXN00007025,CUST1284,2026-07-18 09:44:38,22.31,dining,"houston, us",atm,0
TXN00007026,CUST1324,2026-07-18 09:52:26,937.75,travel,"miami, us",web,0
TXN00007027,CUST1112,2026-07-18 09:55:43,36.04,online_retail,"chicago, us",mobile,0
TXN00007028,CUST1103,2026-07-18 09:59:42,100.0,cash_withdrawal,"miami, us",atm,0
TXN00007029,CUST1108,2026-07-18 10:05:14,27.31,grocery,"houston, us",atm,0
TXN00007030,CUST1320,2026-07-18 10:11:31,511.22,travel,"chicago, us",mobile,0
TXN00007031,CUST1366,2026-07-18 10:12:41,40.0,cash_withdrawal,"miami, us",atm,0
TXN00007032,CUST1149,2026-07-18 10:20:37,198.73,transfer,"miami, us",mobile,0
TXN00007033,CUST1352,2026-07-18 10:24:30,14.01,dining,"los angeles, us",mobile,0
TXN00007034,CUST1177,2026-07-18 10:25:14,26.01,dining,"houston, us",mobile,0
TXN00007035,CUST1472,2026-07-18 10:29:31,60.0,cash_withdrawal,"miami, us",atm,0
TXN00007036,CUST1345,2026-07-18 10:33:15,300.0,cash_withdrawal,"houston, us",atm,0
TXN00007037,CUST1068,2026-07-18 10:37:53,48.57,online_retail,"miami, us",mobile,0
TXN00007038,CUST1364,2026-07-18 10:45:59,43.23,dining,"houston, us",atm,0
TXN00007039,CUST1333,2026-07-18 10:54:16,873.03,travel,"chicago, us",mobile,0
TXN00007040,CUST1500,2026-07-18 10:58:43,58.28,online_retail,"new york, us",web,0
TXN00007041,CUST1491,2026-07-18 11:05:37,27.85,grocery,"houston, us",web,0
TXN00007042,CUST1092,2026-07-18 11:05:58,659.91,travel,"chicago, us",pos,0
TXN00007043,CUST1258,2026-07-18 11:07:33,20.0,cash_withdrawal,"los angeles, us",atm,0
TXN00007044,CUST1278,2026-07-18 11:12:49,54.66,dining,"miami, us",pos,0
TXN00007045,CUST1356,2026-07-18 11:15:19,2.14,dining,"miami, us",web,0
TXN00007046,CUST1327,2026-07-18 11:21:25,46.23,dining,"los angeles, us",pos,0
TXN00007047,CUST1166,2026-07-18 11:29:50,16.24,dining,"los angeles, us",atm,0
TXN00007048,CUST1364,2026-07-18 11:31:06,278.88,transfer,"miami, us",pos,0
TXN00007049,CUST1060,2026-07-18 11:33:44,500.67,travel,"houston, us",pos,0
TXN00007050,CUST1390,2026-07-18 11:34:17,40.08,dining,"houston, us",web,0
TXN00007051,CUST1181,2026-07-18 11:42:36,51.85,dining,"miami, us",pos,0
TXN00007052,CUST1288,2026-07-18 11:47:35,45.97,transfer,"los angeles, us",pos,0
TXN00007053,CUST1246,2026-07-18 11:48:16,27.03,grocery,"chicago, us",pos,0
TXN00007054,CUST1299,2026-07-18 11:55:12,300.0,cash_withdrawal,"new york, us",atm,0
TXN00007055,CUST1293,2026-07-18 12:03:39,887.57,travel,"chicago, us",web,0
TXN00007056,CUST1483,2026-07-18 12:09:44,548.68,travel,"miami, us",web,0
TXN00007057,CUST1342,2026-07-18 12:11:31,300.0,cash_withdrawal,"houston, us",atm,0
TXN00007058,CUST1364,2026-07-18 12:18:00,66.78,grocery,"los angeles, us",atm,0
TXN00007059,CUST1214,2026-07-18 12:25:07,84.27,transfer,"miami, us",mobile,0
TXN00007060,CUST1346,2026-07-18 12:28:40,58.8,grocery,"miami, us",pos,0
TXN00007061,CUST1383,2026-07-18 12:33:03,431.4,travel,"new york, us",mobile,0
TXN00007062,CUST1458,2026-07-18 12:39:03,56.3,online_retail,"chicago, us",web,0
TXN00007063,CUST1431,2026-07-18 12:43:45,25.81,dining,"los angeles, us",atm,0
TXN00007064,CUST1274,2026-07-18 12:51:20,52.89,dining,"houston, us",pos,0
TXN00007065,CUST1147,2026-07-18 12:55:52,136.44,transfer,"miami, us",pos,0
TXN00007066,CUST1450,2026-07-18 13:04:19,60.26,grocery,"miami, us",atm,0
TXN00007067,CUST1434,2026-07-18 13:05:07,49.2,grocery,"chicago, us",web,0
TXN00007068,CUST1217,2026-07-18 13:06:41,355.06,travel,"new york, us",pos,0
TXN00007069,CUST1414,2026-07-18 13:10:35,500.95,travel,"los angeles, us",mobile,0
TXN00007070,CUST1007,2026-07-18 13:17:09,60.0,cash_withdrawal,"los angeles, us",atm,0
TXN00007071,CUST1268,2026-07-18 13:21:39,3.93,grocery,"los angeles, us",pos,0
TXN00007072,CUST1055,2026-07-18 13:25:05,356.53,online_retail,"new york, us",mobile,0
TXN00007073,CUST1013,2026-07-18 13:30:02,61.67,grocery,"houston, us",web,0
TXN00007074,CUST1196,2026-07-18 13:36:51,817.8,transfer,"houston, us",pos,0
TXN00007075,CUST1075,2026-07-18 13:40:20,47.44,grocery,"los angeles, us",mobile,0
TXN00007076,CUST1028,2026-07-18 13:43:55,699.69,transfer,"miami, us",mobile,0
TXN00007077,CUST1344,2026-07-18 13:49:15,1.0,travel,"new york, us",web,0
TXN00007078,CUST1029,2026-07-18 13:51:44,513.07,transfer,"los angeles, us",mobile,0
TXN00007079,CUST1103,2026-07-18 13:53:39,10.87,dining,"chicago, us",pos,0
TXN00007080,CUST1137,2026-07-18 13:55:23,86.78,transfer,"chicago, us",web,0
TXN00007081,CUST1385,2026-07-18 13:55:34,494.6,travel,"new york, us",web,0
TXN00007082,CUST1403,2026-07-18 13:57:05,31.56,transfer,"miami, us",web,0
TXN00007083,CUST1083,2026-07-18 14:02:07,271.46,travel,"miami, us",mobile,0
TXN00007084,CUST1147,2026-07-18 14:04:08,36.13,transfer,"new york, us",mobile,0
TXN00007085,CUST1350,2026-07-18 14:09:21,798.34,travel,"houston, us",atm,0
TXN00007086,CUST1129,2026-07-18 14:15:27,771.98,travel,"houston, us",atm,0
TXN00007087,CUST1075,2026-07-18 14:15:41,446.75,travel,"chicago, us",atm,0
TXN00007088,CUST1430,2026-07-18 14:23:21,38.86,dining,"chicago, us",pos,0
TXN00007089,CUST1032,2026-07-18 14:31:26,90.7,online_retail,"los angeles, us",mobile,0
TXN00007090,CUST1354,2026-07-18 14:38:20,20.0,cash_withdrawal,"miami, us",atm,0
TXN00007091,CUST1402,2026-07-18 14:42:52,1163.03,transfer,"chicago, us",web,0
TXN00007092,CUST1152,2026-07-18 14:46:55,87.15,transfer,"new york, us",mobile,0
TXN00007093,CUST1105,2026-07-18 14:51:22,67.76,grocery,"houston, us",web,0
TXN00007094,CUST1386,2026-07-18 14:57:34,26.05,dining,"los angeles, us",web,0
TXN00007095,CUST1278,2026-07-18 15:03:52,200.0,cash_withdrawal,"los angeles, us",atm,0
TXN00007096,CUST1017,2026-07-18 15:08:30,35.69,grocery,"los angeles, us",mobile,0
TXN00007097,CUST1184,2026-07-18 15:10:52,76.9,transfer,"new york, us",pos,0
TXN00007098,CUST1417,2026-07-18 15:13:37,60.0,cash_withdrawal,"chicago, us",atm,0
TXN00007099,CUST1232,2026-07-18 15:21:03,81.55,online_retail,"houston, us",web,0
TXN00007100,CUST1053,2026-07-18 15:23:05,44.3,dining,"new york, us",atm,0
TXN00007101,CUST1316,2026-07-18 15:25:46,791.64,travel,"new york, us",atm,0
TXN00007102,CUST1445,2026-07-18 15:31:58,179.28,transfer,"new york, us",pos,0
TXN00007103,CUST1346,2026-07-18 15:34:25,418.65,online_retail,"chicago, us",mobile,0
TXN00007104,CUST1379,2026-07-18 15:39:17,1099.81,travel,"houston, us",web,0
TXN00007105,CUST1288,2026-07-18 15:40:27,884.99,travel,"chicago, us",web,0
TXN00007106,CUST1443,2026-07-18 15:42:04,37.97,dining,"los angeles, us",atm,0
TXN00007107,CUST1115,2026-07-18 15:44:08,100.0,cash_withdrawal,"los angeles, us",atm,0
TXN00007108,CUST1381,2026-07-18 15:44:41,60.0,cash_withdrawal,"new york, us",atm,0
TXN00007109,CUST1332,2026-07-18 15:49:24,30.35,dining,"houston, us",web,0
TXN00007110,CUST1288,2026-07-18 15:51:35,334.22,transfer,"new york, us",web,0
TXN00007111,CUST1200,2026-07-18 15:54:14,59.52,dining,"miami, us",web,0
TXN00007112,CUST1122,2026-07-18 15:54:44,67.97,online_retail,"los angeles, us",mobile,0
TXN00007113,CUST1262,2026-07-18 16:00:21,60.0,cash_withdrawal,"miami, us",atm,0
TXN00007114,CUST1402,2026-07-18 16:01:46,200.0,cash_withdrawal,"new york, us",atm,0
TXN00007115,CUST1408,2026-07-18 16:09:58,49.46,transfer,"miami, us",pos,0
TXN00007116,CUST1409,2026-07-18 16:17:40,67.99,dining,"new york, us",atm,0
TXN00007117,CUST1357,2026-07-18 16:20:12,19.27,dining,"miami, us",mobile,0
TXN00007118,CUST1148,2026-07-18 16:28:16,904.79,transfer,"miami, us",pos,0
TXN00007119,CUST1355,2026-07-18 16:29:34,549.13,travel,"chicago, us",pos,0
TXN00007120,CUST1341,2026-07-18 16:32:02,1.0,dining,"los angeles, us",web,0
TXN00007121,CUST1025,2026-07-18 16:39:39,228.06,online_retail,"new york, us",mobile,0
TXN00007122,CUST1475,2026-07-18 16:46:33,34.62,dining,"los angeles, us",pos,0
TXN00007123,CUST1196,2026-07-18 16:47:09,226.72,transfer,"miami, us",atm,0
TXN00007124,CUST1199,2026-07-18 16:52:47,59.14,dining,"chicago, us",pos,0
TXN00007125,CUST1214,2026-07-18 17:01:18,312.78,online_retail,"new york, us",mobile,0
TXN00007126,CUST1490,2026-07-18 17:03:35,300.0,cash_withdrawal,"chicago, us",atm,0
TXN00007127,CUST1404,2026-07-18 17:12:11,177.67,online_retail,"chicago, us",mobile,0
TXN00007128,CUST1500,2026-07-18 17:19:22,17.22,online_retail,"miami, us",web,0
TXN00007129,CUST1351,2026-07-18 17:21:19,41.26,grocery,"chicago, us",mobile,0
TXN00007130,CUST1161,2026-07-18 17:26:02,300.0,cash_withdrawal,"new york, us",atm,0
TXN00007131,CUST1495,2026-07-18 17:27:11,270.64,transfer,"chicago, us",mobile,0
TXN00007132,CUST1283,2026-07-18 17:27:21,452.28,transfer,"new york, us",atm,0
TXN00007133,CUST1028,2026-07-18 17:33:03,64.03,transfer,"houston, us",mobile,0
TXN00007134,CUST1007,2026-07-18 17:36:10,48.95,online_retail,"houston, us",web,0
TXN00007135,CUST1381,2026-07-18 17:41:43,36.6,dining,"new york, us",atm,0
TXN00007136,CUST1129,2026-07-18 17:47:02,74.55,grocery,"new york, us",atm,0
TXN00007137,CUST1104,2026-07-18 17:55:29,36.33,dining,"houston, us",pos,0
TXN00007138,CUST1318,2026-07-18 17:58:47,595.05,travel,"chicago, us",pos,0
TXN00007139,CUST1445,2026-07-18 18:01:43,533.44,transfer,"miami, us",web,0
TXN00007140,CUST1400,2026-07-18 18:02:35,100.0,cash_withdrawal,"houston, us",atm,0
TXN00007141,CUST1441,2026-07-18 18:10:49,60.0,cash_withdrawal,"new york, us",atm,0
TXN00007142,CUST1446,2026-07-18 18:17:00,153.8,transfer,"new york, us",atm,0
TXN00007143,CUST1227,2026-07-18 18:24:42,1089.96,travel,"miami, us",mobile,0
TXN00007144,CUST1425,2026-07-18 18:29:33,383.83,transfer,"houston, us",mobile,0
TXN00007145,CUST1116,2026-07-18 18:31:58,49.01,dining,"houston, us",atm,0
TXN00007146,CUST1467,2026-07-18 18:38:17,610.27,travel,"houston, us",pos,0
TXN00007147,CUST1325,2026-07-18 18:39:35,40.0,cash_withdrawal,"houston, us",atm,0
TXN00007148,CUST1361,2026-07-18 18:43:14,58.97,grocery,"houston, us",pos,0
TXN00007149,CUST1364,2026-07-18 18:51:03,86.55,online_retail,"chicago, us",mobile,0
TXN00007150,CUST1332,2026-07-18 18:56:26,941.81,transfer,"houston, us",mobile,0
TXN00007151,CUST1189,2026-07-18 18:59:06,164.13,online_retail,"los angeles, us",web,0
TXN00007152,CUST1387,2026-07-18 19:02:02,422.13,travel,"los angeles, us",web,0
TXN00007153,CUST1302,2026-07-18 19:10:36,32.31,dining,"new york, us",web,0
TXN00007154,CUST1280,2026-07-18 19:11:15,100.0,cash_withdrawal,"new york, us",atm,0
TXN00007155,CUST1379,2026-07-18 19:16:45,287.3,online_retail,"los angeles, us",mobile,0
TXN00007156,CUST1309,2026-07-18 19:23:52,951.81,travel,"chicago, us",atm,0
TXN00007157,CUST1101,2026-07-18 19:24:07,60.0,cash_withdrawal,"miami, us",atm,0
TXN00007158,CUST1398,2026-07-18 19:31:18,300.0,cash_withdrawal,"miami, us",atm,0
TXN00007159,CUST1372,2026-07-18 19:34:30,210.93,transfer,"los angeles, us",mobile,0
TXN00007160,CUST1494,2026-07-18 19:36:32,31.87,grocery,"new york, us",pos,0
TXN00007161,CUST1100,2026-07-18 19:42:56,86.54,transfer,"new york, us",pos,0
TXN00007162,CUST1151,2026-07-18 19:51:20,443.44,travel,"miami, us",web,0
TXN00007163,CUST1230,2026-07-18 19:53:53,42.9,dining,"miami, us",mobile,0
TXN00007164,CUST1091,2026-07-18 19:55:33,68.12,grocery,"los angeles, us",mobile,0
TXN00007165,CUST1350,2026-07-18 19:57:54,16.31,grocery,"houston, us",pos,0
TXN00007166,CUST1039,2026-07-18 20:06:21,191.84,transfer,"new york, us",mobile,0
TXN00007167,CUST1096,2026-07-18 20:06:39,60.55,grocery,"new york, us",mobile,0
TXN00007168,CUST1493,2026-07-18 20:11:24,100.0,cash_withdrawal,"los angeles, us",atm,0
TXN00007169,CUST1089,2026-07-18 20:17:10,462.53,transfer,"new york, us",pos,0
TXN00007170,CUST1377,2026-07-18 20:25:41,58.0,grocery,"houston, us",mobile,0
TXN00007171,CUST1264,2026-07-18 20:33:15,61.03,grocery,"los angeles, us",web,0
TXN00007172,CUST1062,2026-07-18 20:40:03,17524.35,online_retail,"houston, us",mobile,1
TXN00007173,CUST1194,2026-07-18 20:48:13,574.56,transfer,"chicago, us",atm,0
TXN00007174,CUST1021,2026-07-18 20:55:02,615.48,travel,"miami, us",pos,0
TXN00007175,CUST1220,2026-07-18 21:00:10,200.0,cash_withdrawal,"chicago, us",atm,0
TXN00007176,CUST1143,2026-07-18 21:01:14,64.19,online_retail,"chicago, us",web,0
TXN00007177,CUST1285,2026-07-18 21:07:33,188.35,transfer,"new york, us",web,0
TXN00007178,CUST1136,2026-07-18 21:14:04,31.71,grocery,"houston, us",web,0
TXN00007179,CUST1067,2026-07-18 21:20:06,48.44,grocery,"chicago, us",web,0
TXN00007180,CUST1083,2026-07-18 21:23:31,24.26,dining,"houston, us",web,0
TXN00007181,CUST1300,2026-07-18 21:31:45,24.31,dining,"los angeles, us",web,0
TXN00007182,CUST1434,2026-07-18 21:37:29,1049.81,travel,"new york, us",mobile,0
TXN00007183,CUST1131,2026-07-18 21:39:50,747.69,transfer,"los angeles, us",mobile,0
TXN00007184,CUST1003,2026-07-18 21:47:25,20.0,cash_withdrawal,"houston, us",atm,0
TXN00007185,CUST1170,2026-07-18 21:52:55,147.22,transfer,"miami, us",pos,0
TXN00007186,CUST1239,2026-07-18 21:58:29,814.72,travel,"los angeles, us",mobile,0
TXN00007187,CUST1364,2026-07-18 22:03:48,43.7,grocery,"new york, us",mobile,0
TXN00007188,CUST1480,2026-07-18 22:08:40,51.66,grocery,"miami, us",mobile,0
TXN00007189,CUST1080,2026-07-18 22:10:35,20.0,cash_withdrawal,"los angeles, us",atm,0
TXN00007190,CUST1021,2026-07-18 22:17:43,710.41,travel,"houston, us",atm,0
TXN00007191,CUST1079,2026-07-18 22:21:39,456.72,transfer,"miami, us",pos,0
TXN00007192,CUST1476,2026-07-18 22:23:41,20.0,cash_withdrawal,"los angeles, us",atm,0
TXN00007193,CUST1166,2026-07-18 22:26:37,31.65,dining,"miami, us",pos,0
TXN00007194,CUST1306,2026-07-18 22:29:04,31.41,grocery,"los angeles, us",atm,0
TXN00007195,CUST1027,2026-07-18 22:30:58,248.78,transfer,"los angeles, us",pos,0
TXN00007196,CUST1397,2026-07-18 22:36:05,10.04,online_retail,"los angeles, us",mobile,0
TXN00007197,CUST1478,2026-07-18 22:41:37,9.94,dining,"los angeles, us",mobile,0
TXN00007198,CUST1321,2026-07-18 22:48:40,38.81,grocery,"chicago, us",pos,0
TXN00007199,CUST1316,2026-07-18 22:56:09,106.5,transfer,"houston, us",pos,0
TXN00007200,CUST1432,2026-07-18 23:02:44,255.91,online_retail,"miami, us",mobile,0
TXN00007201,CUST1339,2026-07-18 23:06:16,118.42,transfer,"los angeles, us",mobile,0
TXN00007202,CUST1155,2026-07-18 23:07:45,100.0,cash_withdrawal,"miami, us",atm,0
TXN00007203,CUST1252,2026-07-18 23:11:43,41.89,online_retail,"los angeles, us",mobile,0
TXN00007204,CUST1405,2026-07-18 23:13:51,26.77,dining,"miami, us",pos,0
TXN00007205,CUST1294,2026-07-18 23:20:14,20.0,cash_withdrawal,"miami, us",atm,0
TXN00007206,CUST1282,2026-07-18 23:26:35,230.51,transfer,"miami, us",web,0
TXN00007207,CUST1184,2026-07-18 23:30:27,44.25,grocery,"new york, us",mobile,0
TXN00007208,CUST1038,2026-07-18 23:33:45,50.83,dining,"miami, us",atm,0
TXN00007209,CUST1402,2026-07-18 23:35:10,545.09,travel,"chicago, us",mobile,0
TXN00007210,CUST1363,2026-07-18 23:43:01,433.08,transfer,"new york, us",atm,0
TXN00007211,CUST1163,2026-07-18 23:47:16,438.83,travel,"houston, us",pos,0
TXN00007212,CUST1270,2026-07-18 23:48:13,69.73,grocery,"los angeles, us",atm,0
TXN00007213,CUST1113,2026-07-18 23:52:36,300.0,cash_withdrawal,"chicago, us",atm,0
TXN00007214,CUST1490,2026-07-18 23:54:18,982.62,transfer,"miami, us",mobile,0
TXN00007215,CUST1095,2026-07-18 23:58:23,53.16,grocery,"miami, us",pos,0
TXN00007216,CUST1267,2026-07-19 00:00:07,49.23,dining,"miami, us",pos,0
TXN00007217,CUST1035,2026-07-19 00:07:14,223.98,transfer,"chicago, us",pos,0
TXN00007218,CUST1403,2026-07-19 00:14:45,925.24,travel,"houston, us",mobile,0
TXN00007219,CUST1259,2026-07-19 00:16:25,34.17,grocery,"miami, us",atm,0
TXN00007220,CUST1082,2026-07-19 00:18:11,32.93,dining,"new york, us",mobile,0
TXN00007221,CUST1213,2026-07-19 00:23:12,20.0,cash_withdrawal,"chicago, us",atm,0
TXN00007222,CUST1279,2026-07-19 00:27:33,349.62,transfer,"houston, us",atm,0
TXN00007223,CUST1275,2026-07-19 00:35:45,59.71,grocery,"los angeles, us",pos,0
TXN00007224,CUST1207,2026-07-19 00:42:08,40.0,cash_withdrawal,"houston, us",atm,0
TXN00007225,CUST1048,2026-07-19 00:43:50,142.56,online_retail,"miami, us",mobile,0
TXN00007226,CUST1179,2026-07-19 00:49:31,197.03,transfer,"houston, us",mobile,0
TXN00007227,CUST1114,2026-07-19 00:52:05,281.29,online_retail,"miami, us",mobile,0
TXN00007228,CUST1453,2026-07-19 00:52:25,193.03,travel,"new york, us",atm,0
TXN00007229,CUST1110,2026-07-19 00:55:13,508.69,travel,"los angeles, us",mobile,0
TXN00007230,CUST1340,2026-07-19 00:56:46,125.73,online_retail,"los angeles, us",web,0
TXN00007231,CUST1170,2026-07-19 01:04:29,20.0,cash_withdrawal,"new york, us",atm,0
TXN00007232,CUST1170,2026-07-19 01:06:09,200.0,cash_withdrawal,"houston, us",atm,0
TXN00007233,CUST1185,2026-07-19 01:13:17,182.21,travel,"houston, us",web,0
TXN00007234,CUST1151,2026-07-19 01:16:48,173.43,online_retail,"los angeles, us",mobile,0
TXN00007235,CUST1112,2026-07-19 01:22:49,30.16,dining,"miami, us",web,0
TXN00007236,CUST1487,2026-07-19 01:28:10,932.01,travel,"chicago, us",atm,0
TXN00007237,CUST1386,2026-07-19 01:29:56,356.81,travel,"new york, us",mobile,0
TXN00007238,CUST1317,2026-07-19 01:30:41,829.35,transfer,"chicago, us",atm,0
TXN00007239,CUST1272,2026-07-19 01:32:04,56.1,grocery,"miami, us",atm,0
TXN00007240,CUST1244,2026-07-19 01:32:50,82.45,online_retail,"chicago, us",mobile,0
TXN00007241,CUST1288,2026-07-19 01:36:38,584.11,travel,"los angeles, us",web,0
TXN00007242,CUST1422,2026-07-19 01:38:53,10.98,dining,"miami, us",mobile,0
TXN00007243,CUST1386,2026-07-19 01:42:55,651.74,transfer,"chicago, us",pos,0
TXN00007244,CUST1333,2026-07-19 01:50:50,300.0,cash_withdrawal,"miami, us",atm,0
TXN00007245,CUST1005,2026-07-19 01:56:30,61.56,grocery,"new york, us",pos,0
TXN00007246,CUST1059,2026-07-19 02:04:56,100.0,cash_withdrawal,"miami, us",atm,0
TXN00007247,CUST1343,2026-07-19 02:08:32,50.73,grocery,"chicago, us",web,0
TXN00007248,CUST1178,2026-07-19 02:09:33,22.41,grocery,"miami, us",web,0
TXN00007249,CUST1229,2026-07-19 02:15:53,1.0,travel,"los angeles, us",pos,0
TXN00007250,CUST1124,2026-07-19 02:20:32,652.48,travel,"miami, us",mobile,0
TXN00007251,CUST1464,2026-07-19 02:21:52,60.0,cash_withdrawal,"miami, us",atm,0
TXN00007252,CUST1329,2026-07-19 02:28:14,52.55,online_retail,"new york, us",mobile,0
TXN00007253,CUST1315,2026-07-19 02:34:48,34.73,dining,"miami, us",atm,0
TXN00007254,CUST1471,2026-07-19 02:41:51,354.81,online_retail,"new york, us",web,0
TXN00007255,CUST1319,2026-07-19 02:42:07,300.0,cash_withdrawal,"new york, us",atm,0
TXN00007256,CUST1125,2026-07-19 02:47:25,372.57,online_retail,"houston, us",web,0
TXN00007257,CUST1491,2026-07-19 02:48:26,40.63,dining,"chicago, us",atm,0
TXN00007258,CUST1021,2026-07-19 02:51:49,359.12,transfer,"los angeles, us",pos,0
TXN00007259,CUST1350,2026-07-19 02:55:15,53.8,dining,"los angeles, us",atm,0
TXN00007260,CUST1454,2026-07-19 02:55:35,43.3,grocery,"miami, us",mobile,0
TXN00007261,CUST1165,2026-07-19 02:56:41,46.75,dining,"new york, us",web,0
TXN00007262,CUST1196,2026-07-19 03:03:54,60.0,cash_withdrawal,"miami, us",atm,0
TXN00007263,CUST1469,2026-07-19 03:04:10,147.8,online_retail,"miami, us",web,0
TXN00007264,CUST1408,2026-07-19 03:10:50,49.96,grocery,"new york, us",pos,0
TXN00007265,CUST1484,2026-07-19 03:18:05,70.47,transfer,"miami, us",pos,0
TXN00007266,CUST1059,2026-07-19 03:23:44,80.61,transfer,"los angeles, us",pos,0
TXN00007267,CUST1198,2026-07-19 03:31:52,78.13,online_retail,"new york, us",web,0
TXN00007268,CUST1132,2026-07-19 03:32:24,29.34,dining,"miami, us",pos,0
TXN00007269,CUST1277,2026-07-19 03:33:41,94.96,online_retail,"miami, us",mobile,0
TXN00007270,CUST1371,2026-07-19 03:35:58,60.0,cash_withdrawal,"new york, us",atm,0
TXN00007271,CUST1145,2026-07-19 03:42:42,26.64,dining,"miami, us",atm,0
TXN00007272,CUST1013,2026-07-19 03:43:34,230.17,transfer,"miami, us",mobile,0
TXN00007273,CUST1467,2026-07-19 03:46:01,52.9,grocery,"los angeles, us",web,0
TXN00007274,CUST1265,2026-07-19 03:47:24,80.5,transfer,"houston, us",atm,0
TXN00007275,CUST1421,2026-07-19 03:55:34,1075.07,travel,"houston, us",mobile,0
TXN00007276,CUST1395,2026-07-19 04:01:05,855.76,travel,"los angeles, us",pos,0
TXN00007277,CUST1192,2026-07-19 04:06:22,132.03,online_retail,"los angeles, us",mobile,0
TXN00007278,CUST1264,2026-07-19 04:06:38,37.41,grocery,"miami, us",atm,0
TXN00007279,CUST1412,2026-07-19 04:13:33,100.0,cash_withdrawal,"chicago, us",atm,0
TXN00007280,CUST1261,2026-07-19 04:21:57,454.59,transfer,"los angeles, us",mobile,0
TXN00007281,CUST1229,2026-07-19 04:22:11,40.0,cash_withdrawal,"houston, us",atm,0
TXN00007282,CUST1250,2026-07-19 04:30:31,190.1,transfer,"miami, us",web,0
TXN00007283,CUST1023,2026-07-19 04:37:26,218.6,transfer,"houston, us",mobile,0
TXN00007284,CUST1152,2026-07-19 04:38:30,904.24,travel,"los angeles, us",web,0
TXN00007285,CUST1460,2026-07-19 04:43:17,896.54,travel,"new york, us",pos,0
TXN00007286,CUST1334,2026-07-19 04:49:43,20.0,cash_withdrawal,"miami, us",atm,0
TXN00007287,CUST1099,2026-07-19 04:56:51,73.1,grocery,"los angeles, us",mobile,0
TXN00007288,CUST1165,2026-07-19 04:59:54,461.71,travel,"miami, us",atm,0
TXN00007289,CUST1264,2026-07-19 05:07:20,536.51,travel,"houston, us",atm,0
TXN00007290,CUST1043,2026-07-19 05:13:32,411.53,travel,"new york, us",web,0
TXN00007291,CUST1486,2026-07-19 05:14:25,152.35,transfer,"miami, us",web,0
TXN00007292,CUST1050,2026-07-19 05:16:18,55.74,grocery,"new york, us",web,0
TXN00007293,CUST1086,2026-07-19 05:17:39,890.09,travel,"chicago, us",atm,0
TXN00007294,CUST1498,2026-07-19 05:21:54,46.4,dining,"miami, us",web,0
TXN00007295,CUST1490,2026-07-19 05:28:32,16.7,online_retail,"los angeles, us",mobile,0
TXN00007296,CUST1396,2026-07-19 05:33:30,235.01,dining,"sydney, au",mobile,1
TXN00007297,CUST1276,2026-07-19 05:41:16,681.5,transfer,"los angeles, us",pos,0
TXN00007298,CUST1274,2026-07-19 05:45:13,628.35,travel,"los angeles, us",atm,0
TXN00007299,CUST1004,2026-07-19 05:52:20,714.75,travel,"new york, us",web,0
TXN00007300,CUST1321,2026-07-19 05:53:53,36.24,dining,"miami, us",atm,0
TXN00007301,CUST1034,2026-07-19 05:56:40,37.93,dining,"chicago, us",mobile,0
TXN00007302,CUST1108,2026-07-19 05:59:39,35.72,dining,"chicago, us",web,0
TXN00007303,CUST1344,2026-07-19 06:03:54,64.55,grocery,"chicago, us",atm,0
TXN00007304,CUST1323,2026-07-19 06:05:23,48.38,dining,"miami, us",web,0
TXN00007305,CUST1397,2026-07-19 06:07:37,44.41,dining,"los angeles, us",atm,0
TXN00007306,CUST1110,2026-07-19 06:08:15,200.0,cash_withdrawal,"new york, us",atm,0
TXN00007307,CUST1443,2026-07-19 06:13:03,60.0,cash_withdrawal,"new york, us",atm,0
TXN00007308,CUST1351,2026-07-19 06:19:07,88.65,online_retail,"new york, us",mobile,0
TXN00007309,CUST1218,2026-07-19 06:21:33,619.19,travel,"los angeles, us",web,0
TXN00007310,CUST1428,2026-07-19 06:27:04,12.31,dining,"new york, us",pos,0
TXN00007311,CUST1054,2026-07-19 06:31:52,43.68,dining,"houston, us",atm,0
TXN00007312,CUST1106,2026-07-19 06:33:05,274.52,transfer,"chicago, us",mobile,0
TXN00007313,CUST1276,2026-07-19 06:33:25,20.0,cash_withdrawal,"miami, us",atm,0
TXN00007314,CUST1425,2026-07-19 06:40:37,300.0,cash_withdrawal,"los angeles, us",atm,0
TXN00007315,CUST1360,2026-07-19 06:41:09,40.0,cash_withdrawal,"chicago, us",atm,0
TXN00007316,CUST1450,2026-07-19 06:42:11,734.04,transfer,"new york, us",web,0
TXN00007317,CUST1500,2026-07-19 06:46:59,31.71,dining,"miami, us",atm,0
TXN00007318,CUST1380,2026-07-19 06:49:40,59.2,transfer,"chicago, us",pos,0
TXN00007319,CUST1397,2026-07-19 06:50:42,249.09,transfer,"los angeles, us",web,0
TXN00007320,CUST1223,2026-07-19 06:55:13,40.0,cash_withdrawal,"los angeles, us",atm,0
TXN00007321,CUST1332,2026-07-19 07:02:56,35.4,dining,"los angeles, us",pos,0
TXN00007322,CUST1419,2026-07-19 07:10:14,842.53,travel,"new york, us",pos,0
TXN00007323,CUST1482,2026-07-19 07:13:56,24.47,dining,"houston, us",web,0
TXN00007324,CUST1037,2026-07-19 07:15:18,200.0,cash_withdrawal,"new york, us",atm,0
TXN00007325,CUST1383,2026-07-19 07:15:28,49.51,grocery,"los angeles, us",pos,0
TXN00007326,CUST1352,2026-07-19 07:23:25,117.78,transfer,"los angeles, us",atm,0
TXN00007327,CUST1079,2026-07-19 07:25:29,68.85,online_retail,"miami, us",mobile,0
TXN00007328,CUST1013,2026-07-19 07:25:51,890.8,transfer,"miami, us",atm,0
TXN00007329,CUST1236,2026-07-19 07:27:57,519.9,travel,"chicago, us",atm,0
TXN00007330,CUST1368,2026-07-19 07:31:45,23.31,grocery,"los angeles, us",atm,0
TXN00007331,CUST1170,2026-07-19 07:35:12,353.79,transfer,"miami, us",pos,0
TXN00007332,CUST1020,2026-07-19 07:36:37,39.0,dining,"houston, us",atm,0
TXN00007333,CUST1045,2026-07-19 07:39:47,422.44,transfer,"los angeles, us",atm,0
TXN00007334,CUST1038,2026-07-19 07:45:32,40.0,cash_withdrawal,"new york, us",atm,0
TXN00007335,CUST1028,2026-07-19 07:48:08,31.25,grocery,"los angeles, us",pos,0
TXN00007336,CUST1092,2026-07-19 07:50:13,624.9,transfer,"los angeles, us",web,0
TXN00007337,CUST1407,2026-07-19 07:58:14,315.26,transfer,"new york, us",atm,0
TXN00007338,CUST1129,2026-07-19 08:05:54,37.84,grocery,"miami, us",pos,0
TXN00007339,CUST1286,2026-07-19 08:11:54,447.2,online_retail,"miami, us",mobile,0
TXN00007340,CUST1037,2026-07-19 08:15:20,47.34,dining,"chicago, us",mobile,0
TXN00007341,CUST1295,2026-07-19 08:21:21,40.0,cash_withdrawal,"chicago, us",atm,0
TXN00007342,CUST1421,2026-07-19 08:29:03,40.0,cash_withdrawal,"new york, us",atm,0
TXN00007343,CUST1117,2026-07-19 08:35:19,31.33,online_retail,"new york, us",web,0
TXN00007344,CUST1467,2026-07-19 08:42:30,38.89,grocery,"new york, us",web,0
TXN00007345,CUST1133,2026-07-19 08:50:21,62.97,grocery,"miami, us",web,0
TXN00007346,CUST1209,2026-07-19 08:51:28,52.27,grocery,"chicago, us",pos,0
TXN00007347,CUST1199,2026-07-19 08:55:49,220.25,online_retail,"chicago, us",mobile,0
TXN00007348,CUST1231,2026-07-19 08:57:25,100.0,cash_withdrawal,"chicago, us",atm,0
TXN00007349,CUST1323,2026-07-19 09:06:02,674.61,travel,"miami, us",atm,0
TXN00007350,CUST1208,2026-07-19 09:07:08,47.09,online_retail,"los angeles, us",web,0
TXN00007351,CUST1222,2026-07-19 09:09:12,81.69,dining,"new york, us",atm,0
TXN00007352,CUST1162,2026-07-19 09:10:14,100.0,cash_withdrawal,"miami, us",atm,0
TXN00007353,CUST1009,2026-07-19 09:18:33,19.84,dining,"los angeles, us",pos,0
TXN00007354,CUST1200,2026-07-19 09:26:52,230.43,online_retail,"miami, us",web,0
TXN00007355,CUST1345,2026-07-19 09:29:26,40.0,cash_withdrawal,"chicago, us",atm,0
TXN00007356,CUST1061,2026-07-19 09:32:38,45.21,grocery,"miami, us",pos,0
TXN00007357,CUST1274,2026-07-19 09:33:27,539.08,transfer,"los angeles, us",atm,0
TXN00007358,CUST1004,2026-07-19 09:38:52,735.72,travel,"los angeles, us",web,0
TXN00007359,CUST1329,2026-07-19 09:41:52,60.0,cash_withdrawal,"houston, us",atm,0
TXN00007360,CUST1369,2026-07-19 09:43:02,1.0,travel,"los angeles, us",atm,0
TXN00007361,CUST1317,2026-07-19 09:46:16,70.39,grocery,"miami, us",mobile,0
TXN00007362,CUST1033,2026-07-19 09:54:18,61.41,grocery,"houston, us",pos,0
TXN00007363,CUST1388,2026-07-19 10:02:21,60.0,cash_withdrawal,"houston, us",atm,0
TXN00007364,CUST1382,2026-07-19 10:10:21,206.34,online_retail,"new york, us",mobile,0
TXN00007365,CUST1300,2026-07-19 10:11:14,23.86,grocery,"chicago, us",web,0
TXN00007366,CUST1024,2026-07-19 10:19:02,178.76,transfer,"new york, us",web,0
TXN00007367,CUST1359,2026-07-19 10:19:34,158.82,online_retail,"new york, us",mobile,0
TXN00007368,CUST1435,2026-07-19 10:24:53,868.05,travel,"houston, us",web,0
TXN00007369,CUST1038,2026-07-19 10:26:20,65.18,grocery,"miami, us",pos,0
TXN00007370,CUST1184,2026-07-19 10:28:01,6.37,dining,"chicago, us",mobile,0
TXN00007371,CUST1476,2026-07-19 10:31:50,51.51,online_retail,"miami, us",mobile,0
TXN00007372,CUST1258,2026-07-19 10:36:31,526.12,travel,"los angeles, us",web,0
TXN00007373,CUST1055,2026-07-19 10:39:32,60.21,dining,"new york, us",mobile,0
TXN00007374,CUST1149,2026-07-19 10:44:49,60.0,cash_withdrawal,"miami, us",atm,0
TXN00007375,CUST1403,2026-07-19 10:46:31,81.31,online_retail,"houston, us",mobile,0
TXN00007376,CUST1352,2026-07-19 10:52:28,435.56,transfer,"new york, us",web,0
TXN00007377,CUST1155,2026-07-19 10:56:15,25.27,online_retail,"chicago, us",mobile,0
TXN00007378,CUST1311,2026-07-19 10:57:41,213.91,transfer,"new york, us",atm,0
TXN00007379,CUST1045,2026-07-19 11:05:28,1456.95,transfer,"chicago, us",web,0
TXN00007380,CUST1145,2026-07-19 11:11:19,461.47,transfer,"miami, us",mobile,0
TXN00007381,CUST1392,2026-07-19 11:17:20,90.92,transfer,"houston, us",web,0
TXN00007382,CUST1475,2026-07-19 11:20:04,39.11,dining,"new york, us",mobile,0
TXN00007383,CUST1225,2026-07-19 11:25:33,228.81,transfer,"houston, us",pos,0
TXN00007384,CUST1196,2026-07-19 11:32:41,478.09,travel,"los angeles, us",web,0
TXN00007385,CUST1203,2026-07-19 11:35:17,240.94,travel,"chicago, us",mobile,0
TXN00007386,CUST1421,2026-07-19 11:38:25,474.35,transfer,"chicago, us",web,0
TXN00007387,CUST1339,2026-07-19 11:46:03,200.0,cash_withdrawal,"los angeles, us",atm,0
TXN00007388,CUST1016,2026-07-19 11:47:06,462.5,transfer,"chicago, us",mobile,0
TXN00007389,CUST1243,2026-07-19 11:49:34,48.84,online_retail,"new york, us",mobile,0
TXN00007390,CUST1081,2026-07-19 11:57:33,200.0,cash_withdrawal,"chicago, us",atm,0
TXN00007391,CUST1274,2026-07-19 12:01:58,52.45,grocery,"new york, us",pos,0
TXN00007392,CUST1113,2026-07-19 12:07:46,163.37,transfer,"new york, us",atm,0
TXN00007393,CUST1070,2026-07-19 12:11:04,114.55,online_retail,"chicago, us",mobile,0
TXN00007394,CUST1383,2026-07-19 12:19:11,61.18,grocery,"los angeles, us",mobile,0
TXN00007395,CUST1201,2026-07-19 12:21:36,149.36,online_retail,"chicago, us",mobile,0
TXN00007396,CUST1408,2026-07-19 12:28:41,27.18,dining,"chicago, us",pos,0
TXN00007397,CUST1409,2026-07-19 12:36:35,115.46,online_retail,"los angeles, us",web,0
TXN00007398,CUST1435,2026-07-19 12:42:49,40.0,cash_withdrawal,"los angeles, us",atm,0
TXN00007399,CUST1280,2026-07-19 12:49:47,7646.18,transfer,"chicago, us",web,1
TXN00007400,CUST1152,2026-07-19 12:50:36,300.0,cash_withdrawal,"chicago, us",atm,0
TXN00007401,CUST1492,2026-07-19 12:57:29,1306.08,travel,"houston, us",mobile,0
TXN00007402,CUST1325,2026-07-19 12:57:40,52.69,grocery,"houston, us",atm,0
TXN00007403,CUST1074,2026-07-19 13:05:11,31.08,online_retail,"chicago, us",web,0
TXN00007404,CUST1153,2026-07-19 13:13:18,70.18,grocery,"los angeles, us",pos,0
TXN00007405,CUST1347,2026-07-19 13:21:48,20.0,cash_withdrawal,"los angeles, us",atm,0
TXN00007406,CUST1455,2026-07-19 13:23:14,37.02,dining,"los angeles, us",mobile,0
TXN00007407,CUST1469,2026-07-19 13:30:02,63.69,transfer,"los angeles, us",pos,0
TXN00007408,CUST1495,2026-07-19 13:35:47,57.63,grocery,"houston, us",pos,0
TXN00007409,CUST1408,2026-07-19 13:37:12,34.9,grocery,"los angeles, us",web,0
TXN00007410,CUST1444,2026-07-19 13:40:05,40.96,dining,"chicago, us",mobile,0
TXN00007411,CUST1374,2026-07-19 13:41:30,835.37,transfer,"los angeles, us",atm,0
TXN00007412,CUST1332,2026-07-19 13:44:59,28.47,dining,"chicago, us",web,0
TXN00007413,CUST1192,2026-07-19 13:48:57,60.0,cash_withdrawal,"los angeles, us",atm,0
TXN00007414,CUST1491,2026-07-19 13:55:16,60.0,cash_withdrawal,"miami, us",atm,0
TXN00007415,CUST1487,2026-07-19 14:02:13,38.93,grocery,"new york, us",atm,0
TXN00007416,CUST1006,2026-07-19 14:09:05,88.29,online_retail,"chicago, us",mobile,0
TXN00007417,CUST1284,2026-07-19 14:17:34,68.83,grocery,"miami, us",mobile,0
TXN00007418,CUST1448,2026-07-19 14:21:48,101.41,online_retail,"chicago, us",web,0
TXN00007419,CUST1285,2026-07-19 14:28:55,30.05,dining,"miami, us",atm,0
TXN00007420,CUST1073,2026-07-19 14:29:39,29.29,dining,"miami, us",mobile,0
TXN00007421,CUST1064,2026-07-19 14:30:46,116.73,online_retail,"miami, us",web,0
TXN00007422,CUST1022,2026-07-19 14:35:51,410.64,travel,"houston, us",web,0
TXN00007423,CUST1003,2026-07-19 14:39:39,20.0,cash_withdrawal,"houston, us",atm,0
TXN00007424,CUST1294,2026-07-19 14:48:00,46.63,dining,"houston, us",web,0
TXN00007425,CUST1306,2026-07-19 14:54:22,270.24,transfer,"new york, us",atm,0
TXN00007426,CUST1202,2026-07-19 14:56:54,19.06,dining,"new york, us",mobile,0
TXN00007427,CUST1276,2026-07-19 14:58:18,45.71,dining,"chicago, us",atm,0
TXN00007428,CUST1281,2026-07-19 14:59:14,300.0,cash_withdrawal,"chicago, us",atm,0
TXN00007429,CUST1485,2026-07-19 15:02:09,100.0,cash_withdrawal,"chicago, us",atm,0
TXN00007430,CUST1044,2026-07-19 15:03:24,635.0,travel,"los angeles, us",atm,0
TXN00007431,CUST1157,2026-07-19 15:05:07,29.13,dining,"miami, us",atm,0
TXN00007432,CUST1108,2026-07-19 15:11:49,63.99,online_retail,"houston, us",web,0
TXN00007433,CUST1384,2026-07-19 15:15:16,505.86,travel,"new york, us",pos,0
TXN00007434,CUST1380,2026-07-19 15:18:26,573.76,travel,"chicago, us",mobile,0
TXN00007435,CUST1463,2026-07-19 15:21:19,20.0,cash_withdrawal,"miami, us",atm,0
TXN00007436,CUST1372,2026-07-19 15:25:42,104.68,online_retail,"sydney, au",web,1
TXN00007437,CUST1177,2026-07-19 15:29:29,59.19,grocery,"miami, us",pos,0
TXN00007438,CUST1109,2026-07-19 15:33:45,11635.91,transfer,"chicago, us",web,1
TXN00007439,CUST1212,2026-07-19 15:39:50,50.88,grocery,"houston, us",pos,0
TXN00007440,CUST1464,2026-07-19 15:48:18,449.04,travel,"chicago, us",web,0
TXN00007441,CUST1331,2026-07-19 15:51:59,514.2,travel,"houston, us",pos,0
TXN00007442,CUST1436,2026-07-19 15:57:17,152.47,online_retail,"los angeles, us",web,0
TXN00007443,CUST1263,2026-07-19 16:04:13,78.55,travel,"houston, us",mobile,0
TXN00007444,CUST1073,2026-07-19 16:09:48,55.61,grocery,"chicago, us",mobile,0
TXN00007445,CUST1083,2026-07-19 16:12:48,62.77,grocery,"houston, us",atm,0
TXN00007446,CUST1095,2026-07-19 16:14:08,69.2,grocery,"miami, us",web,0
TXN00007447,CUST1114,2026-07-19 16:21:08,46.04,grocery,"new york, us",web,0
TXN00007448,CUST1316,2026-07-19 16:29:21,3.93,dining,"los angeles, us",pos,0
TXN00007449,CUST1428,2026-07-19 16:35:05,34.46,transfer,"houston, us",mobile,0
TXN00007450,CUST1130,2026-07-19 16:43:06,60.0,cash_withdrawal,"los angeles, us",atm,0
TXN00007451,CUST1100,2026-07-19 16:45:21,100.0,cash_withdrawal,"los angeles, us",atm,0
TXN00007452,CUST1059,2026-07-19 16:48:47,175.64,online_retail,"new york, us",web,0
TXN00007453,CUST1093,2026-07-19 16:52:31,100.0,cash_withdrawal,"chicago, us",atm,0
TXN00007454,CUST1344,2026-07-19 16:57:22,45.34,dining,"chicago, us",atm,0
TXN00007455,CUST1410,2026-07-19 17:01:46,615.83,transfer,"houston, us",atm,0
TXN00007456,CUST1291,2026-07-19 17:06:31,200.0,cash_withdrawal,"new york, us",atm,0
TXN00007457,CUST1437,2026-07-19 17:11:14,698.64,travel,"houston, us",mobile,0
TXN00007458,CUST1028,2026-07-19 17:15:36,31.48,dining,"houston, us",pos,0
TXN00007459,CUST1436,2026-07-19 17:20:18,712.62,travel,"los angeles, us",atm,0
TXN00007460,CUST1385,2026-07-19 17:25:02,68.0,online_retail,"los angeles, us",mobile,0
TXN00007461,CUST1478,2026-07-19 17:32:12,534.56,travel,"los angeles, us",atm,0
TXN00007462,CUST1282,2026-07-19 17:34:19,261.12,transfer,"miami, us",mobile,0
TXN00007463,CUST1237,2026-07-19 17:37:45,300.0,cash_withdrawal,"new york, us",atm,0
TXN00007464,CUST1331,2026-07-19 17:38:37,17.77,online_retail,"houston, us",mobile,0
TXN00007465,CUST1282,2026-07-19 17:43:44,33.46,transfer,"chicago, us",web,0
TXN00007466,CUST1038,2026-07-19 17:50:00,402.29,transfer,"los angeles, us",mobile,0
TXN00007467,CUST1149,2026-07-19 17:53:45,300.0,cash_withdrawal,"miami, us",atm,0
TXN00007468,CUST1344,2026-07-19 17:58:24,194.07,travel,"new york, us",atm,0
TXN00007469,CUST1035,2026-07-19 18:03:29,200.0,cash_withdrawal,"new york, us",atm,0
TXN00007470,CUST1129,2026-07-19 18:10:16,100.0,cash_withdrawal,"los angeles, us",atm,0
TXN00007471,CUST1051,2026-07-19 18:16:21,44.45,grocery,"chicago, us",mobile,0
TXN00007472,CUST1102,2026-07-19 18:23:26,51.35,dining,"miami, us",pos,0
TXN00007473,CUST1372,2026-07-19 18:29:59,300.0,cash_withdrawal,"houston, us",atm,0
TXN00007474,CUST1298,2026-07-19 18:32:01,10.06,online_retail,"los angeles, us",mobile,0
TXN00007475,CUST1250,2026-07-19 18:38:10,341.57,travel,"los angeles, us",mobile,0
TXN00007476,CUST1488,2026-07-19 18:39:04,43.28,grocery,"miami, us",mobile,0
TXN00007477,CUST1170,2026-07-19 18:41:14,296.3,travel,"miami, us",pos,0
TXN00007478,CUST1183,2026-07-19 18:44:29,16.88,grocery,"chicago, us",mobile,0
TXN00007479,CUST1066,2026-07-19 18:44:40,542.35,travel,"new york, us",pos,0
TXN00007480,CUST1344,2026-07-19 18:46:34,136.01,transfer,"chicago, us",pos,0
TXN00007481,CUST1336,2026-07-19 18:55:12,51.53,grocery,"houston, us",web,0
TXN00007482,CUST1121,2026-07-19 19:02:37,46.67,dining,"los angeles, us",atm,0
TXN00007483,CUST1052,2026-07-19 19:02:55,49.16,grocery,"new york, us",pos,0
TXN00007484,CUST1146,2026-07-19 19:06:10,504.35,travel,"houston, us",mobile,0
TXN00007485,CUST1318,2026-07-19 19:11:05,321.93,online_retail,"houston, us",mobile,0
TXN00007486,CUST1036,2026-07-19 19:15:17,127.63,transfer,"new york, us",pos,0
TXN00007487,CUST1461,2026-07-19 19:23:37,24.9,online_retail,"new york, us",web,0
TXN00007488,CUST1100,2026-07-19 19:24:55,51.59,dining,"new york, us",atm,0
TXN00007489,CUST1163,2026-07-19 19:32:56,136.7,online_retail,"los angeles, us",web,0
TXN00007490,CUST1249,2026-07-19 19:34:02,18.26,online_retail,"new york, us",mobile,0
TXN00007491,CUST1231,2026-07-19 19:34:42,32.71,online_retail,"houston, us",mobile,0
TXN00007492,CUST1169,2026-07-19 19:42:38,953.01,travel,"miami, us",web,0
TXN00007493,CUST1316,2026-07-19 19:45:46,200.0,cash_withdrawal,"chicago, us",atm,0
TXN00007494,CUST1338,2026-07-19 19:49:00,15.09,dining,"los angeles, us",atm,0
TXN00007495,CUST1157,2026-07-19 19:56:24,230.4,transfer,"chicago, us",pos,0
TXN00007496,CUST1356,2026-07-19 20:03:48,256.16,transfer,"houston, us",web,0
TXN00007497,CUST1300,2026-07-19 20:11:21,50.45,dining,"new york, us",atm,0
TXN00007498,CUST1079,2026-07-19 20:18:09,628.86,travel,"houston, us",pos,0
TXN00007499,CUST1290,2026-07-19 20:25:18,586.07,travel,"chicago, us",atm,0
TXN00007500,CUST1291,2026-07-19 20:26:39,574.43,transfer,"los angeles, us",atm,0
TXN00007501,CUST1187,2026-07-19 20:29:19,202.22,online_retail,"chicago, us",web,0
TXN00007502,CUST1414,2026-07-19 20:33:24,44.36,transfer,"los angeles, us",pos,0
TXN00007503,CUST1162,2026-07-19 20:34:47,20.0,cash_withdrawal,"houston, us",atm,0
TXN00007504,CUST1491,2026-07-19 20:42:04,595.53,travel,"houston, us",mobile,0
TXN00007505,CUST1220,2026-07-19 20:49:30,35.35,grocery,"houston, us",mobile,0
TXN00007506,CUST1087,2026-07-19 20:54:22,36.28,online_retail,"houston, us",mobile,0
TXN00007507,CUST1003,2026-07-19 21:02:49,1168.66,transfer,"new york, us",pos,0
TXN00007508,CUST1161,2026-07-19 21:10:55,49.32,grocery,"chicago, us",atm,0
TXN00007509,CUST1127,2026-07-19 21:18:52,77.91,online_retail,"new york, us",mobile,0
TXN00007510,CUST1403,2026-07-19 21:22:37,162.99,online_retail,"houston, us",mobile,0
TXN00007511,CUST1114,2026-07-19 21:24:51,291.72,travel,"chicago, us",web,0
TXN00007512,CUST1365,2026-07-19 21:26:48,30.72,online_retail,"houston, us",web,0
TXN00007513,CUST1379,2026-07-19 21:34:01,185.9,travel,"miami, us",atm,0
TXN00007514,CUST1329,2026-07-19 21:36:05,471.92,travel,"los angeles, us",pos,0
TXN00007515,CUST1224,2026-07-19 21:36:43,1193.52,online_retail,"mumbai, in",web,1
TXN00007516,CUST1142,2026-07-19 21:43:15,20.0,cash_withdrawal,"chicago, us",atm,0
TXN00007517,CUST1431,2026-07-19 21:44:35,300.0,cash_withdrawal,"new york, us",atm,0
TXN00007518,CUST1185,2026-07-19 21:45:45,32.43,transfer,"houston, us",atm,0
TXN00007519,CUST1069,2026-07-19 21:54:07,64.5,grocery,"houston, us",mobile,0
TXN00007520,CUST1348,2026-07-19 22:00:13,26.47,dining,"chicago, us",web,0
TXN00007521,CUST1376,2026-07-19 22:06:23,123.77,travel,"los angeles, us",mobile,0
TXN00007522,CUST1170,2026-07-19 22:07:46,45.15,dining,"houston, us",pos,0
TXN00007523,CUST1450,2026-07-19 22:11:09,41.2,grocery,"chicago, us",atm,0
TXN00007524,CUST1246,2026-07-19 22:17:34,36.28,dining,"houston, us",atm,0
TXN00007525,CUST1237,2026-07-19 22:17:57,40.0,cash_withdrawal,"new york, us",atm,0
TXN00007526,CUST1229,2026-07-19 22:24:03,417.53,travel,"miami, us",mobile,0
TXN00007527,CUST1184,2026-07-19 22:32:27,456.14,online_retail,"chicago, us",mobile,0
TXN00007528,CUST1397,2026-07-19 22:36:14,79.62,grocery,"houston, us",mobile,0
TXN00007529,CUST1157,2026-07-19 22:39:34,52.35,online_retail,"miami, us",mobile,0
TXN00007530,CUST1250,2026-07-19 22:40:11,26.63,grocery,"los angeles, us",mobile,0
TXN00007531,CUST1283,2026-07-19 22:46:20,384.07,transfer,"houston, us",atm,0
TXN00007532,CUST1056,2026-07-19 22:47:24,1308.37,travel,"chicago, us",pos,0
TXN00007533,CUST1090,2026-07-19 22:53:13,53.95,dining,"los angeles, us",web,0
TXN00007534,CUST1331,2026-07-19 22:58:20,82.9,transfer,"new york, us",atm,0
TXN00007535,CUST1311,2026-07-19 22:59:07,23.28,dining,"los angeles, us",pos,0
TXN00007536,CUST1042,2026-07-19 23:03:21,28.84,grocery,"miami, us",atm,0
TXN00007537,CUST1431,2026-07-19 23:10:39,691.03,travel,"miami, us",mobile,0
TXN00007538,CUST1144,2026-07-19 23:15:53,306.67,online_retail,"los angeles, us",web,0
TXN00007539,CUST1440,2026-07-19 23:23:28,607.3,travel,"los angeles, us",web,0
TXN00007540,CUST1424,2026-07-19 23:24:58,774.49,travel,"houston, us",atm,0
TXN00007541,CUST1072,2026-07-19 23:25:23,15.35,dining,"chicago, us",web,0
TXN00007542,CUST1457,2026-07-19 23:26:48,26.31,dining,"new york, us",mobile,0
TXN00007543,CUST1276,2026-07-19 23:30:05,35.32,transfer,"chicago, us",pos,0
TXN00007544,CUST1101,2026-07-19 23:31:27,56.9,online_retail,"chicago, us",web,0
TXN00007545,CUST1135,2026-07-19 23:32:17,49.15,dining,"new york, us",atm,0
TXN00007546,CUST1376,2026-07-19 23:34:32,81.96,dining,"chicago, us",mobile,0
TXN00007547,CUST1454,2026-07-19 23:35:21,47.93,grocery,"chicago, us",atm,0
TXN00007548,CUST1321,2026-07-19 23:35:37,51.82,dining,"miami, us",atm,0
TXN00007549,CUST1040,2026-07-19 23:40:38,573.26,travel,"los angeles, us",pos,0
TXN00007550,CUST1373,2026-07-19 23:47:53,117.79,online_retail,"houston, us",web,0
TXN00007551,CUST1039,2026-07-19 23:54:59,78.84,dining,"new york, us",pos,0
TXN00007552,CUST1457,2026-07-19 23:58:42,100.0,cash_withdrawal,"chicago, us",atm,0
TXN00007553,CUST1010,2026-07-20 00:00:08,40.0,cash_withdrawal,"houston, us",atm,0
TXN00007554,CUST1435,2026-07-20 00:06:49,33.41,dining,"miami, us",pos,0
TXN00007555,CUST1260,2026-07-20 00:08:32,24.52,grocery,"houston, us",web,0
TXN00007556,CUST1324,2026-07-20 00:12:42,77.02,dining,"chicago, us",mobile,0
TXN00007557,CUST1016,2026-07-20 00:19:12,100.0,cash_withdrawal,"houston, us",atm,0
TXN00007558,CUST1417,2026-07-20 00:20:33,433.62,online_retail,"los angeles, us",mobile,0
TXN00007559,CUST1298,2026-07-20 00:27:06,69.92,online_retail,"houston, us",mobile,0
TXN00007560,CUST1297,2026-07-20 00:31:46,16.47,online_retail,"chicago, us",web,0
TXN00007561,CUST1208,2026-07-20 00:37:53,534.57,travel,"chicago, us",web,0
TXN00007562,CUST1394,2026-07-20 00:46:08,96.47,grocery,"los angeles, us",pos,0
TXN00007563,CUST1303,2026-07-20 00:48:51,535.46,travel,"new york, us",mobile,0
TXN00007564,CUST1109,2026-07-20 00:53:01,37.67,online_retail,"new york, us",mobile,0
TXN00007565,CUST1465,2026-07-20 00:56:41,224.36,online_retail,"los angeles, us",mobile,0
TXN00007566,CUST1019,2026-07-20 01:03:00,200.0,cash_withdrawal,"chicago, us",atm,0
TXN00007567,CUST1283,2026-07-20 01:06:02,200.0,cash_withdrawal,"chicago, us",atm,0
TXN00007568,CUST1134,2026-07-20 01:09:59,45.9,dining,"miami, us",mobile,0
TXN00007569,CUST1279,2026-07-20 01:16:49,540.44,travel,"miami, us",mobile,0
TXN00007570,CUST1458,2026-07-20 01:22:29,40.0,cash_withdrawal,"new york, us",atm,0
TXN00007571,CUST1277,2026-07-20 01:28:34,20.0,cash_withdrawal,"chicago, us",atm,0
TXN00007572,CUST1242,2026-07-20 01:28:50,200.0,cash_withdrawal,"new york, us",atm,0
TXN00007573,CUST1335,2026-07-20 01:31:26,385.72,transfer,"miami, us",mobile,0
TXN00007574,CUST1397,2026-07-20 01:32:32,78.25,dining,"new york, us",web,0
TXN00007575,CUST1077,2026-07-20 01:34:01,588.34,transfer,"new york, us",pos,0
TXN00007576,CUST1188,2026-07-20 01:34:41,300.0,cash_withdrawal,"new york, us",atm,0
TXN00007577,CUST1201,2026-07-20 01:42:22,108.13,online_retail,"chicago, us",mobile,0
TXN00007578,CUST1115,2026-07-20 01:48:00,160.14,transfer,"los angeles, us",pos,0
TXN00007579,CUST1457,2026-07-20 01:48:26,300.0,cash_withdrawal,"houston, us",atm,0
TXN00007580,CUST1396,2026-07-20 01:53:45,200.0,cash_withdrawal,"new york, us",atm,0
TXN00007581,CUST1302,2026-07-20 02:00:19,111.96,online_retail,"los angeles, us",web,0
TXN00007582,CUST1376,2026-07-20 02:01:57,279.63,transfer,"houston, us",pos,0
TXN00007583,CUST1439,2026-07-20 02:06:24,17.39,grocery,"new york, us",web,0
TXN00007584,CUST1149,2026-07-20 02:07:56,62.06,dining,"houston, us",atm,0
TXN00007585,CUST1069,2026-07-20 02:08:11,68.84,dining,"los angeles, us",mobile,0
TXN00007586,CUST1238,2026-07-20 02:11:43,51.44,transfer,"chicago, us",web,0
TXN00007587,CUST1257,2026-07-20 02:18:59,35.81,grocery,"new york, us",atm,0
TXN00007588,CUST1262,2026-07-20 02:22:45,45.2,dining,"miami, us",pos,0
TXN00007589,CUST1047,2026-07-20 02:28:43,44.59,transfer,"chicago, us",mobile,0
TXN00007590,CUST1204,2026-07-20 02:36:58,1.0,travel,"new york, us",web,0
TXN00007591,CUST1187,2026-07-20 02:44:36,13832.15,transfer,"chicago, us",mobile,1
TXN00007592,CUST1258,2026-07-20 02:48:38,48.04,transfer,"chicago, us",atm,0
TXN00007593,CUST1006,2026-07-20 02:53:31,94.58,online_retail,"houston, us",mobile,0
TXN00007594,CUST1340,2026-07-20 02:59:45,300.0,cash_withdrawal,"new york, us",atm,0
TXN00007595,CUST1123,2026-07-20 03:06:59,53.68,dining,"miami, us",pos,0
TXN00007596,CUST1435,2026-07-20 03:09:21,76.68,dining,"los angeles, us",atm,0
TXN00007597,CUST1494,2026-07-20 03:17:21,69.05,online_retail,"houston, us",mobile,0
TXN00007598,CUST1413,2026-07-20 03:22:23,100.0,cash_withdrawal,"los angeles, us",atm,0
TXN00007599,CUST1315,2026-07-20 03:26:49,49.86,transfer,"miami, us",pos,0
TXN00007600,CUST1351,2026-07-20 03:29:35,58.98,grocery,"los angeles, us",web,0
TXN00007601,CUST1085,2026-07-20 03:35:48,77.92,grocery,"chicago, us",atm,0
TXN00007602,CUST1388,2026-07-20 03:37:54,13.75,online_retail,"los angeles, us",mobile,0
TXN00007603,CUST1264,2026-07-20 03:41:40,35.81,grocery,"miami, us",pos,0
TXN00007604,CUST1072,2026-07-20 03:49:46,43.21,dining,"houston, us",pos,0
TXN00007605,CUST1229,2026-07-20 03:51:16,940.53,travel,"new york, us",mobile,0
TXN00007606,CUST1082,2026-07-20 03:53:45,40.0,cash_withdrawal,"miami, us",atm,0
TXN00007607,CUST1092,2026-07-20 04:02:13,58.9,online_retail,"miami, us",web,0
TXN00007608,CUST1290,2026-07-20 04:03:10,39.08,transfer,"chicago, us",web,0
TXN00007609,CUST1486,2026-07-20 04:07:47,324.2,travel,"miami, us",pos,0
TXN00007610,CUST1290,2026-07-20 04:11:10,20.0,cash_withdrawal,"miami, us",atm,0
TXN00007611,CUST1338,2026-07-20 04:19:40,805.14,travel,"miami, us",atm,0
TXN00007612,CUST1447,2026-07-20 04:27:56,40.0,cash_withdrawal,"los angeles, us",atm,0
TXN00007613,CUST1496,2026-07-20 04:29:10,100.0,cash_withdrawal,"los angeles, us",atm,0
TXN00007614,CUST1075,2026-07-20 04:35:40,646.08,travel,"los angeles, us",web,0
TXN00007615,CUST1377,2026-07-20 04:37:38,40.0,cash_withdrawal,"new york, us",atm,0
TXN00007616,CUST1375,2026-07-20 04:41:13,494.99,travel,"chicago, us",web,0
TXN00007617,CUST1248,2026-07-20 04:46:39,137.44,online_retail,"miami, us",web,0
TXN00007618,CUST1481,2026-07-20 04:47:17,300.0,cash_withdrawal,"chicago, us",atm,0
TXN00007619,CUST1184,2026-07-20 04:49:19,175.52,transfer,"houston, us",mobile,0
TXN00007620,CUST1021,2026-07-20 04:52:49,31.58,grocery,"miami, us",mobile,0
TXN00007621,CUST1113,2026-07-20 04:54:33,452.18,travel,"houston, us",mobile,0
TXN00007622,CUST1390,2026-07-20 05:01:44,176.12,online_retail,"houston, us",web,0
TXN00007623,CUST1250,2026-07-20 05:08:15,10.87,dining,"new york, us",web,0
TXN00007624,CUST1119,2026-07-20 05:16:44,197.55,transfer,"miami, us",pos,0
TXN00007625,CUST1033,2026-07-20 05:21:40,77.99,grocery,"chicago, us",web,0
TXN00007626,CUST1136,2026-07-20 05:26:59,107.97,transfer,"chicago, us",web,0
TXN00007627,CUST1190,2026-07-20 05:34:19,271.56,online_retail,"los angeles, us",web,0
TXN00007628,CUST1120,2026-07-20 05:35:08,219.23,transfer,"new york, us",atm,0
TXN00007629,CUST1022,2026-07-20 05:42:16,255.19,transfer,"houston, us",atm,0
TXN00007630,CUST1343,2026-07-20 05:48:20,129.05,transfer,"new york, us",atm,0
TXN00007631,CUST1106,2026-07-20 05:52:29,377.41,travel,"chicago, us",atm,0
TXN00007632,CUST1266,2026-07-20 05:56:43,371.43,transfer,"los angeles, us",mobile,0
TXN00007633,CUST1465,2026-07-20 05:59:33,84.24,online_retail,"new york, us",web,0
TXN00007634,CUST1406,2026-07-20 06:05:17,40.0,cash_withdrawal,"miami, us",atm,0
TXN00007635,CUST1185,2026-07-20 06:10:55,181.24,transfer,"houston, us",web,0
TXN00007636,CUST1199,2026-07-20 06:14:32,105.0,online_retail,"miami, us",mobile,0
TXN00007637,CUST1241,2026-07-20 06:21:45,756.9,travel,"miami, us",pos,0
TXN00007638,CUST1470,2026-07-20 06:25:09,38.17,grocery,"chicago, us",web,0
TXN00007639,CUST1233,2026-07-20 06:26:43,46.08,grocery,"miami, us",web,0
TXN00007640,CUST1452,2026-07-20 06:27:20,66.24,grocery,"los angeles, us",pos,0
TXN00007641,CUST1024,2026-07-20 06:34:21,285.4,travel,"houston, us",atm,0
TXN00007642,CUST1021,2026-07-20 06:37:41,290.34,travel,"houston, us",pos,0
TXN00007643,CUST1333,2026-07-20 06:43:22,204.91,transfer,"chicago, us",mobile,0
TXN00007644,CUST1166,2026-07-20 06:47:09,42.25,online_retail,"miami, us",mobile,0
TXN00007645,CUST1053,2026-07-20 06:48:58,45.43,online_retail,"chicago, us",mobile,0
TXN00007646,CUST1361,2026-07-20 06:51:26,13.5,online_retail,"los angeles, us",mobile,0
TXN00007647,CUST1496,2026-07-20 06:52:31,64.41,grocery,"miami, us",atm,0
TXN00007648,CUST1267,2026-07-20 06:53:34,100.0,cash_withdrawal,"miami, us",atm,0
TXN00007649,CUST1325,2026-07-20 06:54:23,36.83,dining,"los angeles, us",mobile,0
TXN00007650,CUST1425,2026-07-20 06:57:38,97.45,transfer,"chicago, us",atm,0
TXN00007651,CUST1141,2026-07-20 07:02:56,118.39,transfer,"miami, us",web,0
TXN00007652,CUST1428,2026-07-20 07:09:44,200.0,cash_withdrawal,"chicago, us",atm,0
TXN00007653,CUST1380,2026-07-20 07:17:07,654.39,travel,"new york, us",atm,0
TXN00007654,CUST1135,2026-07-20 07:20:08,60.89,transfer,"los angeles, us",web,0
TXN00007655,CUST1297,2026-07-20 07:20:32,40.47,grocery,"los angeles, us",mobile,0
TXN00007656,CUST1279,2026-07-20 07:22:44,44.17,dining,"chicago, us",atm,0
TXN00007657,CUST1292,2026-07-20 07:25:18,690.09,travel,"houston, us",pos,0
TXN00007658,CUST1090,2026-07-20 07:26:51,372.34,travel,"houston, us",mobile,0
TXN00007659,CUST1193,2026-07-20 07:31:38,200.0,cash_withdrawal,"houston, us",atm,0
TXN00007660,CUST1335,2026-07-20 07:32:42,917.77,travel,"new york, us",web,0
TXN00007661,CUST1194,2026-07-20 07:33:25,20.4,dining,"miami, us",pos,0
TXN00007662,CUST1188,2026-07-20 07:35:23,7.64,dining,"miami, us",web,0
TXN00007663,CUST1301,2026-07-20 07:40:38,167.83,online_retail,"new york, us",mobile,0
TXN00007664,CUST1335,2026-07-20 07:40:53,55.71,grocery,"los angeles, us",pos,0
TXN00007665,CUST1460,2026-07-20 07:47:30,28.54,online_retail,"new york, us",mobile,0
TXN00007666,CUST1428,2026-07-20 07:55:25,1.0,travel,"houston, us",atm,0
TXN00007667,CUST1040,2026-07-20 07:58:13,113.54,transfer,"los angeles, us",atm,0
TXN00007668,CUST1265,2026-07-20 07:59:59,67.85,dining,"chicago, us",atm,0
TXN00007669,CUST1129,2026-07-20 08:04:51,20.0,cash_withdrawal,"houston, us",atm,0
TXN00007670,CUST1193,2026-07-20 08:06:44,297.91,transfer,"los angeles, us",web,0
TXN00007671,CUST1499,2026-07-20 08:12:20,300.0,cash_withdrawal,"new york, us",atm,0
TXN00007672,CUST1465,2026-07-20 08:20:25,317.58,online_retail,"new york, us",mobile,0
TXN00007673,CUST1115,2026-07-20 08:20:51,252.28,travel,"houston, us",mobile,0
TXN00007674,CUST1265,2026-07-20 08:23:04,30.35,dining,"new york, us",pos,0
TXN00007675,CUST1208,2026-07-20 08:25:31,60.0,cash_withdrawal,"new york, us",atm,0
TXN00007676,CUST1181,2026-07-20 08:26:24,20.0,cash_withdrawal,"miami, us",atm,0
TXN00007677,CUST1419,2026-07-20 08:34:54,564.28,travel,"new york, us",mobile,0
TXN00007678,CUST1445,2026-07-20 08:39:55,78.66,online_retail,"new york, us",mobile,0
TXN00007679,CUST1177,2026-07-20 08:44:54,6.22,dining,"miami, us",atm,0
TXN00007680,CUST1250,2026-07-20 08:45:26,35.45,dining,"los angeles, us",web,0
TXN00007681,CUST1406,2026-07-20 08:50:24,160.26,transfer,"chicago, us",atm,0
TXN00007682,CUST1247,2026-07-20 08:58:59,165.13,transfer,"los angeles, us",pos,0
TXN00007683,CUST1455,2026-07-20 09:05:53,60.73,grocery,"new york, us",pos,0
TXN00007684,CUST1310,2026-07-20 09:10:10,281.75,online_retail,"miami, us",mobile,0
TXN00007685,CUST1004,2026-07-20 09:10:43,63.81,dining,"new york, us",web,0
TXN00007686,CUST1257,2026-07-20 09:11:17,71.44,dining,"los angeles, us",web,0
TXN00007687,CUST1452,2026-07-20 09:14:08,855.61,travel,"houston, us",pos,0
TXN00007688,CUST1072,2026-07-20 09:15:05,31.74,transfer,"houston, us",atm,0
TXN00007689,CUST1226,2026-07-20 09:23:18,29.33,dining,"los angeles, us",atm,0
TXN00007690,CUST1085,2026-07-20 09:26:06,40.75,dining,"miami, us",atm,0
TXN00007691,CUST1118,2026-07-20 09:26:20,66.38,grocery,"new york, us",mobile,0
TXN00007692,CUST1040,2026-07-20 09:34:52,172.37,transfer,"miami, us",atm,0
TXN00007693,CUST1264,2026-07-20 09:38:04,81.83,dining,"new york, us",atm,0
TXN00007694,CUST1330,2026-07-20 09:44:38,11.93,online_retail,"los angeles, us",web,0
TXN00007695,CUST1144,2026-07-20 09:47:12,591.15,travel,"new york, us",mobile,0
TXN00007696,CUST1109,2026-07-20 09:55:32,36.96,dining,"houston, us",atm,0
TXN00007697,CUST1077,2026-07-20 09:59:05,865.04,travel,"miami, us",atm,0
TXN00007698,CUST1096,2026-07-20 10:03:31,22.13,dining,"houston, us",web,0
TXN00007699,CUST1081,2026-07-20 10:05:20,193.66,transfer,"new york, us",atm,0
TXN00007700,CUST1186,2026-07-20 10:08:11,44.18,grocery,"chicago, us",web,0
TXN00007701,CUST1309,2026-07-20 10:14:45,1.0,travel,"miami, us",web,0
TXN00007702,CUST1368,2026-07-20 10:18:15,360.58,transfer,"new york, us",web,0
TXN00007703,CUST1419,2026-07-20 10:24:36,48.53,grocery,"houston, us",pos,0
TXN00007704,CUST1061,2026-07-20 10:27:48,50.11,dining,"chicago, us",atm,0
TXN00007705,CUST1339,2026-07-20 10:36:16,578.32,travel,"houston, us",web,0
TXN00007706,CUST1118,2026-07-20 10:37:32,147.17,online_retail,"houston, us",web,0
TXN00007707,CUST1213,2026-07-20 10:43:41,514.26,transfer,"houston, us",web,0
TXN00007708,CUST1416,2026-07-20 10:49:36,46.48,grocery,"miami, us",pos,0
TXN00007709,CUST1170,2026-07-20 10:50:35,376.62,travel,"chicago, us",atm,0
TXN00007710,CUST1369,2026-07-20 10:53:34,71.61,online_retail,"los angeles, us",mobile,0
TXN00007711,CUST1059,2026-07-20 10:57:12,300.0,cash_withdrawal,"miami, us",atm,0
TXN00007712,CUST1247,2026-07-20 11:05:01,872.15,travel,"los angeles, us",mobile,0
TXN00007713,CUST1346,2026-07-20 11:11:30,652.37,travel,"los angeles, us",atm,0
TXN00007714,CUST1246,2026-07-20 11:15:57,44.47,transfer,"chicago, us",pos,0
TXN00007715,CUST1246,2026-07-20 11:16:58,21.3,online_retail,"miami, us",mobile,0
TXN00007716,CUST1108,2026-07-20 11:21:25,60.0,cash_withdrawal,"houston, us",atm,0
TXN00007717,CUST1303,2026-07-20 11:28:28,500.37,travel,"los angeles, us",mobile,0
TXN00007718,CUST1083,2026-07-20 11:35:14,721.54,travel,"los angeles, us",atm,0
TXN00007719,CUST1332,2026-07-20 11:36:40,175.73,online_retail,"new york, us",mobile,0
TXN00007720,CUST1427,2026-07-20 11:37:02,913.07,travel,"chicago, us",mobile,0
TXN00007721,CUST1211,2026-07-20 11:42:12,640.32,travel,"new york, us",pos,0
TXN00007722,CUST1012,2026-07-20 11:49:09,20.0,cash_withdrawal,"new york, us",atm,0
TXN00007723,CUST1125,2026-07-20 11:52:34,60.09,transfer,"chicago, us",web,0
TXN00007724,CUST1023,2026-07-20 11:56:48,61.7,transfer,"houston, us",web,0
TXN00007725,CUST1066,2026-07-20 12:01:58,52.88,dining,"los angeles, us",atm,0
TXN00007726,CUST1294,2026-07-20 12:09:32,51.23,grocery,"miami, us",pos,0
TXN00007727,CUST1304,2026-07-20 12:16:58,100.0,cash_withdrawal,"houston, us",atm,0
TXN00007728,CUST1083,2026-07-20 12:17:27,180.84,transfer,"new york, us",pos,0
TXN00007729,CUST1069,2026-07-20 12:20:05,200.0,cash_withdrawal,"miami, us",atm,0
TXN00007730,CUST1323,2026-07-20 12:21:37,69.39,online_retail,"houston, us",web,0
TXN00007731,CUST1263,2026-07-20 12:23:04,299.95,transfer,"miami, us",atm,0
TXN00007732,CUST1021,2026-07-20 12:29:03,20.0,cash_withdrawal,"chicago, us",atm,0
TXN00007733,CUST1457,2026-07-20 12:33:10,40.0,cash_withdrawal,"houston, us",atm,0
TXN00007734,CUST1294,2026-07-20 02:34:00,7547.92,cash_withdrawal,"los angeles, us",atm,1
TXN00007735,CUST1076,2026-07-20 12:41:43,67.71,grocery,"houston, us",web,0
TXN00007736,CUST1029,2026-07-20 12:47:13,48.07,dining,"houston, us",mobile,0
TXN00007737,CUST1086,2026-07-20 12:48:10,35.5,grocery,"houston, us",pos,0
TXN00007738,CUST1133,2026-07-20 12:56:27,400.98,travel,"houston, us",mobile,0
TXN00007739,CUST1473,2026-07-20 13:02:44,483.9,transfer,"miami, us",mobile,0
TXN00007740,CUST1093,2026-07-20 13:04:52,47.63,grocery,"chicago, us",mobile,0
TXN00007741,CUST1265,2026-07-20 13:12:34,29.28,dining,"houston, us",mobile,0
TXN00007742,CUST1491,2026-07-20 13:14:34,231.45,transfer,"chicago, us",pos,0
TXN00007743,CUST1208,2026-07-20 13:21:37,75.1,grocery,"los angeles, us",web,0
TXN00007744,CUST1307,2026-07-20 13:27:35,48.83,dining,"los angeles, us",pos,0
TXN00007745,CUST1497,2026-07-20 13:33:19,151.48,transfer,"new york, us",atm,0
TXN00007746,CUST1289,2026-07-20 13:34:41,304.55,transfer,"los angeles, us",web,0
TXN00007747,CUST1327,2026-07-20 13:41:24,284.11,transfer,"los angeles, us",web,0
TXN00007748,CUST1010,2026-07-20 13:47:41,81.76,dining,"los angeles, us",atm,0
TXN00007749,CUST1450,2026-07-20 13:49:13,776.93,travel,"new york, us",pos,0
TXN00007750,CUST1369,2026-07-20 13:57:51,44.75,grocery,"chicago, us",atm,0
TXN00007751,CUST1373,2026-07-20 14:06:14,46.96,grocery,"houston, us",pos,0
TXN00007752,CUST1339,2026-07-20 14:10:40,526.98,travel,"chicago, us",atm,0
TXN00007753,CUST1421,2026-07-20 14:15:14,31.92,dining,"chicago, us",mobile,0
TXN00007754,CUST1146,2026-07-20 14:23:52,68.6,grocery,"miami, us",web,0
TXN00007755,CUST1485,2026-07-20 14:30:15,191.24,online_retail,"new york, us",mobile,0
TXN00007756,CUST1044,2026-07-20 14:35:36,243.41,online_retail,"miami, us",web,0
TXN00007757,CUST1111,2026-07-20 14:41:19,600.18,travel,"chicago, us",atm,0
TXN00007758,CUST1230,2026-07-20 14:45:56,18.03,dining,"new york, us",pos,0
TXN00007759,CUST1311,2026-07-20 14:54:02,170.11,transfer,"new york, us",pos,0
TXN00007760,CUST1242,2026-07-20 15:00:45,41.96,online_retail,"new york, us",mobile,0
TXN00007761,CUST1445,2026-07-20 15:03:49,170.71,travel,"chicago, us",pos,0
TXN00007762,CUST1247,2026-07-20 15:07:48,19.48,online_retail,"miami, us",web,0
TXN00007763,CUST1088,2026-07-20 15:14:40,288.15,transfer,"miami, us",atm,0
TXN00007764,CUST1113,2026-07-20 15:15:57,775.77,travel,"chicago, us",atm,0
TXN00007765,CUST1426,2026-07-20 15:19:00,42.08,grocery,"los angeles, us",web,0
TXN00007766,CUST1211,2026-07-20 15:21:38,664.24,travel,"houston, us",pos,0
TXN00007767,CUST1308,2026-07-20 15:24:52,629.4,travel,"los angeles, us",web,0
TXN00007768,CUST1074,2026-07-20 15:30:21,40.0,cash_withdrawal,"los angeles, us",atm,0
TXN00007769,CUST1407,2026-07-20 15:37:49,177.74,transfer,"houston, us",web,0
TXN00007770,CUST1299,2026-07-20 15:46:00,20.0,cash_withdrawal,"chicago, us",atm,0
TXN00007771,CUST1421,2026-07-20 15:49:50,14929.55,online_retail,"chicago, us",web,1
TXN00007772,CUST1393,2026-07-20 15:50:20,207.57,transfer,"houston, us",web,0
TXN00007773,CUST1094,2026-07-20 15:58:06,23.75,dining,"new york, us",pos,0
TXN00007774,CUST1320,2026-07-20 16:04:20,41.36,online_retail,"miami, us",mobile,0
TXN00007775,CUST1338,2026-07-20 02:11:06,4801.33,transfer,"houston, us",atm,1
TXN00007776,CUST1262,2026-07-20 16:17:05,122.8,online_retail,"miami, us",mobile,0
TXN00007777,CUST1136,2026-07-20 16:20:33,519.17,transfer,"miami, us",atm,0
TXN00007778,CUST1086,2026-07-20 16:22:45,209.5,online_retail,"chicago, us",mobile,0
TXN00007779,CUST1371,2026-07-20 16:24:41,1126.32,travel,"houston, us",web,0
TXN00007780,CUST1352,2026-07-20 16:30:03,407.6,travel,"houston, us",mobile,0
TXN00007781,CUST1176,2026-07-20 16:35:23,402.55,transfer,"chicago, us",mobile,0
TXN00007782,CUST1473,2026-07-20 16:36:11,114.06,online_retail,"houston, us",mobile,0
TXN00007783,CUST1233,2026-07-20 16:44:31,693.58,transfer,"los angeles, us",atm,0
TXN00007784,CUST1306,2026-07-20 16:45:59,54.89,grocery,"miami, us",atm,0
TXN00007785,CUST1303,2026-07-20 16:50:59,60.0,cash_withdrawal,"miami, us",atm,0
TXN00007786,CUST1036,2026-07-20 16:56:30,53.72,dining,"miami, us",pos,0
TXN00007787,CUST1118,2026-07-20 17:00:54,1.0,dining,"houston, us",mobile,0
TXN00007788,CUST1194,2026-07-20 17:01:53,68.09,transfer,"miami, us",pos,0
TXN00007789,CUST1198,2026-07-20 17:08:55,45.86,dining,"miami, us",atm,0
TXN00007790,CUST1068,2026-07-20 17:09:12,299.6,travel,"los angeles, us",pos,0
TXN00007791,CUST1056,2026-07-20 17:10:35,713.29,travel,"chicago, us",atm,0
TXN00007792,CUST1009,2026-07-20 17:17:17,44.66,dining,"los angeles, us",atm,0
TXN00007793,CUST1104,2026-07-20 17:24:52,193.37,online_retail,"los angeles, us",web,0
TXN00007794,CUST1268,2026-07-20 17:27:40,100.0,cash_withdrawal,"houston, us",atm,0
TXN00007795,CUST1441,2026-07-20 17:32:30,177.11,online_retail,"miami, us",web,0
TXN00007796,CUST1466,2026-07-20 17:40:04,200.0,cash_withdrawal,"houston, us",atm,0
TXN00007797,CUST1259,2026-07-20 17:48:30,623.57,travel,"miami, us",web,0
TXN00007798,CUST1351,2026-07-20 17:55:28,34.45,grocery,"miami, us",mobile,0
TXN00007799,CUST1215,2026-07-20 18:02:18,178.65,online_retail,"new york, us",mobile,0
TXN00007800,CUST1424,2026-07-20 18:10:06,71.81,dining,"chicago, us",pos,0
TXN00007801,CUST1077,2026-07-20 18:11:00,457.71,travel,"los angeles, us",atm,0
TXN00007802,CUST1311,2026-07-20 18:15:25,24.06,dining,"chicago, us",mobile,0
TXN00007803,CUST1050,2026-07-20 18:16:23,20.0,cash_withdrawal,"miami, us",atm,0
TXN00007804,CUST1091,2026-07-20 18:20:25,40.82,dining,"los angeles, us",pos,0
TXN00007805,CUST1244,2026-07-20 18:23:15,83.96,transfer,"houston, us",mobile,0
TXN00007806,CUST1462,2026-07-20 18:24:51,57.48,grocery,"miami, us",web,0
TXN00007807,CUST1315,2026-07-20 18:32:59,347.73,online_retail,"houston, us",mobile,0
TXN00007808,CUST1308,2026-07-20 18:35:40,55.07,dining,"los angeles, us",pos,0
TXN00007809,CUST1020,2026-07-20 18:37:12,350.42,travel,"chicago, us",mobile,0
TXN00007810,CUST1450,2026-07-20 18:37:56,57.78,grocery,"miami, us",web,0
TXN00007811,CUST1402,2026-07-20 18:40:29,140.21,online_retail,"miami, us",mobile,0
TXN00007812,CUST1273,2026-07-20 18:45:34,100.0,cash_withdrawal,"miami, us",atm,0
TXN00007813,CUST1258,2026-07-20 18:48:50,723.13,transfer,"chicago, us",atm,0
TXN00007814,CUST1386,2026-07-20 18:52:00,40.0,cash_withdrawal,"houston, us",atm,0
TXN00007815,CUST1061,2026-07-20 18:52:55,888.16,travel,"houston, us",web,0
TXN00007816,CUST1048,2026-07-20 18:53:41,295.65,travel,"houston, us",web,0
TXN00007817,CUST1247,2026-07-20 18:55:22,300.0,cash_withdrawal,"los angeles, us",atm,0
TXN00007818,CUST1338,2026-07-20 19:01:35,716.99,travel,"houston, us",mobile,0
TXN00007819,CUST1067,2026-07-20 19:08:20,143.05,transfer,"miami, us",atm,0
TXN00007820,CUST1462,2026-07-20 19:12:25,16.59,dining,"chicago, us",mobile,0
TXN00007821,CUST1309,2026-07-20 19:14:47,45.59,online_retail,"chicago, us",mobile,0
TXN00007822,CUST1277,2026-07-20 19:23:21,132.71,transfer,"new york, us",atm,0
TXN00007823,CUST1424,2026-07-20 19:27:33,100.0,cash_withdrawal,"los angeles, us",atm,0
TXN00007824,CUST1001,2026-07-20 19:36:03,79.11,transfer,"new york, us",mobile,0
TXN00007825,CUST1460,2026-07-20 19:38:24,546.46,travel,"miami, us",web,0
TXN00007826,CUST1481,2026-07-20 19:45:04,104.42,transfer,"los angeles, us",atm,0
TXN00007827,CUST1397,2026-07-20 19:52:42,809.29,travel,"miami, us",web,0
TXN00007828,CUST1348,2026-07-20 19:56:38,123.1,travel,"los angeles, us",mobile,0
TXN00007829,CUST1333,2026-07-20 20:02:20,29.03,dining,"new york, us",pos,0
TXN00007830,CUST1221,2026-07-20 20:10:23,214.63,online_retail,"new york, us",mobile,0
TXN00007831,CUST1268,2026-07-20 20:11:44,49.12,grocery,"miami, us",atm,0
TXN00007832,CUST1216,2026-07-20 20:19:55,612.06,transfer,"chicago, us",mobile,0
TXN00007833,CUST1190,2026-07-20 20:21:08,200.0,cash_withdrawal,"houston, us",atm,0
TXN00007834,CUST1448,2026-07-20 20:29:35,300.0,cash_withdrawal,"miami, us",atm,0
TXN00007835,CUST1023,2026-07-20 20:34:36,711.63,travel,"chicago, us",pos,0
TXN00007836,CUST1358,2026-07-20 20:38:55,270.32,transfer,"miami, us",mobile,0
TXN00007837,CUST1272,2026-07-20 20:39:25,71.32,transfer,"houston, us",pos,0
TXN00007838,CUST1220,2026-07-20 20:42:41,634.47,travel,"los angeles, us",atm,0
TXN00007839,CUST1118,2026-07-20 20:50:10,60.0,cash_withdrawal,"new york, us",atm,0
TXN00007840,CUST1481,2026-07-20 20:52:46,335.47,transfer,"new york, us",pos,0
TXN00007841,CUST1411,2026-07-20 20:56:21,79.35,grocery,"new york, us",atm,0
TXN00007842,CUST1247,2026-07-20 21:00:00,563.16,travel,"los angeles, us",mobile,0
TXN00007843,CUST1405,2026-07-20 21:07:28,20.0,cash_withdrawal,"chicago, us",atm,0
TXN00007844,CUST1394,2026-07-20 21:12:55,64.46,grocery,"miami, us",atm,0
TXN00007845,CUST1196,2026-07-20 21:20:54,53.74,grocery,"houston, us",pos,0
TXN00007846,CUST1180,2026-07-20 21:26:52,200.0,cash_withdrawal,"los angeles, us",atm,0
TXN00007847,CUST1302,2026-07-20 21:28:08,221.18,transfer,"miami, us",web,0
TXN00007848,CUST1412,2026-07-20 21:32:03,55.99,grocery,"houston, us",mobile,0
TXN00007849,CUST1380,2026-07-20 21:35:20,148.66,online_retail,"houston, us",web,0
TXN00007850,CUST1465,2026-07-20 21:39:52,60.0,cash_withdrawal,"miami, us",atm,0
TXN00007851,CUST1390,2026-07-20 21:47:14,520.56,travel,"miami, us",pos,0
TXN00007852,CUST1429,2026-07-20 21:52:43,40.0,cash_withdrawal,"houston, us",atm,0
TXN00007853,CUST1357,2026-07-20 22:01:00,20.0,cash_withdrawal,"houston, us",atm,0
TXN00007854,CUST1295,2026-07-20 22:03:50,51.75,grocery,"miami, us",atm,0
TXN00007855,CUST1051,2026-07-20 22:07:11,138.63,transfer,"houston, us",mobile,0
TXN00007856,CUST1218,2026-07-20 22:08:03,461.78,travel,"houston, us",pos,0
TXN00007857,CUST1069,2026-07-20 22:14:02,43.07,dining,"miami, us",pos,0
TXN00007858,CUST1131,2026-07-20 22:17:43,49.35,grocery,"chicago, us",pos,0
TXN00007859,CUST1245,2026-07-20 22:22:12,70.68,online_retail,"chicago, us",mobile,0
TXN00007860,CUST1393,2026-07-20 22:26:12,193.04,transfer,"los angeles, us",pos,0
TXN00007861,CUST1120,2026-07-20 22:28:36,31.71,dining,"new york, us",web,0
TXN00007862,CUST1466,2026-07-20 22:36:15,111.43,transfer,"miami, us",mobile,0
TXN00007863,CUST1440,2026-07-20 22:43:53,60.0,cash_withdrawal,"chicago, us",atm,0
TXN00007864,CUST1043,2026-07-20 22:52:30,57.54,grocery,"los angeles, us",pos,0
TXN00007865,CUST1146,2026-07-20 22:58:29,22.19,dining,"chicago, us",atm,0
TXN00007866,CUST1307,2026-07-20 22:59:00,118.41,online_retail,"miami, us",web,0
TXN00007867,CUST1449,2026-07-20 23:04:27,43.5,online_retail,"new york, us",mobile,0
TXN00007868,CUST1279,2026-07-20 23:12:57,67.76,online_retail,"houston, us",mobile,0
TXN00007869,CUST1210,2026-07-20 23:18:36,144.4,online_retail,"houston, us",mobile,0
TXN00007870,CUST1132,2026-07-20 02:19:15,1969.49,transfer,"new york, us",atm,1
TXN00007871,CUST1097,2026-07-20 23:25:44,51.77,dining,"houston, us",atm,0
TXN00007872,CUST1003,2026-07-20 23:32:38,439.89,transfer,"chicago, us",mobile,0
TXN00007873,CUST1364,2026-07-20 23:34:53,782.09,travel,"chicago, us",mobile,0
TXN00007874,CUST1381,2026-07-20 23:41:01,59.08,dining,"chicago, us",pos,0
TXN00007875,CUST1405,2026-07-20 23:48:11,214.45,transfer,"miami, us",web,0
TXN00007876,CUST1004,2026-07-20 23:53:08,904.62,travel,"new york, us",atm,0
TXN00007877,CUST1296,2026-07-20 23:53:22,200.0,cash_withdrawal,"new york, us",atm,0
TXN00007878,CUST1268,2026-07-20 23:54:51,511.31,travel,"chicago, us",pos,0
TXN00007879,CUST1061,2026-07-21 00:02:17,42.19,dining,"houston, us",pos,0
TXN00007880,CUST1267,2026-07-21 00:03:20,311.43,transfer,"miami, us",mobile,0
TXN00007881,CUST1004,2026-07-21 00:05:58,50.03,grocery,"houston, us",web,0
TXN00007882,CUST1193,2026-07-21 00:09:20,983.22,travel,"chicago, us",atm,0
TXN00007883,CUST1336,2026-07-21 00:10:51,29.82,grocery,"chicago, us",pos,0
TXN00007884,CUST1106,2026-07-21 00:15:52,300.0,cash_withdrawal,"new york, us",atm,0
TXN00007885,CUST1353,2026-07-21 00:19:26,300.0,cash_withdrawal,"los angeles, us",atm,0
TXN00007886,CUST1412,2026-07-21 00:26:53,164.42,online_retail,"chicago, us",web,0
TXN00007887,CUST1162,2026-07-21 00:27:40,374.08,transfer,"miami, us",atm,0
TXN00007888,CUST1210,2026-07-21 00:29:44,37.08,grocery,"miami, us",mobile,0
TXN00007889,CUST1186,2026-07-21 00:33:12,634.31,transfer,"new york, us",pos,0
TXN00007890,CUST1055,2026-07-21 00:40:49,300.0,cash_withdrawal,"miami, us",atm,0
TXN00007891,CUST1080,2026-07-21 00:44:55,145.72,transfer,"miami, us",atm,0
TXN00007892,CUST1219,2026-07-21 00:50:47,55.12,grocery,"chicago, us",mobile,0
TXN00007893,CUST1334,2026-07-21 00:51:44,663.26,transfer,"miami, us",atm,0
TXN00007894,CUST1300,2026-07-21 00:54:52,975.07,travel,"new york, us",atm,0
TXN00007895,CUST1130,2026-07-21 00:59:00,1041.51,travel,"new york, us",mobile,0
TXN00007896,CUST1134,2026-07-21 01:03:09,1296.51,travel,"miami, us",mobile,0
TXN00007897,CUST1438,2026-07-21 01:08:47,139.37,online_retail,"los angeles, us",mobile,0
TXN00007898,CUST1275,2026-07-21 01:13:30,217.53,online_retail,"los angeles, us",web,0
TXN00007899,CUST1217,2026-07-21 01:21:20,511.54,online_retail,"houston, us",mobile,0
TXN00007900,CUST1290,2026-07-21 01:28:28,612.33,travel,"houston, us",web,0
TXN00007901,CUST1188,2026-07-21 01:32:36,60.84,grocery,"new york, us",web,0
TXN00007902,CUST1314,2026-07-21 01:33:41,44.52,grocery,"houston, us",mobile,0
TXN00007903,CUST1142,2026-07-21 01:34:34,1196.99,travel,"miami, us",atm,0
TXN00007904,CUST1349,2026-07-21 01:36:16,52.7,grocery,"miami, us",pos,0
TXN00007905,CUST1204,2026-07-21 01:42:40,432.58,transfer,"miami, us",pos,0
TXN00007906,CUST1387,2026-07-21 01:43:45,34.54,dining,"new york, us",mobile,0
TXN00007907,CUST1105,2026-07-21 01:51:44,132.06,transfer,"miami, us",atm,0
TXN00007908,CUST1212,2026-07-21 02:00:05,63.01,grocery,"los angeles, us",mobile,0
TXN00007909,CUST1283,2026-07-21 02:08:07,475.66,travel,"new york, us",atm,0
TXN00007910,CUST1402,2026-07-21 02:11:40,51.53,dining,"los angeles, us",atm,0
TXN00007911,CUST1286,2026-07-21 02:18:23,422.32,online_retail,"chicago, us",mobile,0
TXN00007912,CUST1248,2026-07-21 02:22:14,222.86,travel,"chicago, us",mobile,0
TXN00007913,CUST1092,2026-07-21 02:24:06,23.31,dining,"new york, us",pos,0
TXN00007914,CUST1190,2026-07-21 02:27:41,74.74,dining,"chicago, us",pos,0
TXN00007915,CUST1287,2026-07-21 02:30:39,300.0,cash_withdrawal,"los angeles, us",atm,0
TXN00007916,CUST1285,2026-07-21 02:31:22,331.99,travel,"miami, us",pos,0
TXN00007917,CUST1248,2026-07-21 02:34:14,66.05,dining,"chicago, us",mobile,0
TXN00007918,CUST1130,2026-07-21 02:37:19,20.0,cash_withdrawal,"los angeles, us",atm,0
TXN00007919,CUST1158,2026-07-21 02:42:38,784.71,travel,"miami, us",mobile,0
TXN00007920,CUST1296,2026-07-21 02:46:56,100.0,cash_withdrawal,"houston, us",atm,0
TXN00007921,CUST1177,2026-07-21 02:48:54,40.0,cash_withdrawal,"miami, us",atm,0
TXN00007922,CUST1397,2026-07-21 02:55:03,920.08,travel,"los angeles, us",atm,0
TXN00007923,CUST1362,2026-07-21 03:01:32,151.69,transfer,"los angeles, us",pos,0
TXN00007924,CUST1204,2026-07-21 03:05:45,987.16,travel,"houston, us",mobile,0
TXN00007925,CUST1377,2026-07-21 03:06:53,680.05,travel,"chicago, us",mobile,0
TXN00007926,CUST1071,2026-07-21 03:09:25,64.43,dining,"chicago, us",mobile,0
TXN00007927,CUST1438,2026-07-21 03:13:27,633.49,travel,"new york, us",web,0
TXN00007928,CUST1443,2026-07-21 03:13:56,38.1,dining,"los angeles, us",pos,0
TXN00007929,CUST1338,2026-07-21 03:18:45,516.74,travel,"new york, us",web,0
TXN00007930,CUST1061,2026-07-21 03:20:14,522.4,travel,"los angeles, us",mobile,0
TXN00007931,CUST1383,2026-07-21 03:28:29,9.04,dining,"new york, us",pos,0
TXN00007932,CUST1118,2026-07-21 03:32:39,21.27,online_retail,"miami, us",mobile,0
TXN00007933,CUST1229,2026-07-21 03:34:03,47.97,grocery,"chicago, us",web,0
TXN00007934,CUST1401,2026-07-21 03:39:40,55.45,dining,"new york, us",pos,0
TXN00007935,CUST1359,2026-07-21 03:41:39,200.0,cash_withdrawal,"new york, us",atm,0
TXN00007936,CUST1487,2026-07-21 03:44:32,40.67,dining,"miami, us",web,0
TXN00007937,CUST1083,2026-07-21 03:49:32,675.72,travel,"los angeles, us",atm,0
TXN00007938,CUST1052,2026-07-21 03:49:58,699.61,travel,"los angeles, us",web,0
TXN00007939,CUST1110,2026-07-21 03:58:33,65.15,transfer,"los angeles, us",web,0
TXN00007940,CUST1261,2026-07-21 04:03:50,25.16,online_retail,"los angeles, us",web,0
TXN00007941,CUST1206,2026-07-21 04:10:36,53.68,grocery,"houston, us",web,0
TXN00007942,CUST1403,2026-07-21 04:14:00,775.83,travel,"los angeles, us",atm,0
TXN00007943,CUST1174,2026-07-21 04:14:41,254.52,transfer,"houston, us",atm,0
TXN00007944,CUST1411,2026-07-21 04:22:50,60.0,cash_withdrawal,"miami, us",atm,0
TXN00007945,CUST1282,2026-07-21 04:29:53,122.44,online_retail,"miami, us",mobile,0
TXN00007946,CUST1315,2026-07-21 04:33:08,100.0,cash_withdrawal,"houston, us",atm,0
TXN00007947,CUST1357,2026-07-21 04:40:02,300.0,cash_withdrawal,"los angeles, us",atm,0
TXN00007948,CUST1351,2026-07-21 04:43:52,37.55,dining,"chicago, us",web,0
TXN00007949,CUST1362,2026-07-21 04:52:23,60.59,grocery,"houston, us",atm,0
TXN00007950,CUST1027,2026-07-21 04:56:35,657.0,travel,"los angeles, us",atm,0
TXN00007951,CUST1083,2026-07-21 04:58:34,52.49,dining,"miami, us",mobile,0
TXN00007952,CUST1200,2026-07-21 04:59:11,17.98,dining,"los angeles, us",atm,0
TXN00007953,CUST1494,2026-07-21 05:01:09,645.03,travel,"miami, us",web,0
TXN00007954,CUST1326,2026-07-21 05:08:43,36.86,online_retail,"los angeles, us",web,0
TXN00007955,CUST1003,2026-07-21 05:09:04,419.49,transfer,"los angeles, us",mobile,0
TXN00007956,CUST1412,2026-07-21 05:17:21,20.0,cash_withdrawal,"chicago, us",atm,0
TXN00007957,CUST1047,2026-07-21 05:23:59,63.77,online_retail,"los angeles, us",web,0
TXN00007958,CUST1422,2026-07-21 05:29:59,103.37,online_retail,"chicago, us",web,0
TXN00007959,CUST1075,2026-07-21 05:33:45,147.23,online_retail,"houston, us",mobile,0
TXN00007960,CUST1242,2026-07-21 05:36:13,38.18,online_retail,"los angeles, us",web,0
TXN00007961,CUST1475,2026-07-21 05:38:32,20.0,cash_withdrawal,"new york, us",atm,0
TXN00007962,CUST1308,2026-07-21 05:44:07,39.03,grocery,"miami, us",pos,0
TXN00007963,CUST1223,2026-07-21 05:45:47,213.01,online_retail,"new york, us",mobile,0
TXN00007964,CUST1046,2026-07-21 05:46:39,128.14,transfer,"los angeles, us",atm,0
TXN00007965,CUST1033,2026-07-21 05:48:01,172.87,online_retail,"chicago, us",mobile,0
TXN00007966,CUST1135,2026-07-21 05:48:46,35.85,online_retail,"chicago, us",web,0
TXN00007967,CUST1114,2026-07-21 05:51:16,409.53,travel,"houston, us",mobile,0
TXN00007968,CUST1190,2026-07-21 05:54:53,55.78,grocery,"los angeles, us",atm,0
TXN00007969,CUST1041,2026-07-21 05:55:44,9.3,dining,"houston, us",mobile,0
TXN00007970,CUST1312,2026-07-21 05:58:26,486.7,travel,"los angeles, us",web,0
TXN00007971,CUST1020,2026-07-21 06:06:03,388.45,travel,"miami, us",web,0
TXN00007972,CUST1371,2026-07-21 06:12:17,57.66,dining,"new york, us",web,0
TXN00007973,CUST1197,2026-07-21 06:16:18,715.57,travel,"new york, us",web,0
TXN00007974,CUST1477,2026-07-21 06:23:54,291.86,travel,"los angeles, us",mobile,0
TXN00007975,CUST1206,2026-07-21 06:27:38,35.94,dining,"new york, us",mobile,0
TXN00007976,CUST1315,2026-07-21 06:32:16,406.92,travel,"miami, us",atm,0
TXN00007977,CUST1336,2026-07-21 06:34:15,197.41,online_retail,"houston, us",web,0
TXN00007978,CUST1267,2026-07-21 06:40:07,20.0,cash_withdrawal,"new york, us",atm,0
TXN00007979,CUST1147,2026-07-21 06:47:54,100.0,cash_withdrawal,"chicago, us",atm,0
TXN00007980,CUST1365,2026-07-21 06:50:16,892.95,travel,"miami, us",atm,0
TXN00007981,CUST1494,2026-07-21 06:52:00,69.96,dining,"new york, us",web,0
TXN00007982,CUST1306,2026-07-21 06:59:15,59.81,online_retail,"houston, us",web,0
TXN00007983,CUST1030,2026-07-21 06:59:52,81.23,online_retail,"houston, us",web,0
TXN00007984,CUST1485,2026-07-21 07:00:49,54.53,grocery,"new york, us",atm,0
TXN00007985,CUST1397,2026-07-21 07:08:37,29.05,dining,"los angeles, us",mobile,0
TXN00007986,CUST1420,2026-07-21 07:16:28,115.14,online_retail,"miami, us",web,0
TXN00007987,CUST1090,2026-07-21 07:20:17,195.04,online_retail,"chicago, us",mobile,0
TXN00007988,CUST1328,2026-07-21 07:23:22,52.94,online_retail,"houston, us",web,0
TXN00007989,CUST1254,2026-07-21 07:31:45,137.66,transfer,"chicago, us",atm,0
TXN00007990,CUST1225,2026-07-21 07:38:20,61.8,dining,"houston, us",web,0
TXN00007991,CUST1006,2026-07-21 07:41:02,41.43,grocery,"houston, us",web,0
TXN00007992,CUST1104,2026-07-21 07:42:36,40.88,dining,"los angeles, us",web,0
TXN00007993,CUST1436,2026-07-21 07:44:27,64.34,grocery,"los angeles, us",web,0
TXN00007994,CUST1337,2026-07-21 07:47:35,202.37,transfer,"los angeles, us",pos,0
TXN00007995,CUST1477,2026-07-21 07:55:47,14.7,online_retail,"chicago, us",web,0
TXN00007996,CUST1412,2026-07-21 07:59:31,39.67,dining,"houston, us",pos,0
TXN00007997,CUST1266,2026-07-21 08:03:47,145.54,transfer,"new york, us",atm,0
TXN00007998,CUST1147,2026-07-21 08:08:00,53.67,dining,"miami, us",pos,0
TXN00007999,CUST1100,2026-07-21 08:12:44,396.99,online_retail,"new york, us",mobile,0
TXN00008000,CUST1018,2026-07-21 08:18:46,40.0,cash_withdrawal,"chicago, us",atm,0
TXN00008001,CUST1402,2026-07-21 08:25:37,50.95,grocery,"houston, us",atm,0
TXN00008002,CUST1307,2026-07-21 08:27:09,40.0,cash_withdrawal,"houston, us",atm,0
TXN00008003,CUST1262,2026-07-21 08:35:33,32.56,dining,"chicago, us",mobile,0
TXN00008004,CUST1265,2026-07-21 08:41:39,10.45,dining,"miami, us",web,0
TXN00008005,CUST1358,2026-07-21 08:45:32,45.15,dining,"new york, us",mobile,0
TXN00008006,CUST1119,2026-07-21 08:48:43,1073.05,travel,"houston, us",mobile,0
TXN00008007,CUST1315,2026-07-21 08:56:40,204.81,online_retail,"los angeles, us",web,0
TXN00008008,CUST1087,2026-07-21 09:02:44,36.74,grocery,"new york, us",mobile,0
TXN00008009,CUST1346,2026-07-21 09:07:46,30.22,dining,"miami, us",mobile,0
TXN00008010,CUST1019,2026-07-21 09:11:15,40.76,grocery,"los angeles, us",mobile,0
TXN00008011,CUST1185,2026-07-21 09:18:26,25.65,dining,"houston, us",atm,0
TXN00008012,CUST1123,2026-07-21 09:18:41,26.97,online_retail,"new york, us",web,0
TXN00008013,CUST1336,2026-07-21 09:23:38,200.66,online_retail,"new york, us",web,0
TXN00008014,CUST1001,2026-07-21 09:30:28,44.83,grocery,"chicago, us",web,0
TXN00008015,CUST1500,2026-07-21 09:38:15,1064.03,online_retail,"paris, fr",mobile,1
TXN00008016,CUST1081,2026-07-21 09:43:30,40.0,cash_withdrawal,"new york, us",atm,0
TXN00008017,CUST1045,2026-07-21 09:45:21,109.1,transfer,"chicago, us",web,0
TXN00008018,CUST1142,2026-07-21 09:46:10,229.4,travel,"los angeles, us",web,0
TXN00008019,CUST1400,2026-07-21 09:52:30,118.83,online_retail,"chicago, us",web,0
TXN00008020,CUST1205,2026-07-21 09:58:21,44.36,grocery,"los angeles, us",mobile,0
TXN00008021,CUST1181,2026-07-21 10:03:27,246.18,online_retail,"mumbai, in",web,1
TXN00008022,CUST1343,2026-07-21 10:08:52,60.0,cash_withdrawal,"chicago, us",atm,0
TXN00008023,CUST1203,2026-07-21 10:10:16,866.72,transfer,"chicago, us",mobile,0
TXN00008024,CUST1208,2026-07-21 10:13:11,364.58,online_retail,"miami, us",mobile,0
TXN00008025,CUST1301,2026-07-21 10:19:01,135.49,online_retail,"miami, us",web,0
TXN00008026,CUST1103,2026-07-21 10:27:36,318.81,dining,"mumbai, in",web,1
TXN00008027,CUST1266,2026-07-21 10:34:47,30.28,grocery,"houston, us",web,0
TXN00008028,CUST1008,2026-07-21 10:42:57,4.55,dining,"new york, us",atm,0
TXN00008029,CUST1378,2026-07-21 10:49:22,44.55,grocery,"chicago, us",web,0
TXN00008030,CUST1361,2026-07-21 10:55:52,75.67,grocery,"new york, us",web,0
TXN00008031,CUST1036,2026-07-21 11:03:04,100.0,cash_withdrawal,"houston, us",atm,0
TXN00008032,CUST1471,2026-07-21 11:09:31,301.45,online_retail,"houston, us",mobile,0
TXN00008033,CUST1047,2026-07-21 11:15:56,559.51,travel,"new york, us",web,0
TXN00008034,CUST1282,2026-07-21 11:18:48,56.58,grocery,"los angeles, us",pos,0
TXN00008035,CUST1146,2026-07-21 11:19:05,379.0,travel,"houston, us",pos,0
TXN00008036,CUST1372,2026-07-21 11:20:32,42.65,dining,"miami, us",mobile,0
TXN00008037,CUST1425,2026-07-21 11:28:21,43.56,online_retail,"houston, us",mobile,0
TXN00008038,CUST1287,2026-07-21 11:32:25,29.85,grocery,"houston, us",atm,0
TXN00008039,CUST1469,2026-07-21 11:40:33,647.6,transfer,"chicago, us",web,0
TXN00008040,CUST1299,2026-07-21 11:41:58,35.85,online_retail,"chicago, us",mobile,0
TXN00008041,CUST1179,2026-07-21 11:46:23,200.0,cash_withdrawal,"miami, us",atm,0
TXN00008042,CUST1178,2026-07-21 11:53:55,202.45,transfer,"new york, us",atm,0
TXN00008043,CUST1494,2026-07-21 11:56:47,40.0,cash_withdrawal,"new york, us",atm,0
TXN00008044,CUST1418,2026-07-21 11:57:55,149.6,online_retail,"chicago, us",web,0
TXN00008045,CUST1142,2026-07-21 12:04:50,32.09,dining,"los angeles, us",pos,0
TXN00008046,CUST1116,2026-07-21 12:13:16,21.38,dining,"miami, us",pos,0
TXN00008047,CUST1311,2026-07-21 12:19:11,70.55,dining,"houston, us",atm,0
TXN00008048,CUST1494,2026-07-21 12:22:49,629.99,transfer,"los angeles, us",atm,0
TXN00008049,CUST1100,2026-07-21 12:25:13,272.02,transfer,"houston, us",pos,0
TXN00008050,CUST1233,2026-07-21 12:29:49,96.84,online_retail,"houston, us",mobile,0
TXN00008051,CUST1477,2026-07-21 12:36:08,38.78,dining,"chicago, us",mobile,0
TXN00008052,CUST1207,2026-07-21 12:36:19,412.8,travel,"new york, us",web,0
TXN00008053,CUST1295,2026-07-21 12:44:54,267.83,online_retail,"new york, us",mobile,0
TXN00008054,CUST1003,2026-07-21 12:48:54,153.0,online_retail,"houston, us",web,0
TXN00008055,CUST1134,2026-07-21 12:57:06,49.65,grocery,"new york, us",mobile,0
TXN00008056,CUST1090,2026-07-21 13:04:22,69.18,grocery,"houston, us",web,0
TXN00008057,CUST1209,2026-07-21 13:11:50,28.91,online_retail,"miami, us",web,0
TXN00008058,CUST1260,2026-07-21 13:13:04,12.06,online_retail,"los angeles, us",mobile,0
TXN00008059,CUST1055,2026-07-21 13:18:38,870.75,travel,"chicago, us",atm,0
TXN00008060,CUST1287,2026-07-21 13:22:38,244.28,online_retail,"new york, us",web,0
TXN00008061,CUST1038,2026-07-21 13:28:15,125.19,transfer,"chicago, us",pos,0
TXN00008062,CUST1258,2026-07-21 13:36:41,330.9,travel,"new york, us",atm,0
TXN00008063,CUST1151,2026-07-21 13:41:47,9.31,grocery,"chicago, us",mobile,0
TXN00008064,CUST1175,2026-07-21 13:42:46,37.01,dining,"los angeles, us",pos,0
TXN00008065,CUST1485,2026-07-21 13:43:14,28.54,grocery,"chicago, us",mobile,0
TXN00008066,CUST1060,2026-07-21 13:45:15,30.47,dining,"houston, us",pos,0
TXN00008067,CUST1412,2026-07-21 13:51:46,63.98,transfer,"houston, us",atm,0
TXN00008068,CUST1263,2026-07-21 14:00:17,40.0,cash_withdrawal,"los angeles, us",atm,0
TXN00008069,CUST1490,2026-07-21 14:02:03,42.85,online_retail,"houston, us",mobile,0
TXN00008070,CUST1132,2026-07-21 14:05:48,18.54,online_retail,"new york, us",mobile,0
TXN00008071,CUST1449,2026-07-21 14:11:54,10.49,dining,"houston, us",mobile,0
TXN00008072,CUST1276,2026-07-21 14:16:43,60.0,cash_withdrawal,"new york, us",atm,0
TXN00008073,CUST1417,2026-07-21 14:23:29,60.45,dining,"miami, us",web,0
TXN00008074,CUST1407,2026-07-21 14:25:04,1105.19,transfer,"houston, us",atm,0
TXN00008075,CUST1295,2026-07-21 14:30:21,42.3,online_retail,"houston, us",mobile,0
TXN00008076,CUST1129,2026-07-21 14:33:44,14.72,dining,"los angeles, us",web,0
TXN00008077,CUST1356,2026-07-21 14:35:44,257.36,travel,"chicago, us",pos,0
TXN00008078,CUST1227,2026-07-21 14:38:52,5126.77,online_retail,"chicago, us",web,1
TXN00008079,CUST1495,2026-07-21 14:40:49,84.38,grocery,"houston, us",mobile,0
TXN00008080,CUST1194,2026-07-21 14:49:06,338.2,transfer,"chicago, us",atm,0
TXN00008081,CUST1289,2026-07-21 14:50:53,78.01,grocery,"new york, us",mobile,0
TXN00008082,CUST1248,2026-07-21 14:59:20,200.0,cash_withdrawal,"new york, us",atm,0
TXN00008083,CUST1395,2026-07-21 15:05:17,100.0,cash_withdrawal,"miami, us",atm,0
TXN00008084,CUST1125,2026-07-21 15:10:22,166.84,transfer,"chicago, us",atm,0
TXN00008085,CUST1388,2026-07-21 15:18:41,166.29,online_retail,"new york, us",web,0
TXN00008086,CUST1174,2026-07-21 15:18:58,83.19,dining,"new york, us",pos,0
TXN00008087,CUST1493,2026-07-21 15:22:17,2.77,dining,"chicago, us",atm,0
TXN00008088,CUST1398,2026-07-21 15:29:23,474.04,travel,"los angeles, us",web,0
TXN00008089,CUST1235,2026-07-21 15:32:39,58.41,grocery,"chicago, us",atm,0
TXN00008090,CUST1349,2026-07-21 15:32:57,100.0,cash_withdrawal,"new york, us",atm,0
TXN00008091,CUST1236,2026-07-21 15:35:41,198.7,travel,"miami, us",pos,0
TXN00008092,CUST1460,2026-07-21 15:43:30,21.46,dining,"los angeles, us",mobile,0
TXN00008093,CUST1301,2026-07-21 15:46:17,173.33,transfer,"houston, us",pos,0
TXN00008094,CUST1442,2026-07-21 15:50:44,34.47,online_retail,"miami, us",web,0
TXN00008095,CUST1015,2026-07-21 15:57:53,115.05,online_retail,"new york, us",mobile,0
TXN00008096,CUST1247,2026-07-21 16:05:27,200.0,cash_withdrawal,"houston, us",atm,0
TXN00008097,CUST1060,2026-07-21 16:06:40,252.65,online_retail,"miami, us",mobile,0
TXN00008098,CUST1133,2026-07-21 16:12:48,97.38,online_retail,"chicago, us",mobile,0
TXN00008099,CUST1035,2026-07-21 16:17:13,63.99,dining,"houston, us",web,0
TXN00008100,CUST1196,2026-07-21 16:22:55,60.0,cash_withdrawal,"houston, us",atm,0
TXN00008101,CUST1325,2026-07-21 16:26:58,591.93,travel,"houston, us",mobile,0
TXN00008102,CUST1404,2026-07-21 16:30:39,48.69,grocery,"miami, us",web,0
TXN00008103,CUST1113,2026-07-21 16:34:19,1069.97,travel,"new york, us",mobile,0
TXN00008104,CUST1347,2026-07-21 16:37:29,50.42,dining,"new york, us",atm,0
TXN00008105,CUST1360,2026-07-21 16:40:39,518.05,travel,"miami, us",mobile,0
TXN00008106,CUST1118,2026-07-21 16:47:53,300.0,cash_withdrawal,"new york, us",atm,0
TXN00008107,CUST1410,2026-07-21 16:52:40,28.61,grocery,"new york, us",mobile,0
TXN00008108,CUST1162,2026-07-21 16:56:28,114.05,transfer,"new york, us",atm,0
TXN00008109,CUST1212,2026-07-21 17:01:05,47.88,dining,"miami, us",web,0
TXN00008110,CUST1490,2026-07-21 17:09:33,43.15,grocery,"los angeles, us",web,0
TXN00008111,CUST1181,2026-07-21 17:16:14,111.65,online_retail,"los angeles, us",mobile,0
TXN00008112,CUST1265,2026-07-21 17:19:15,921.11,travel,"los angeles, us",pos,0
TXN00008113,CUST1275,2026-07-21 04:20:23,7224.23,cash_withdrawal,"miami, us",mobile,1
TXN00008114,CUST1005,2026-07-21 17:28:27,854.94,travel,"new york, us",atm,0
TXN00008115,CUST1359,2026-07-21 17:30:07,7.83,travel,"new york, us",pos,0
TXN00008116,CUST1427,2026-07-21 17:34:11,55.83,dining,"los angeles, us",atm,0
TXN00008117,CUST1135,2026-07-21 17:38:00,320.31,travel,"los angeles, us",web,0
TXN00008118,CUST1128,2026-07-21 17:41:21,58.78,transfer,"houston, us",web,0
TXN00008119,CUST1148,2026-07-21 17:43:01,35.67,dining,"los angeles, us",mobile,0
TXN00008120,CUST1048,2026-07-21 17:47:54,21.22,dining,"los angeles, us",mobile,0
TXN00008121,CUST1205,2026-07-21 17:53:08,69.99,grocery,"new york, us",atm,0
TXN00008122,CUST1345,2026-07-21 17:54:41,832.23,travel,"chicago, us",mobile,0
TXN00008123,CUST1384,2026-07-21 17:59:28,100.0,cash_withdrawal,"new york, us",atm,0
TXN00008124,CUST1421,2026-07-21 18:03:21,60.0,cash_withdrawal,"los angeles, us",atm,0
TXN00008125,CUST1176,2026-07-21 18:06:46,78.97,transfer,"chicago, us",web,0
TXN00008126,CUST1039,2026-07-21 18:09:21,53.18,dining,"los angeles, us",mobile,0
TXN00008127,CUST1284,2026-07-21 18:16:43,60.0,cash_withdrawal,"chicago, us",atm,0
TXN00008128,CUST1477,2026-07-21 18:22:30,617.41,transfer,"miami, us",atm,0
TXN00008129,CUST1092,2026-07-21 18:28:32,464.21,transfer,"miami, us",web,0
TXN00008130,CUST1244,2026-07-21 18:34:30,75.48,transfer,"los angeles, us",atm,0
TXN00008131,CUST1161,2026-07-21 18:38:23,60.0,cash_withdrawal,"houston, us",atm,0
TXN00008132,CUST1182,2026-07-21 18:43:57,300.0,cash_withdrawal,"new york, us",atm,0
TXN00008133,CUST1112,2026-07-21 18:46:32,537.46,transfer,"new york, us",web,0
TXN00008134,CUST1458,2026-07-21 18:52:41,229.96,online_retail,"los angeles, us",mobile,0
TXN00008135,CUST1294,2026-07-21 18:58:08,292.44,transfer,"new york, us",web,0
TXN00008136,CUST1138,2026-07-21 19:06:18,71.69,online_retail,"new york, us",web,0
TXN00008137,CUST1094,2026-07-21 19:14:21,43.31,grocery,"chicago, us",mobile,0
TXN00008138,CUST1485,2026-07-21 19:22:14,28.61,dining,"houston, us",pos,0
TXN00008139,CUST1383,2026-07-21 19:29:42,32.84,dining,"new york, us",web,0
TXN00008140,CUST1350,2026-07-21 19:30:42,233.86,transfer,"los angeles, us",web,0
TXN00008141,CUST1477,2026-07-21 19:31:36,22.95,grocery,"new york, us",atm,0
TXN00008142,CUST1466,2026-07-21 19:38:38,60.0,cash_withdrawal,"houston, us",atm,0
TXN00008143,CUST1098,2026-07-21 19:45:56,213.51,transfer,"miami, us",pos,0
TXN00008144,CUST1256,2026-07-21 19:46:59,77.77,online_retail,"los angeles, us",mobile,0
TXN00008145,CUST1378,2026-07-21 03:47:54,5666.54,transfer,"miami, us",atm,1
TXN00008146,CUST1103,2026-07-21 19:53:36,66.4,grocery,"new york, us",web,0
TXN00008147,CUST1121,2026-07-21 19:53:54,357.29,online_retail,"houston, us",web,0
TXN00008148,CUST1377,2026-07-21 19:59:19,73.71,transfer,"new york, us",mobile,0
TXN00008149,CUST1124,2026-07-21 20:07:26,40.0,cash_withdrawal,"houston, us",atm,0
TXN00008150,CUST1447,2026-07-21 20:11:06,82.05,online_retail,"miami, us",web,0
TXN00008151,CUST1136,2026-07-21 20:12:09,685.97,travel,"miami, us",pos,0
TXN00008152,CUST1106,2026-07-21 20:16:33,200.0,cash_withdrawal,"miami, us",atm,0
TXN00008153,CUST1118,2026-07-21 20:23:06,35.17,grocery,"miami, us",mobile,0
TXN00008154,CUST1104,2026-07-21 20:29:40,411.55,transfer,"chicago, us",atm,0
TXN00008155,CUST1428,2026-07-21 20:35:09,47.63,grocery,"miami, us",mobile,0
TXN00008156,CUST1128,2026-07-21 20:43:13,54.62,grocery,"houston, us",mobile,0
TXN00008157,CUST1429,2026-07-21 20:48:01,60.0,cash_withdrawal,"houston, us",atm,0
TXN00008158,CUST1317,2026-07-21 20:49:02,27.99,dining,"chicago, us",pos,0
TXN00008159,CUST1183,2026-07-21 20:54:36,634.91,travel,"new york, us",mobile,0
TXN00008160,CUST1080,2026-07-21 20:58:33,51.1,grocery,"chicago, us",pos,0
TXN00008161,CUST1399,2026-07-21 21:03:00,200.0,cash_withdrawal,"los angeles, us",atm,0
TXN00008162,CUST1055,2026-07-21 21:08:07,59.38,dining,"miami, us",mobile,0
TXN00008163,CUST1062,2026-07-21 21:15:09,20.0,cash_withdrawal,"miami, us",atm,0
TXN00008164,CUST1472,2026-07-21 21:15:35,300.0,cash_withdrawal,"los angeles, us",atm,0
TXN00008165,CUST1041,2026-07-21 21:21:26,59.34,dining,"new york, us",web,0
TXN00008166,CUST1347,2026-07-21 21:24:04,60.0,cash_withdrawal,"houston, us",atm,0
TXN00008167,CUST1490,2026-07-21 21:31:30,40.0,cash_withdrawal,"chicago, us",atm,0
TXN00008168,CUST1340,2026-07-21 21:35:15,68.87,transfer,"chicago, us",web,0
TXN00008169,CUST1253,2026-07-21 21:37:13,49.88,dining,"houston, us",pos,0
TXN00008170,CUST1315,2026-07-21 21:39:17,38.38,grocery,"los angeles, us",mobile,0
TXN00008171,CUST1004,2026-07-21 21:46:04,104.8,online_retail,"houston, us",mobile,0
TXN00008172,CUST1392,2026-07-21 21:50:06,503.42,travel,"new york, us",atm,0
TXN00008173,CUST1439,2026-07-21 21:54:58,43.95,grocery,"new york, us",mobile,0
TXN00008174,CUST1278,2026-07-21 21:58:23,58.22,online_retail,"houston, us",web,0
TXN00008175,CUST1491,2026-07-21 21:59:31,60.0,cash_withdrawal,"chicago, us",atm,0
TXN00008176,CUST1022,2026-07-21 22:01:21,15.0,online_retail,"miami, us",web,0
TXN00008177,CUST1435,2026-07-21 22:08:49,183.59,transfer,"new york, us",web,0
TXN00008178,CUST1247,2026-07-21 22:12:59,348.21,online_retail,"los angeles, us",mobile,0
TXN00008179,CUST1191,2026-07-21 22:21:15,618.15,online_retail,"houston, us",web,0
TXN00008180,CUST1318,2026-07-21 22:22:28,51.27,grocery,"houston, us",web,0
TXN00008181,CUST1162,2026-07-21 22:25:37,162.02,online_retail,"miami, us",web,0
TXN00008182,CUST1253,2026-07-21 22:34:02,36.45,online_retail,"chicago, us",mobile,0
TXN00008183,CUST1460,2026-07-21 22:40:58,364.43,online_retail,"houston, us",web,0
TXN00008184,CUST1452,2026-07-21 22:48:55,297.7,travel,"los angeles, us",pos,0
TXN00008185,CUST1460,2026-07-21 22:53:02,784.26,transfer,"chicago, us",web,0
TXN00008186,CUST1295,2026-07-21 22:56:43,60.0,cash_withdrawal,"houston, us",atm,0
TXN00008187,CUST1445,2026-07-21 23:04:37,41.13,dining,"chicago, us",mobile,0
TXN00008188,CUST1141,2026-07-21 23:11:47,56.21,dining,"los angeles, us",mobile,0
TXN00008189,CUST1252,2026-07-21 23:17:27,63.51,grocery,"houston, us",atm,0
TXN00008190,CUST1094,2026-07-21 23:23:37,195.26,online_retail,"los angeles, us",web,0
TXN00008191,CUST1392,2026-07-21 23:30:28,41.09,grocery,"new york, us",pos,0
TXN00008192,CUST1469,2026-07-21 23:36:57,369.71,transfer,"miami, us",mobile,0
TXN00008193,CUST1262,2026-07-21 23:40:29,27.68,dining,"chicago, us",mobile,0
TXN00008194,CUST1144,2026-07-21 23:40:42,20.0,cash_withdrawal,"miami, us",atm,0
TXN00008195,CUST1204,2026-07-21 23:48:53,520.35,travel,"miami, us",pos,0
TXN00008196,CUST1114,2026-07-21 23:52:14,235.97,travel,"chicago, us",atm,0
TXN00008197,CUST1385,2026-07-21 23:59:04,476.98,transfer,"miami, us",mobile,0
TXN00008198,CUST1296,2026-07-22 00:01:08,539.64,travel,"chicago, us",pos,0
TXN00008199,CUST1066,2026-07-22 00:05:37,245.67,online_retail,"chicago, us",mobile,0
TXN00008200,CUST1028,2026-07-22 00:08:12,567.2,transfer,"chicago, us",mobile,0
TXN00008201,CUST1270,2026-07-22 00:10:39,69.34,dining,"chicago, us",atm,0
TXN00008202,CUST1410,2026-07-22 00:18:19,16.18,dining,"new york, us",web,0
TXN00008203,CUST1217,2026-07-22 00:24:06,116.07,transfer,"houston, us",atm,0
TXN00008204,CUST1245,2026-07-22 00:26:31,300.0,cash_withdrawal,"miami, us",atm,0
TXN00008205,CUST1482,2026-07-22 00:29:18,66.72,online_retail,"new york, us",web,0
TXN00008206,CUST1277,2026-07-22 00:36:37,53.57,dining,"new york, us",pos,0
TXN00008207,CUST1017,2026-07-22 00:44:29,33.06,dining,"miami, us",mobile,0
TXN00008208,CUST1258,2026-07-22 00:51:26,453.55,travel,"new york, us",mobile,0
TXN00008209,CUST1178,2026-07-22 00:59:21,35.57,dining,"houston, us",pos,0
TXN00008210,CUST1202,2026-07-22 01:03:03,11.18,dining,"new york, us",mobile,0
TXN00008211,CUST1441,2026-07-22 01:08:57,1295.37,online_retail,"london, uk",mobile,1
TXN00008212,CUST1352,2026-07-22 01:11:10,46.13,dining,"chicago, us",pos,0
TXN00008213,CUST1398,2026-07-22 01:11:22,462.32,travel,"miami, us",web,0
TXN00008214,CUST1090,2026-07-22 01:19:12,100.0,cash_withdrawal,"chicago, us",atm,0
TXN00008215,CUST1235,2026-07-22 01:27:07,445.91,travel,"new york, us",pos,0
TXN00008216,CUST1500,2026-07-22 01:30:49,200.0,cash_withdrawal,"miami, us",atm,0
TXN00008217,CUST1062,2026-07-22 01:31:15,45.71,dining,"houston, us",atm,0
TXN00008218,CUST1358,2026-07-22 01:31:32,631.52,travel,"houston, us",mobile,0
TXN00008219,CUST1266,2026-07-22 01:31:55,61.67,grocery,"miami, us",mobile,0
TXN00008220,CUST1236,2026-07-22 01:33:23,60.0,cash_withdrawal,"new york, us",atm,0
TXN00008221,CUST1162,2026-07-22 01:40:17,20.0,cash_withdrawal,"los angeles, us",atm,0
TXN00008222,CUST1353,2026-07-22 01:43:38,77.82,online_retail,"houston, us",mobile,0
TXN00008223,CUST1005,2026-07-22 01:50:58,443.84,transfer,"chicago, us",mobile,0
TXN00008224,CUST1007,2026-07-22 01:58:06,54.63,online_retail,"chicago, us",mobile,0
TXN00008225,CUST1346,2026-07-22 02:02:41,38.63,dining,"los angeles, us",mobile,0
TXN00008226,CUST1108,2026-07-22 02:09:50,284.33,online_retail,"houston, us",web,0
TXN00008227,CUST1195,2026-07-22 02:16:19,40.58,dining,"new york, us",atm,0
TXN00008228,CUST1298,2026-07-22 02:21:36,1118.44,travel,"houston, us",atm,0
TXN00008229,CUST1052,2026-07-22 02:24:28,47.51,online_retail,"new york, us",web,0
TXN00008230,CUST1167,2026-07-22 02:27:29,38.21,grocery,"los angeles, us",mobile,0
TXN00008231,CUST1186,2026-07-22 02:29:06,875.33,travel,"houston, us",mobile,0
TXN00008232,CUST1314,2026-07-22 02:37:27,54.33,dining,"houston, us",mobile,0
TXN00008233,CUST1442,2026-07-22 02:42:29,86.49,dining,"chicago, us",pos,0
TXN00008234,CUST1133,2026-07-22 02:51:07,467.76,travel,"chicago, us",pos,0
TXN00008235,CUST1096,2026-07-22 02:54:57,202.82,transfer,"miami, us",web,0
TXN00008236,CUST1281,2026-07-22 02:57:10,39.89,dining,"new york, us",web,0
TXN00008237,CUST1135,2026-07-22 03:02:04,286.59,online_retail,"new york, us",web,0
TXN00008238,CUST1122,2026-07-22 03:10:32,504.87,transfer,"los angeles, us",pos,0
TXN00008239,CUST1138,2026-07-22 03:14:02,178.55,transfer,"chicago, us",atm,0
TXN00008240,CUST1242,2026-07-22 03:15:50,300.0,cash_withdrawal,"los angeles, us",atm,0
TXN00008241,CUST1491,2026-07-22 03:21:15,843.93,travel,"chicago, us",mobile,0
TXN00008242,CUST1314,2026-07-22 03:26:54,30.17,dining,"chicago, us",pos,0
TXN00008243,CUST1176,2026-07-22 03:30:25,272.49,online_retail,"miami, us",mobile,0
TXN00008244,CUST1188,2026-07-22 03:37:39,60.0,cash_withdrawal,"houston, us",atm,0
TXN00008245,CUST1095,2026-07-22 03:38:15,40.0,cash_withdrawal,"chicago, us",atm,0
TXN00008246,CUST1256,2026-07-22 03:45:15,100.0,cash_withdrawal,"miami, us",atm,0
TXN00008247,CUST1218,2026-07-22 03:53:22,246.82,travel,"los angeles, us",atm,0
TXN00008248,CUST1108,2026-07-22 03:58:27,97.49,transfer,"houston, us",atm,0
TXN00008249,CUST1215,2026-07-22 04:02:16,100.0,cash_withdrawal,"los angeles, us",atm,0
TXN00008250,CUST1359,2026-07-22 04:03:31,121.49,online_retail,"chicago, us",web,0
TXN00008251,CUST1386,2026-07-22 04:11:41,41.94,grocery,"chicago, us",mobile,0
TXN00008252,CUST1191,2026-07-22 04:17:16,100.0,cash_withdrawal,"new york, us",atm,0
TXN00008253,CUST1187,2026-07-22 04:20:45,200.0,cash_withdrawal,"houston, us",atm,0
TXN00008254,CUST1438,2026-07-22 04:29:15,880.76,travel,"houston, us",atm,0
TXN00008255,CUST1206,2026-07-22 04:35:37,279.34,travel,"new york, us",mobile,0
TXN00008256,CUST1144,2026-07-22 04:37:15,40.0,cash_withdrawal,"chicago, us",atm,0
TXN00008257,CUST1231,2026-07-22 04:40:51,54.34,dining,"los angeles, us",pos,0
TXN00008258,CUST1093,2026-07-22 04:48:43,54.72,transfer,"miami, us",web,0
TXN00008259,CUST1293,2026-07-22 04:51:35,571.36,travel,"miami, us",atm,0
TXN00008260,CUST1068,2026-07-22 04:56:09,57.49,online_retail,"miami, us",mobile,0
TXN00008261,CUST1295,2026-07-22 04:57:40,621.02,travel,"chicago, us",mobile,0
TXN00008262,CUST1352,2026-07-22 05:01:33,31.96,dining,"houston, us",web,0
TXN00008263,CUST1118,2026-07-22 05:03:41,1104.08,transfer,"miami, us",atm,0
TXN00008264,CUST1417,2026-07-22 05:04:41,1189.65,transfer,"chicago, us",pos,0
TXN00008265,CUST1052,2026-07-22 05:10:54,832.44,travel,"houston, us",mobile,0
TXN00008266,CUST1370,2026-07-22 05:17:54,31.36,dining,"houston, us",atm,0
TXN00008267,CUST1139,2026-07-22 05:19:08,25.93,online_retail,"los angeles, us",mobile,0
TXN00008268,CUST1412,2026-07-22 05:23:36,388.81,transfer,"new york, us",mobile,0
TXN00008269,CUST1121,2026-07-22 05:24:46,76.15,dining,"chicago, us",pos,0
TXN00008270,CUST1285,2026-07-22 05:30:19,300.0,cash_withdrawal,"miami, us",atm,0
TXN00008271,CUST1222,2026-07-22 05:35:24,59.47,dining,"houston, us",pos,0
TXN00008272,CUST1439,2026-07-22 05:42:15,755.97,travel,"los angeles, us",atm,0
TXN00008273,CUST1196,2026-07-22 05:45:45,6.92,dining,"miami, us",pos,0
TXN00008274,CUST1101,2026-07-22 05:53:06,100.16,transfer,"chicago, us",atm,0
TXN00008275,CUST1075,2026-07-22 05:59:46,216.55,transfer,"houston, us",web,0
TXN00008276,CUST1410,2026-07-22 06:05:17,19.31,dining,"chicago, us",web,0
TXN00008277,CUST1492,2026-07-22 06:13:16,501.29,online_retail,"sydney, au",mobile,1
TXN00008278,CUST1379,2026-07-22 06:15:39,159.86,online_retail,"houston, us",web,0
TXN00008279,CUST1077,2026-07-22 06:22:57,109.17,transfer,"houston, us",web,0
TXN00008280,CUST1243,2026-07-22 06:27:50,910.75,transfer,"los angeles, us",atm,0
TXN00008281,CUST1413,2026-07-22 06:29:21,39.73,dining,"miami, us",atm,0
TXN00008282,CUST1005,2026-07-22 06:37:36,141.66,transfer,"miami, us",pos,0
TXN00008283,CUST1091,2026-07-22 06:40:31,44.86,grocery,"houston, us",atm,0
TXN00008284,CUST1216,2026-07-22 06:42:25,1136.46,travel,"houston, us",mobile,0
TXN00008285,CUST1256,2026-07-22 06:43:22,26.83,grocery,"houston, us",atm,0
TXN00008286,CUST1069,2026-07-22 06:44:19,1.0,dining,"chicago, us",web,0
TXN00008287,CUST1458,2026-07-22 06:44:42,60.0,cash_withdrawal,"los angeles, us",atm,0
TXN00008288,CUST1435,2026-07-22 06:48:35,207.92,online_retail,"new york, us",mobile,0
TXN00008289,CUST1323,2026-07-22 06:48:50,225.2,travel,"new york, us",atm,0
TXN00008290,CUST1265,2026-07-22 06:54:21,827.0,travel,"houston, us",atm,0
TXN00008291,CUST1274,2026-07-22 07:01:05,50.13,dining,"los angeles, us",pos,0
TXN00008292,CUST1369,2026-07-22 07:06:18,756.07,travel,"chicago, us",mobile,0
TXN00008293,CUST1162,2026-07-22 07:07:46,243.71,travel,"los angeles, us",atm,0
TXN00008294,CUST1403,2026-07-22 07:08:10,141.99,online_retail,"houston, us",web,0
TXN00008295,CUST1250,2026-07-22 07:13:36,46.3,grocery,"chicago, us",mobile,0
TXN00008296,CUST1154,2026-07-22 07:19:48,20.0,cash_withdrawal,"chicago, us",atm,0
TXN00008297,CUST1129,2026-07-22 07:24:36,24.63,travel,"miami, us",mobile,0
TXN00008298,CUST1288,2026-07-22 07:32:37,40.0,cash_withdrawal,"los angeles, us",atm,0
TXN00008299,CUST1440,2026-07-22 07:41:04,132.97,transfer,"new york, us",mobile,0
TXN00008300,CUST1291,2026-07-22 07:41:54,44.48,grocery,"los angeles, us",pos,0
TXN00008301,CUST1025,2026-07-22 07:46:56,20.0,cash_withdrawal,"los angeles, us",atm,0
TXN00008302,CUST1204,2026-07-22 07:50:21,484.96,travel,"chicago, us",web,0
TXN00008303,CUST1051,2026-07-22 07:50:43,678.61,travel,"miami, us",web,0
TXN00008304,CUST1354,2026-07-22 07:57:13,26.45,dining,"miami, us",pos,0
TXN00008305,CUST1084,2026-07-22 08:03:38,172.14,online_retail,"new york, us",mobile,0
TXN00008306,CUST1031,2026-07-22 08:04:54,922.38,transfer,"chicago, us",mobile,0
TXN00008307,CUST1111,2026-07-22 08:13:27,412.44,transfer,"los angeles, us",pos,0
TXN00008308,CUST1417,2026-07-22 08:17:29,36.57,dining,"new york, us",web,0
TXN00008309,CUST1131,2026-07-22 08:23:03,142.23,online_retail,"miami, us",web,0
TXN00008310,CUST1244,2026-07-22 08:28:36,20.0,cash_withdrawal,"chicago, us",atm,0
TXN00008311,CUST1430,2026-07-22 08:35:24,61.97,dining,"miami, us",pos,0
TXN00008312,CUST1323,2026-07-22 08:38:37,569.95,online_retail,"los angeles, us",web,0
TXN00008313,CUST1050,2026-07-22 08:40:22,63.6,grocery,"miami, us",mobile,0
TXN00008314,CUST1231,2026-07-22 08:42:34,100.0,cash_withdrawal,"houston, us",atm,0
TXN00008315,CUST1382,2026-07-22 08:48:18,46.01,transfer,"miami, us",pos,0
TXN00008316,CUST1172,2026-07-22 08:56:07,60.0,cash_withdrawal,"los angeles, us",atm,0
TXN00008317,CUST1134,2026-07-22 08:58:10,51.08,grocery,"houston, us",pos,0
TXN00008318,CUST1185,2026-07-22 09:00:52,83.61,transfer,"chicago, us",web,0
TXN00008319,CUST1185,2026-07-22 09:02:41,81.16,dining,"houston, us",web,0
TXN00008320,CUST1287,2026-07-22 09:07:25,240.4,travel,"los angeles, us",pos,0
TXN00008321,CUST1286,2026-07-22 09:14:45,528.22,transfer,"chicago, us",mobile,0
TXN00008322,CUST1478,2026-07-22 09:17:00,676.74,online_retail,"los angeles, us",mobile,0
TXN00008323,CUST1415,2026-07-22 09:23:21,42.27,grocery,"new york, us",atm,0
TXN00008324,CUST1132,2026-07-22 09:30:10,252.3,online_retail,"houston, us",web,0
TXN00008325,CUST1177,2026-07-22 09:37:13,37.47,dining,"chicago, us",web,0
TXN00008326,CUST1011,2026-07-22 09:44:05,283.28,travel,"miami, us",web,0
TXN00008327,CUST1211,2026-07-22 09:47:28,224.86,transfer,"chicago, us",web,0
TXN00008328,CUST1063,2026-07-22 09:54:12,56.58,grocery,"houston, us",atm,0
TXN00008329,CUST1180,2026-07-22 09:56:35,810.63,travel,"miami, us",web,0
TXN00008330,CUST1445,2026-07-22 10:02:22,227.72,transfer,"miami, us",pos,0
TXN00008331,CUST1348,2026-07-22 10:02:58,64.62,online_retail,"los angeles, us",mobile,0
TXN00008332,CUST1494,2026-07-22 10:05:28,100.0,cash_withdrawal,"houston, us",atm,0
TXN00008333,CUST1311,2026-07-22 10:06:20,100.0,cash_withdrawal,"miami, us",atm,0
TXN00008334,CUST1102,2026-07-22 10:14:28,55.1,dining,"new york, us",atm,0
TXN00008335,CUST1296,2026-07-22 10:15:51,26.15,grocery,"miami, us",atm,0
TXN00008336,CUST1295,2026-07-22 10:21:22,433.84,travel,"chicago, us",web,0
TXN00008337,CUST1333,2026-07-22 10:21:43,21.94,dining,"new york, us",pos,0
TXN00008338,CUST1333,2026-07-22 10:27:19,38.26,online_retail,"miami, us",web,0
TXN00008339,CUST1276,2026-07-22 10:35:53,56.19,dining,"new york, us",pos,0
TXN00008340,CUST1090,2026-07-22 10:40:59,123.2,online_retail,"houston, us",web,0
TXN00008341,CUST1400,2026-07-22 10:48:32,63.2,grocery,"miami, us",pos,0
TXN00008342,CUST1146,2026-07-22 10:49:34,57.65,transfer,"los angeles, us",atm,0
TXN00008343,CUST1182,2026-07-22 10:50:40,28.49,grocery,"houston, us",pos,0
TXN00008344,CUST1167,2026-07-22 10:54:45,169.61,online_retail,"chicago, us",mobile,0
TXN00008345,CUST1345,2026-07-22 11:02:49,32.69,dining,"chicago, us",mobile,0
TXN00008346,CUST1262,2026-07-22 11:08:04,57.56,grocery,"chicago, us",web,0
TXN00008347,CUST1250,2026-07-22 11:09:16,472.03,transfer,"new york, us",mobile,0
TXN00008348,CUST1397,2026-07-22 11:10:20,301.39,transfer,"chicago, us",pos,0
TXN00008349,CUST1378,2026-07-22 11:11:42,579.44,travel,"los angeles, us",mobile,0
TXN00008350,CUST1229,2026-07-22 11:14:16,676.61,travel,"new york, us",mobile,0
TXN00008351,CUST1456,2026-07-22 11:16:40,363.2,transfer,"new york, us",atm,0
TXN00008352,CUST1041,2026-07-22 11:24:28,47.72,grocery,"new york, us",atm,0
TXN00008353,CUST1196,2026-07-22 11:26:10,507.88,online_retail,"houston, us",web,0
TXN00008354,CUST1315,2026-07-22 11:27:07,13084.71,online_retail,"los angeles, us",mobile,1
TXN00008355,CUST1147,2026-07-22 11:27:56,100.0,cash_withdrawal,"new york, us",atm,0
TXN00008356,CUST1238,2026-07-22 11:32:19,60.93,online_retail,"new york, us",mobile,0
TXN00008357,CUST1324,2026-07-22 11:39:41,439.83,travel,"los angeles, us",mobile,0
TXN00008358,CUST1490,2026-07-22 11:42:56,200.0,cash_withdrawal,"los angeles, us",atm,0
TXN00008359,CUST1075,2026-07-22 11:50:53,55.47,grocery,"chicago, us",mobile,0
TXN00008360,CUST1445,2026-07-22 11:58:12,429.96,travel,"new york, us",web,0
TXN00008361,CUST1086,2026-07-22 12:00:08,14.31,dining,"chicago, us",atm,0
TXN00008362,CUST1328,2026-07-22 12:03:38,462.21,online_retail,"los angeles, us",mobile,0
TXN00008363,CUST1414,2026-07-22 12:04:39,69.52,dining,"los angeles, us",pos,0
TXN00008364,CUST1476,2026-07-22 12:09:00,13.37,online_retail,"chicago, us",mobile,0
TXN00008365,CUST1173,2026-07-22 12:15:57,300.0,cash_withdrawal,"new york, us",atm,0
TXN00008366,CUST1216,2026-07-22 12:16:18,64.3,online_retail,"chicago, us",mobile,0
TXN00008367,CUST1324,2026-07-22 12:19:59,35.34,dining,"los angeles, us",mobile,0
TXN00008368,CUST1314,2026-07-22 12:20:46,60.0,cash_withdrawal,"miami, us",atm,0
TXN00008369,CUST1293,2026-07-22 12:25:05,107.21,transfer,"houston, us",mobile,0
TXN00008370,CUST1208,2026-07-22 12:33:26,58.22,grocery,"houston, us",atm,0
TXN00008371,CUST1435,2026-07-22 12:38:56,69.54,grocery,"chicago, us",atm,0
TXN00008372,CUST1465,2026-07-22 12:39:45,100.0,cash_withdrawal,"houston, us",atm,0
TXN00008373,CUST1037,2026-07-22 12:41:42,42.75,dining,"chicago, us",pos,0
TXN00008374,CUST1041,2026-07-22 12:47:43,28.99,dining,"houston, us",pos,0
TXN00008375,CUST1083,2026-07-22 12:51:27,722.41,online_retail,"paris, fr",mobile,1
TXN00008376,CUST1176,2026-07-22 12:54:49,50.19,dining,"new york, us",atm,0
TXN00008377,CUST1117,2026-07-22 13:02:34,11.66,dining,"miami, us",atm,0
TXN00008378,CUST1161,2026-07-22 13:05:24,478.76,transfer,"houston, us",pos,0
TXN00008379,CUST1163,2026-07-22 13:10:58,503.66,online_retail,"miami, us",web,0
TXN00008380,CUST1335,2026-07-22 13:18:53,182.91,travel,"new york, us",mobile,0
TXN00008381,CUST1150,2026-07-22 13:22:53,20.0,cash_withdrawal,"houston, us",atm,0
TXN00008382,CUST1364,2026-07-22 13:29:56,20.0,cash_withdrawal,"new york, us",atm,0
TXN00008383,CUST1137,2026-07-22 13:31:28,60.63,transfer,"chicago, us",pos,0
TXN00008384,CUST1310,2026-07-22 13:33:10,91.87,online_retail,"miami, us",web,0
TXN00008385,CUST1331,2026-07-22 13:35:52,216.72,transfer,"miami, us",atm,0
TXN00008386,CUST1203,2026-07-22 13:36:07,10.37,dining,"new york, us",pos,0
TXN00008387,CUST1139,2026-07-22 13:43:59,13.21,dining,"new york, us",pos,0
TXN00008388,CUST1455,2026-07-22 13:45:40,42.7,dining,"los angeles, us",pos,0
TXN00008389,CUST1228,2026-07-22 13:51:27,191.92,transfer,"houston, us",atm,0
TXN00008390,CUST1400,2026-07-22 13:56:27,42.5,online_retail,"miami, us",web,0
TXN00008391,CUST1442,2026-07-22 14:02:00,263.95,online_retail,"new york, us",mobile,0
TXN00008392,CUST1481,2026-07-22 14:07:20,45.11,grocery,"houston, us",atm,0
TXN00008393,CUST1186,2026-07-22 14:14:47,49.05,grocery,"houston, us",pos,0
TXN00008394,CUST1383,2026-07-22 14:15:13,953.66,travel,"new york, us",pos,0
TXN00008395,CUST1301,2026-07-22 14:16:23,63.17,online_retail,"houston, us",web,0
TXN00008396,CUST1267,2026-07-22 14:24:52,162.46,online_retail,"houston, us",mobile,0
TXN00008397,CUST1495,2026-07-22 14:27:57,60.98,online_retail,"houston, us",web,0
TXN00008398,CUST1231,2026-07-22 14:36:35,20.0,cash_withdrawal,"chicago, us",atm,0
TXN00008399,CUST1212,2026-07-22 14:39:42,55.68,dining,"miami, us",atm,0
TXN00008400,CUST1086,2026-07-22 14:43:59,36.53,grocery,"miami, us",atm,0
TXN00008401,CUST1095,2026-07-22 14:49:23,32.35,transfer,"new york, us",mobile,0
TXN00008402,CUST1438,2026-07-22 14:54:40,24.93,online_retail,"houston, us",web,0
TXN00008403,CUST1012,2026-07-22 14:59:29,11.02,online_retail,"houston, us",mobile,0
TXN00008404,CUST1065,2026-07-22 03:59:41,2494.13,transfer,"new york, us",atm,1
TXN00008405,CUST1373,2026-07-22 15:01:12,135.74,dining,"sydney, au",mobile,1
TXN00008406,CUST1121,2026-07-22 15:05:49,31.21,dining,"chicago, us",pos,0
TXN00008407,CUST1339,2026-07-22 15:12:18,422.63,online_retail,"miami, us",mobile,0
TXN00008408,CUST1129,2026-07-22 15:14:38,451.14,travel,"new york, us",atm,0
TXN00008409,CUST1482,2026-07-22 15:22:42,16.21,grocery,"new york, us",web,0
TXN00008410,CUST1381,2026-07-22 15:23:54,55.04,grocery,"miami, us",web,0
TXN00008411,CUST1359,2026-07-22 15:25:42,320.0,online_retail,"chicago, us",web,0
TXN00008412,CUST1384,2026-07-22 04:31:02,4067.44,cash_withdrawal,"new york, us",mobile,1
TXN00008413,CUST1041,2026-07-22 15:31:27,33.52,grocery,"chicago, us",atm,0
TXN00008414,CUST1108,2026-07-22 15:36:11,40.71,grocery,"houston, us",atm,0
TXN00008415,CUST1086,2026-07-22 15:36:32,9.87,dining,"new york, us",mobile,0
TXN00008416,CUST1204,2026-07-22 15:41:07,179.66,online_retail,"chicago, us",mobile,0
TXN00008417,CUST1053,2026-07-22 15:45:39,122.57,transfer,"houston, us",atm,0
TXN00008418,CUST1049,2026-07-22 15:52:18,200.0,cash_withdrawal,"new york, us",atm,0
TXN00008419,CUST1033,2026-07-22 15:53:46,278.26,transfer,"los angeles, us",pos,0
TXN00008420,CUST1480,2026-07-22 15:55:46,34.94,grocery,"new york, us",web,0
TXN00008421,CUST1450,2026-07-22 16:03:19,40.45,transfer,"new york, us",mobile,0
TXN00008422,CUST1243,2026-07-22 16:06:35,504.81,travel,"new york, us",mobile,0
TXN00008423,CUST1281,2026-07-22 16:07:43,849.14,transfer,"los angeles, us",mobile,0
TXN00008424,CUST1028,2026-07-22 16:15:33,282.63,travel,"los angeles, us",atm,0
TXN00008425,CUST1014,2026-07-22 16:17:34,70.25,dining,"chicago, us",pos,0
TXN00008426,CUST1395,2026-07-22 16:17:59,20.0,cash_withdrawal,"chicago, us",atm,0
TXN00008427,CUST1204,2026-07-22 16:20:56,317.11,travel,"houston, us",mobile,0
TXN00008428,CUST1269,2026-07-22 16:22:16,458.97,travel,"los angeles, us",atm,0
TXN00008429,CUST1392,2026-07-22 16:24:18,32.59,dining,"miami, us",atm,0
TXN00008430,CUST1043,2026-07-22 16:25:10,38.1,transfer,"los angeles, us",atm,0
TXN00008431,CUST1054,2026-07-22 16:31:32,64.67,online_retail,"los angeles, us",mobile,0
TXN00008432,CUST1135,2026-07-22 16:37:36,518.33,travel,"miami, us",atm,0
TXN00008433,CUST1317,2026-07-22 16:45:47,44.85,grocery,"new york, us",web,0
TXN00008434,CUST1080,2026-07-22 16:47:01,1.0,dining,"chicago, us",mobile,0
TXN00008435,CUST1044,2026-07-22 16:49:28,115.95,online_retail,"houston, us",mobile,0
TXN00008436,CUST1336,2026-07-22 16:51:58,848.33,travel,"miami, us",atm,0
TXN00008437,CUST1477,2026-07-22 16:56:14,268.23,transfer,"miami, us",atm,0
TXN00008438,CUST1454,2026-07-22 16:58:06,40.0,cash_withdrawal,"chicago, us",atm,0
TXN00008439,CUST1200,2026-07-22 17:06:24,66.39,online_retail,"new york, us",web,0
TXN00008440,CUST1159,2026-07-22 17:07:21,60.74,dining,"miami, us",pos,0
TXN00008441,CUST1118,2026-07-22 17:10:29,36.34,grocery,"miami, us",web,0
TXN00008442,CUST1127,2026-07-22 17:16:41,317.51,online_retail,"chicago, us",mobile,0
TXN00008443,CUST1378,2026-07-22 17:21:33,84.17,transfer,"chicago, us",atm,0
TXN00008444,CUST1146,2026-07-22 04:27:16,2134.52,transfer,"new york, us",mobile,1
TXN00008445,CUST1227,2026-07-22 17:29:56,704.23,transfer,"los angeles, us",atm,0
TXN00008446,CUST1321,2026-07-22 17:34:05,74.59,online_retail,"chicago, us",mobile,0
TXN00008447,CUST1065,2026-07-22 17:40:36,20.0,cash_withdrawal,"chicago, us",atm,0
TXN00008448,CUST1068,2026-07-22 17:47:40,19.04,grocery,"new york, us",pos,0
TXN00008449,CUST1270,2026-07-22 17:52:03,61.31,grocery,"houston, us",mobile,0
TXN00008450,CUST1430,2026-07-22 17:55:56,659.44,travel,"houston, us",pos,0
TXN00008451,CUST1088,2026-07-22 18:00:28,35.06,grocery,"new york, us",mobile,0
TXN00008452,CUST1015,2026-07-22 18:08:42,243.42,transfer,"new york, us",mobile,0
TXN00008453,CUST1018,2026-07-22 18:12:16,60.0,cash_withdrawal,"houston, us",atm,0
TXN00008454,CUST1340,2026-07-22 18:20:18,543.0,travel,"los angeles, us",mobile,0
TXN00008455,CUST1183,2026-07-22 18:22:06,28.9,grocery,"houston, us",pos,0
TXN00008456,CUST1441,2026-07-22 18:24:24,56.03,grocery,"miami, us",web,0
TXN00008457,CUST1469,2026-07-22 18:26:02,25.29,online_retail,"houston, us",web,0
TXN00008458,CUST1167,2026-07-22 18:27:53,69.81,grocery,"los angeles, us",mobile,0
TXN00008459,CUST1443,2026-07-22 18:33:54,77.31,grocery,"miami, us",pos,0
TXN00008460,CUST1244,2026-07-22 18:41:17,48.63,dining,"new york, us",mobile,0
TXN00008461,CUST1240,2026-07-22 18:49:01,58.09,grocery,"chicago, us",atm,0
TXN00008462,CUST1500,2026-07-22 18:55:18,905.7,travel,"miami, us",atm,0
TXN00008463,CUST1446,2026-07-22 18:57:51,49.45,dining,"new york, us",pos,0
TXN00008464,CUST1277,2026-07-22 19:06:13,300.0,cash_withdrawal,"new york, us",atm,0
TXN00008465,CUST1479,2026-07-22 19:09:44,359.35,transfer,"chicago, us",mobile,0
TXN00008466,CUST1140,2026-07-22 19:10:46,24.38,dining,"new york, us",pos,0
TXN00008467,CUST1281,2026-07-22 19:15:54,13.71,online_retail,"new york, us",mobile,0
TXN00008468,CUST1228,2026-07-22 19:22:50,89.59,online_retail,"chicago, us",mobile,0
TXN00008469,CUST1070,2026-07-22 19:29:32,906.82,travel,"miami, us",web,0
TXN00008470,CUST1497,2026-07-22 19:34:42,31.85,grocery,"houston, us",atm,0
TXN00008471,CUST1486,2026-07-22 19:37:31,56.58,grocery,"houston, us",pos,0
TXN00008472,CUST1358,2026-07-22 19:39:05,100.0,cash_withdrawal,"miami, us",atm,0
TXN00008473,CUST1277,2026-07-22 19:46:01,40.0,cash_withdrawal,"chicago, us",atm,0
TXN00008474,CUST1091,2026-07-22 19:47:56,29.45,grocery,"miami, us",mobile,0
TXN00008475,CUST1303,2026-07-22 19:56:14,376.63,online_retail,"chicago, us",mobile,0
TXN00008476,CUST1306,2026-07-22 20:02:33,249.78,online_retail,"houston, us",web,0
TXN00008477,CUST1234,2026-07-22 20:06:52,391.62,online_retail,"los angeles, us",mobile,0
TXN00008478,CUST1324,2026-07-22 20:10:43,14.63,dining,"miami, us",mobile,0
TXN00008479,CUST1384,2026-07-22 20:18:25,75.73,dining,"miami, us",mobile,0
TXN00008480,CUST1326,2026-07-22 20:22:23,495.95,travel,"houston, us",pos,0
TXN00008481,CUST1450,2026-07-22 20:26:09,750.87,travel,"chicago, us",web,0
TXN00008482,CUST1289,2026-07-22 20:31:24,40.99,dining,"los angeles, us",mobile,0
TXN00008483,CUST1223,2026-07-22 20:37:56,493.29,transfer,"chicago, us",pos,0
TXN00008484,CUST1269,2026-07-22 20:40:25,652.17,travel,"miami, us",mobile,0
TXN00008485,CUST1328,2026-07-22 20:47:32,200.0,cash_withdrawal,"chicago, us",atm,0
TXN00008486,CUST1328,2026-07-22 20:50:25,15.54,dining,"houston, us",web,0
TXN00008487,CUST1274,2026-07-22 20:55:53,151.82,online_retail,"miami, us",mobile,0
TXN00008488,CUST1159,2026-07-22 20:56:58,100.0,cash_withdrawal,"houston, us",atm,0
TXN00008489,CUST1466,2026-07-22 21:02:18,71.37,grocery,"new york, us",web,0
TXN00008490,CUST1178,2026-07-22 21:05:44,19.23,dining,"los angeles, us",web,0
TXN00008491,CUST1247,2026-07-22 21:09:33,69.39,grocery,"miami, us",web,0
TXN00008492,CUST1277,2026-07-22 21:11:25,100.0,cash_withdrawal,"new york, us",atm,0
TXN00008493,CUST1117,2026-07-22 21:16:25,51.8,dining,"new york, us",web,0
TXN00008494,CUST1413,2026-07-22 21:19:35,90.81,dining,"new york, us",mobile,0
TXN00008495,CUST1046,2026-07-22 21:22:56,51.03,grocery,"miami, us",atm,0
TXN00008496,CUST1227,2026-07-22 21:30:45,1025.11,travel,"miami, us",pos,0
TXN00008497,CUST1158,2026-07-22 21:36:18,135.63,travel,"los angeles, us",atm,0
TXN00008498,CUST1188,2026-07-22 21:43:27,28.8,grocery,"houston, us",pos,0
TXN00008499,CUST1212,2026-07-22 21:44:09,200.0,cash_withdrawal,"houston, us",atm,0
TXN00008500,CUST1134,2026-07-22 21:48:09,63.43,grocery,"houston, us",mobile,0
TXN00008501,CUST1080,2026-07-22 21:49:44,164.91,travel,"los angeles, us",mobile,0
TXN00008502,CUST1156,2026-07-22 21:57:29,40.0,cash_withdrawal,"los angeles, us",atm,0
TXN00008503,CUST1006,2026-07-22 21:57:56,291.89,online_retail,"miami, us",mobile,0
TXN00008504,CUST1001,2026-07-22 22:06:16,200.0,cash_withdrawal,"miami, us",atm,0
TXN00008505,CUST1268,2026-07-22 22:10:47,515.17,travel,"houston, us",mobile,0
TXN00008506,CUST1418,2026-07-22 22:13:06,589.67,travel,"chicago, us",mobile,0
TXN00008507,CUST1389,2026-07-22 22:18:16,604.9,travel,"los angeles, us",mobile,0
TXN00008508,CUST1435,2026-07-22 04:21:55,7801.36,transfer,"los angeles, us",mobile,1
TXN00008509,CUST1070,2026-07-22 22:24:35,374.48,transfer,"los angeles, us",mobile,0
TXN00008510,CUST1177,2026-07-22 22:29:54,200.0,cash_withdrawal,"houston, us",atm,0
TXN00008511,CUST1147,2026-07-22 22:37:07,136.78,dining,"sydney, au",web,1
TXN00008512,CUST1241,2026-07-22 22:44:46,37.96,grocery,"houston, us",mobile,0
TXN00008513,CUST1274,2026-07-22 22:50:26,58.66,grocery,"chicago, us",web,0
TXN00008514,CUST1005,2026-07-22 22:58:42,26.78,dining,"houston, us",pos,0
TXN00008515,CUST1353,2026-07-22 23:07:06,286.24,online_retail,"houston, us",web,0
TXN00008516,CUST1473,2026-07-22 23:11:47,40.0,cash_withdrawal,"los angeles, us",atm,0
TXN00008517,CUST1252,2026-07-22 23:14:57,154.23,online_retail,"miami, us",mobile,0
TXN00008518,CUST1485,2026-07-22 23:18:30,544.38,travel,"new york, us",web,0
TXN00008519,CUST1387,2026-07-22 23:18:55,20.0,cash_withdrawal,"miami, us",atm,0
TXN00008520,CUST1245,2026-07-22 23:20:03,300.0,cash_withdrawal,"new york, us",atm,0
TXN00008521,CUST1154,2026-07-22 23:21:45,41.36,dining,"chicago, us",pos,0
TXN00008522,CUST1005,2026-07-22 23:28:49,720.94,travel,"miami, us",mobile,0
TXN00008523,CUST1393,2026-07-22 23:31:44,51.03,dining,"miami, us",web,0
TXN00008524,CUST1221,2026-07-22 23:35:33,819.61,travel,"chicago, us",atm,0
TXN00008525,CUST1409,2026-07-22 23:42:27,346.41,travel,"los angeles, us",atm,0
TXN00008526,CUST1150,2026-07-22 23:44:12,46.28,online_retail,"los angeles, us",web,0
TXN00008527,CUST1306,2026-07-22 23:47:25,300.0,cash_withdrawal,"new york, us",atm,0
TXN00008528,CUST1119,2026-07-22 23:49:40,470.85,travel,"houston, us",pos,0
TXN00008529,CUST1408,2026-07-22 23:50:27,182.62,transfer,"miami, us",atm,0
TXN00008530,CUST1004,2026-07-22 23:52:27,19.53,dining,"los angeles, us",mobile,0
TXN00008531,CUST1281,2026-07-22 23:58:13,233.11,transfer,"miami, us",mobile,0
TXN00008532,CUST1192,2026-07-23 00:01:33,23.74,grocery,"houston, us",web,0
TXN00008533,CUST1097,2026-07-23 00:04:53,28.88,transfer,"chicago, us",web,0
TXN00008534,CUST1211,2026-07-23 00:06:17,47.34,grocery,"houston, us",atm,0
TXN00008535,CUST1452,2026-07-23 00:13:06,149.37,online_retail,"chicago, us",mobile,0
TXN00008536,CUST1288,2026-07-23 00:15:56,171.13,transfer,"new york, us",web,0
TXN00008537,CUST1224,2026-07-23 00:17:08,784.85,travel,"los angeles, us",mobile,0
TXN00008538,CUST1203,2026-07-23 00:17:22,43.91,grocery,"new york, us",atm,0
TXN00008539,CUST1128,2026-07-23 00:20:15,754.11,travel,"los angeles, us",pos,0
TXN00008540,CUST1084,2026-07-23 00:26:17,60.0,cash_withdrawal,"chicago, us",atm,0
TXN00008541,CUST1367,2026-07-23 00:26:32,112.47,online_retail,"houston, us",web,0
TXN00008542,CUST1378,2026-07-23 00:32:49,62.1,transfer,"new york, us",pos,0
TXN00008543,CUST1331,2026-07-23 00:35:47,100.0,cash_withdrawal,"houston, us",atm,0
TXN00008544,CUST1200,2026-07-23 00:37:46,188.72,online_retail,"miami, us",mobile,0
TXN00008545,CUST1425,2026-07-23 00:41:54,706.28,travel,"miami, us",pos,0
TXN00008546,CUST1194,2026-07-23 00:46:54,529.87,travel,"chicago, us",mobile,0
TXN00008547,CUST1113,2026-07-23 00:53:51,11.94,dining,"houston, us",atm,0
TXN00008548,CUST1135,2026-07-23 00:56:45,572.97,travel,"los angeles, us",mobile,0
TXN00008549,CUST1041,2026-07-23 01:04:35,429.21,transfer,"houston, us",pos,0
TXN00008550,CUST1217,2026-07-23 01:06:44,62.24,dining,"los angeles, us",pos,0
TXN00008551,CUST1321,2026-07-23 01:11:41,309.84,transfer,"chicago, us",web,0
TXN00008552,CUST1123,2026-07-23 01:12:24,100.0,cash_withdrawal,"houston, us",atm,0
TXN00008553,CUST1265,2026-07-23 01:15:51,40.0,cash_withdrawal,"miami, us",atm,0
TXN00008554,CUST1392,2026-07-23 01:18:26,524.28,travel,"los angeles, us",web,0
TXN00008555,CUST1410,2026-07-23 01:23:44,936.52,travel,"houston, us",pos,0
TXN00008556,CUST1466,2026-07-23 01:25:42,482.27,transfer,"new york, us",mobile,0
TXN00008557,CUST1314,2026-07-23 01:30:21,53.92,dining,"new york, us",web,0
TXN00008558,CUST1414,2026-07-23 01:32:22,585.18,travel,"los angeles, us",atm,0
TXN00008559,CUST1356,2026-07-23 01:33:24,40.0,cash_withdrawal,"los angeles, us",atm,0
TXN00008560,CUST1351,2026-07-23 01:38:21,5.16,grocery,"miami, us",atm,0
TXN00008561,CUST1140,2026-07-23 01:40:53,18.2,dining,"chicago, us",atm,0
TXN00008562,CUST1146,2026-07-23 01:47:09,481.24,transfer,"houston, us",web,0
TXN00008563,CUST1333,2026-07-23 01:52:30,654.6,travel,"new york, us",mobile,0
TXN00008564,CUST1381,2026-07-23 02:00:44,922.22,travel,"chicago, us",atm,0
TXN00008565,CUST1273,2026-07-23 02:08:26,20.0,cash_withdrawal,"miami, us",atm,0
TXN00008566,CUST1415,2026-07-23 02:15:29,48.0,grocery,"houston, us",mobile,0
TXN00008567,CUST1138,2026-07-23 02:22:59,40.0,cash_withdrawal,"houston, us",atm,0
TXN00008568,CUST1212,2026-07-23 02:28:52,30.19,grocery,"chicago, us",mobile,0
TXN00008569,CUST1097,2026-07-23 02:29:40,526.64,online_retail,"new york, us",web,0
TXN00008570,CUST1437,2026-07-23 02:34:43,782.2,travel,"houston, us",pos,0
TXN00008571,CUST1036,2026-07-23 02:42:30,30.01,transfer,"new york, us",atm,0
TXN00008572,CUST1094,2026-07-23 02:48:10,20.0,cash_withdrawal,"miami, us",atm,0
TXN00008573,CUST1070,2026-07-23 02:51:55,104.63,online_retail,"new york, us",web,0
TXN00008574,CUST1149,2026-07-23 02:57:54,748.14,travel,"houston, us",pos,0
TXN00008575,CUST1057,2026-07-23 03:04:31,60.0,cash_withdrawal,"chicago, us",atm,0
TXN00008576,CUST1327,2026-07-23 03:08:23,60.85,dining,"los angeles, us",mobile,0
TXN00008577,CUST1234,2026-07-23 03:11:15,715.79,travel,"miami, us",pos,0
TXN00008578,CUST1317,2026-07-23 03:18:21,29.28,grocery,"houston, us",pos,0
TXN00008579,CUST1232,2026-07-23 03:21:14,134.49,transfer,"los angeles, us",mobile,0
TXN00008580,CUST1140,2026-07-23 03:23:05,44.42,dining,"los angeles, us",web,0
TXN00008581,CUST1359,2026-07-23 03:24:55,119.36,transfer,"miami, us",atm,0
TXN00008582,CUST1319,2026-07-23 03:25:30,40.22,grocery,"new york, us",atm,0
TXN00008583,CUST1252,2026-07-23 03:32:30,50.67,grocery,"los angeles, us",mobile,0
TXN00008584,CUST1097,2026-07-23 03:36:52,693.62,travel,"chicago, us",atm,0
TXN00008585,CUST1165,2026-07-23 03:41:17,31.34,online_retail,"new york, us",mobile,0
TXN00008586,CUST1010,2026-07-23 03:41:50,300.0,cash_withdrawal,"houston, us",atm,0
TXN00008587,CUST1078,2026-07-23 03:50:27,49.87,online_retail,"new york, us",mobile,0
TXN00008588,CUST1026,2026-07-23 03:52:57,201.2,transfer,"chicago, us",mobile,0
TXN00008589,CUST1497,2026-07-23 03:56:42,31.82,dining,"new york, us",mobile,0
TXN00008590,CUST1274,2026-07-23 03:57:53,73.91,grocery,"los angeles, us",atm,0
TXN00008591,CUST1012,2026-07-23 03:59:06,42.07,dining,"los angeles, us",pos,0
TXN00008592,CUST1096,2026-07-23 04:03:07,197.9,transfer,"chicago, us",atm,0
TXN00008593,CUST1498,2026-07-23 04:04:44,729.31,travel,"chicago, us",mobile,0
TXN00008594,CUST1053,2026-07-23 04:10:01,69.0,grocery,"chicago, us",atm,0
TXN00008595,CUST1145,2026-07-23 04:12:58,56.01,transfer,"chicago, us",mobile,0
TXN00008596,CUST1138,2026-07-23 04:18:10,546.05,travel,"new york, us",web,0
TXN00008597,CUST1065,2026-07-23 04:21:36,171.7,transfer,"miami, us",pos,0
TXN00008598,CUST1367,2026-07-23 04:23:47,200.0,cash_withdrawal,"houston, us",atm,0
TXN00008599,CUST1225,2026-07-23 04:28:52,300.0,cash_withdrawal,"miami, us",atm,0
TXN00008600,CUST1373,2026-07-23 04:29:12,16.44,dining,"miami, us",web,0
TXN00008601,CUST1005,2026-07-23 04:31:47,428.24,transfer,"new york, us",pos,0
TXN00008602,CUST1120,2026-07-23 04:32:06,22.4,grocery,"miami, us",web,0
TXN00008603,CUST1047,2026-07-23 04:37:45,38.09,online_retail,"new york, us",mobile,0
TXN00008604,CUST1078,2026-07-23 04:44:36,66.56,dining,"los angeles, us",mobile,0
TXN00008605,CUST1008,2026-07-23 04:52:04,56.02,grocery,"los angeles, us",atm,0
TXN00008606,CUST1253,2026-07-23 04:57:08,10.95,dining,"chicago, us",pos,0
TXN00008607,CUST1112,2026-07-23 05:05:43,185.2,transfer,"los angeles, us",pos,0
TXN00008608,CUST1176,2026-07-23 05:05:55,277.63,travel,"miami, us",atm,0
TXN00008609,CUST1216,2026-07-23 05:13:51,614.61,travel,"chicago, us",mobile,0
TXN00008610,CUST1160,2026-07-23 05:17:57,828.16,travel,"houston, us",web,0
TXN00008611,CUST1403,2026-07-23 05:20:32,109.5,transfer,"houston, us",pos,0
TXN00008612,CUST1410,2026-07-23 05:21:49,705.43,travel,"los angeles, us",web,0
TXN00008613,CUST1256,2026-07-23 05:29:09,48.95,dining,"new york, us",mobile,0
TXN00008614,CUST1191,2026-07-23 05:37:34,141.6,transfer,"new york, us",mobile,0
TXN00008615,CUST1238,2026-07-23 05:41:10,100.0,cash_withdrawal,"miami, us",atm,0
TXN00008616,CUST1357,2026-07-23 05:41:38,49.88,grocery,"miami, us",web,0
TXN00008617,CUST1406,2026-07-23 05:49:26,37.85,grocery,"new york, us",atm,0
TXN00008618,CUST1017,2026-07-23 05:54:09,52.82,grocery,"new york, us",web,0
TXN00008619,CUST1170,2026-07-23 06:02:09,403.21,travel,"chicago, us",pos,0
TXN00008620,CUST1042,2026-07-23 06:06:49,650.84,travel,"new york, us",web,0
TXN00008621,CUST1432,2026-07-23 06:07:19,20.0,cash_withdrawal,"new york, us",atm,0
TXN00008622,CUST1385,2026-07-23 06:10:21,53.63,dining,"houston, us",mobile,0
TXN00008623,CUST1488,2026-07-23 06:16:01,300.0,cash_withdrawal,"chicago, us",atm,0
TXN00008624,CUST1075,2026-07-23 06:16:19,287.28,transfer,"chicago, us",atm,0
TXN00008625,CUST1029,2026-07-23 06:17:04,99.65,online_retail,"los angeles, us",web,0
TXN00008626,CUST1137,2026-07-23 06:21:14,59.25,dining,"chicago, us",mobile,0
TXN00008627,CUST1398,2026-07-23 06:22:12,791.87,travel,"new york, us",mobile,0
TXN00008628,CUST1201,2026-07-23 06:29:26,282.64,transfer,"los angeles, us",mobile,0
TXN00008629,CUST1037,2026-07-23 06:36:26,49.97,grocery,"miami, us",pos,0
TXN00008630,CUST1279,2026-07-23 06:40:08,1.0,dining,"los angeles, us",pos,0
TXN00008631,CUST1241,2026-07-23 06:46:28,300.0,cash_withdrawal,"chicago, us",atm,0
TXN00008632,CUST1093,2026-07-23 06:49:12,20.0,cash_withdrawal,"houston, us",atm,0
TXN00008633,CUST1099,2026-07-23 06:51:42,90.45,transfer,"new york, us",web,0
TXN00008634,CUST1459,2026-07-23 06:54:34,10.56,online_retail,"new york, us",web,0
TXN00008635,CUST1431,2026-07-23 07:01:09,77.62,dining,"los angeles, us",mobile,0
TXN00008636,CUST1129,2026-07-23 07:04:16,20.0,cash_withdrawal,"chicago, us",atm,0
TXN00008637,CUST1419,2026-07-23 07:07:50,615.26,travel,"miami, us",web,0
TXN00008638,CUST1196,2026-07-23 07:08:40,163.39,transfer,"houston, us",mobile,0
TXN00008639,CUST1425,2026-07-23 07:13:34,7.55,dining,"new york, us",atm,0
TXN00008640,CUST1007,2026-07-23 07:20:20,47.31,dining,"new york, us",atm,0
TXN00008641,CUST1063,2026-07-23 07:23:10,590.21,travel,"los angeles, us",web,0
TXN00008642,CUST1499,2026-07-23 07:27:32,40.18,grocery,"chicago, us",web,0
TXN00008643,CUST1394,2026-07-23 07:32:55,1.0,dining,"houston, us",web,0
TXN00008644,CUST1366,2026-07-23 07:33:29,171.66,online_retail,"tokyo, jp",mobile,1
TXN00008645,CUST1128,2026-07-23 07:37:00,200.0,cash_withdrawal,"los angeles, us",atm,0
TXN00008646,CUST1198,2026-07-23 07:39:42,100.0,cash_withdrawal,"houston, us",atm,0
TXN00008647,CUST1395,2026-07-23 07:45:48,72.72,grocery,"los angeles, us",atm,0
TXN00008648,CUST1500,2026-07-23 07:54:21,56.16,grocery,"houston, us",mobile,0
TXN00008649,CUST1227,2026-07-23 07:58:23,44.66,dining,"chicago, us",pos,0
TXN00008650,CUST1127,2026-07-23 08:02:45,107.77,transfer,"miami, us",web,0
TXN00008651,CUST1378,2026-07-23 08:10:09,17.3,dining,"houston, us",web,0
TXN00008652,CUST1018,2026-07-23 08:15:47,501.65,travel,"los angeles, us",mobile,0
TXN00008653,CUST1102,2026-07-23 08:24:12,24.75,dining,"new york, us",pos,0
TXN00008654,CUST1236,2026-07-23 08:32:08,60.0,cash_withdrawal,"los angeles, us",atm,0
TXN00008655,CUST1377,2026-07-23 08:33:20,24.79,dining,"houston, us",atm,0
TXN00008656,CUST1395,2026-07-23 08:40:41,32.13,dining,"chicago, us",web,0
TXN00008657,CUST1049,2026-07-23 08:44:02,55.74,grocery,"new york, us",atm,0
TXN00008658,CUST1267,2026-07-23 08:52:12,30.32,grocery,"new york, us",web,0
TXN00008659,CUST1341,2026-07-23 08:57:38,500.72,travel,"chicago, us",atm,0
TXN00008660,CUST1107,2026-07-23 08:58:40,100.0,cash_withdrawal,"new york, us",atm,0
TXN00008661,CUST1243,2026-07-23 08:59:04,589.63,travel,"chicago, us",mobile,0
TXN00008662,CUST1200,2026-07-23 09:01:08,163.54,online_retail,"new york, us",web,0
TXN00008663,CUST1349,2026-07-23 09:01:42,100.0,cash_withdrawal,"chicago, us",atm,0
TXN00008664,CUST1493,2026-07-23 09:08:54,60.0,cash_withdrawal,"miami, us",atm,0
TXN00008665,CUST1160,2026-07-23 09:09:09,205.09,travel,"new york, us",mobile,0
TXN00008666,CUST1480,2026-07-23 09:10:30,89.52,transfer,"los angeles, us",pos,0
TXN00008667,CUST1166,2026-07-23 09:11:33,338.41,transfer,"new york, us",atm,0
TXN00008668,CUST1082,2026-07-23 09:20:11,300.0,cash_withdrawal,"new york, us",atm,0
TXN00008669,CUST1323,2026-07-23 09:23:06,41.13,grocery,"houston, us",atm,0
TXN00008670,CUST1373,2026-07-23 09:30:37,31.37,grocery,"los angeles, us",atm,0
TXN00008671,CUST1022,2026-07-23 09:36:39,370.49,transfer,"los angeles, us",atm,0
TXN00008672,CUST1382,2026-07-23 09:42:59,518.78,travel,"los angeles, us",web,0
TXN00008673,CUST1480,2026-07-23 09:46:52,300.0,cash_withdrawal,"miami, us",atm,0
TXN00008674,CUST1282,2026-07-23 09:48:57,66.59,grocery,"new york, us",mobile,0
TXN00008675,CUST1267,2026-07-23 09:50:34,44.01,dining,"los angeles, us",pos,0
TXN00008676,CUST1063,2026-07-23 09:51:29,53.86,grocery,"miami, us",atm,0
TXN00008677,CUST1130,2026-07-23 09:53:16,355.81,transfer,"new york, us",atm,0
TXN00008678,CUST1247,2026-07-23 09:59:36,40.0,cash_withdrawal,"new york, us",atm,0
TXN00008679,CUST1327,2026-07-23 10:07:27,56.65,transfer,"chicago, us",pos,0
TXN00008680,CUST1153,2026-07-23 10:14:32,33.11,dining,"new york, us",atm,0
TXN00008681,CUST1102,2026-07-23 10:17:50,29.1,dining,"miami, us",atm,0
TXN00008682,CUST1185,2026-07-23 10:24:57,76.34,dining,"los angeles, us",pos,0
TXN00008683,CUST1455,2026-07-23 04:32:49,7642.4,cash_withdrawal,"houston, us",mobile,1
TXN00008684,CUST1027,2026-07-23 10:37:34,32.9,online_retail,"chicago, us",mobile,0
TXN00008685,CUST1443,2026-07-23 10:46:10,30.96,grocery,"houston, us",pos,0
TXN00008686,CUST1342,2026-07-23 10:46:22,1671.13,online_retail,"tokyo, jp",web,1
TXN00008687,CUST1112,2026-07-23 10:54:30,73.04,grocery,"chicago, us",mobile,0
TXN00008688,CUST1499,2026-07-23 11:00:32,70.07,online_retail,"new york, us",web,0
TXN00008689,CUST1058,2026-07-23 11:08:06,100.0,cash_withdrawal,"houston, us",atm,0
TXN00008690,CUST1121,2026-07-23 11:08:42,501.26,online_retail,"houston, us",mobile,0
TXN00008691,CUST1325,2026-07-23 11:11:04,34.46,dining,"chicago, us",pos,0
TXN00008692,CUST1223,2026-07-23 11:18:46,254.1,online_retail,"miami, us",mobile,0
TXN00008693,CUST1167,2026-07-23 11:25:37,1648.13,transfer,"houston, us",atm,0
TXN00008694,CUST1008,2026-07-23 11:26:09,53.69,online_retail,"chicago, us",web,0
TXN00008695,CUST1086,2026-07-23 11:27:15,57.27,grocery,"chicago, us",mobile,0
TXN00008696,CUST1407,2026-07-23 11:27:49,96.11,online_retail,"los angeles, us",mobile,0
TXN00008697,CUST1142,2026-07-23 11:36:03,2.52,dining,"houston, us",atm,0
TXN00008698,CUST1300,2026-07-23 11:38:48,646.1,travel,"chicago, us",atm,0
TXN00008699,CUST1062,2026-07-23 11:39:36,488.2,travel,"chicago, us",atm,0
TXN00008700,CUST1203,2026-07-23 11:42:01,76.3,transfer,"los angeles, us",atm,0
TXN00008701,CUST1405,2026-07-23 11:44:59,5.42,dining,"new york, us",mobile,0
TXN00008702,CUST1125,2026-07-23 11:51:01,696.44,travel,"miami, us",pos,0
TXN00008703,CUST1005,2026-07-23 11:56:24,46.72,transfer,"los angeles, us",web,0
TXN00008704,CUST1497,2026-07-23 12:03:19,60.0,cash_withdrawal,"houston, us",atm,0
TXN00008705,CUST1022,2026-07-23 12:10:24,60.54,grocery,"new york, us",pos,0
TXN00008706,CUST1298,2026-07-23 12:13:48,335.03,transfer,"new york, us",atm,0
TXN00008707,CUST1402,2026-07-23 12:16:16,692.25,travel,"chicago, us",web,0
TXN00008708,CUST1354,2026-07-23 12:22:23,631.07,travel,"los angeles, us",mobile,0
TXN00008709,CUST1244,2026-07-23 12:24:00,58.72,dining,"los angeles, us",mobile,0
TXN00008710,CUST1353,2026-07-23 12:32:03,48.78,transfer,"miami, us",mobile,0
TXN00008711,CUST1306,2026-07-23 12:33:23,794.23,travel,"los angeles, us",web,0
TXN00008712,CUST1080,2026-07-23 12:38:31,300.0,cash_withdrawal,"houston, us",atm,0
TXN00008713,CUST1191,2026-07-23 12:42:36,118.19,online_retail,"houston, us",web,0
TXN00008714,CUST1395,2026-07-23 12:43:47,49.51,online_retail,"houston, us",mobile,0
TXN00008715,CUST1046,2026-07-23 12:45:01,20.0,cash_withdrawal,"los angeles, us",atm,0
TXN00008716,CUST1128,2026-07-23 12:47:54,719.2,travel,"new york, us",pos,0
TXN00008717,CUST1081,2026-07-23 12:55:25,30.2,dining,"new york, us",mobile,0
TXN00008718,CUST1256,2026-07-23 12:56:50,300.0,cash_withdrawal,"houston, us",atm,0
TXN00008719,CUST1047,2026-07-23 13:03:25,576.13,travel,"los angeles, us",mobile,0
TXN00008720,CUST1352,2026-07-23 13:08:34,17.77,dining,"houston, us",atm,0
TXN00008721,CUST1317,2026-07-23 13:16:18,100.0,cash_withdrawal,"new york, us",atm,0
TXN00008722,CUST1174,2026-07-23 13:23:43,14.99,dining,"miami, us",atm,0
TXN00008723,CUST1477,2026-07-23 13:32:07,53.16,grocery,"los angeles, us",web,0
TXN00008724,CUST1497,2026-07-23 13:39:55,133.99,transfer,"houston, us",pos,0
TXN00008725,CUST1389,2026-07-23 13:43:36,161.14,travel,"miami, us",web,0
TXN00008726,CUST1321,2026-07-23 13:49:12,39.57,grocery,"houston, us",pos,0
TXN00008727,CUST1031,2026-07-23 13:53:10,300.0,cash_withdrawal,"houston, us",atm,0
TXN00008728,CUST1031,2026-07-23 13:59:02,718.29,travel,"los angeles, us",atm,0
TXN00008729,CUST1183,2026-07-23 14:00:14,40.0,cash_withdrawal,"los angeles, us",atm,0
TXN00008730,CUST1331,2026-07-23 14:04:51,5006.15,online_retail,"new york, us",mobile,1
TXN00008731,CUST1079,2026-07-23 14:09:31,25.94,dining,"miami, us",pos,0
TXN00008732,CUST1360,2026-07-23 14:11:44,61.62,grocery,"los angeles, us",atm,0
TXN00008733,CUST1275,2026-07-23 14:16:49,52.69,grocery,"new york, us",mobile,0
TXN00008734,CUST1406,2026-07-23 14:21:03,382.1,travel,"houston, us",mobile,0
TXN00008735,CUST1055,2026-07-23 14:26:51,40.0,cash_withdrawal,"miami, us",atm,0
TXN00008736,CUST1065,2026-07-23 14:31:11,28.24,dining,"houston, us",pos,0
TXN00008737,CUST1250,2026-07-23 14:39:40,336.39,transfer,"new york, us",web,0
TXN00008738,CUST1120,2026-07-23 14:42:13,849.26,travel,"chicago, us",mobile,0
TXN00008739,CUST1163,2026-07-23 14:45:07,135.4,transfer,"los angeles, us",web,0
TXN00008740,CUST1286,2026-07-23 14:51:52,62.55,dining,"miami, us",atm,0
TXN00008741,CUST1404,2026-07-23 14:58:16,579.84,travel,"miami, us",mobile,0
TXN00008742,CUST1331,2026-07-23 15:02:33,290.81,online_retail,"miami, us",web,0
TXN00008743,CUST1388,2026-07-23 15:04:38,300.0,cash_withdrawal,"new york, us",atm,0
TXN00008744,CUST1178,2026-07-23 15:05:35,799.9,travel,"miami, us",mobile,0
TXN00008745,CUST1413,2026-07-23 15:08:00,45.06,travel,"miami, us",mobile,0
TXN00008746,CUST1457,2026-07-23 15:14:42,71.15,transfer,"chicago, us",pos,0
TXN00008747,CUST1225,2026-07-23 15:17:23,93.38,online_retail,"chicago, us",web,0
TXN00008748,CUST1376,2026-07-23 15:23:37,40.0,cash_withdrawal,"miami, us",atm,0
TXN00008749,CUST1099,2026-07-23 15:24:29,29.0,grocery,"houston, us",mobile,0
TXN00008750,CUST1011,2026-07-23 15:27:39,251.28,transfer,"new york, us",web,0
TXN00008751,CUST1353,2026-07-23 15:32:34,200.0,cash_withdrawal,"new york, us",atm,0
TXN00008752,CUST1194,2026-07-23 15:39:51,100.0,cash_withdrawal,"new york, us",atm,0
TXN00008753,CUST1184,2026-07-23 15:47:27,20.0,cash_withdrawal,"chicago, us",atm,0
TXN00008754,CUST1371,2026-07-23 15:49:41,13.41,online_retail,"houston, us",mobile,0
TXN00008755,CUST1069,2026-07-23 15:55:28,965.56,travel,"new york, us",mobile,0
TXN00008756,CUST1129,2026-07-23 16:01:09,527.39,travel,"los angeles, us",pos,0
TXN00008757,CUST1461,2026-07-23 16:07:35,180.94,online_retail,"houston, us",mobile,0
TXN00008758,CUST1021,2026-07-23 16:15:03,161.24,online_retail,"chicago, us",mobile,0
TXN00008759,CUST1249,2026-07-23 16:16:58,68.69,dining,"new york, us",pos,0
TXN00008760,CUST1362,2026-07-23 16:23:03,671.19,travel,"houston, us",pos,0
TXN00008761,CUST1225,2026-07-23 16:23:52,20.55,grocery,"chicago, us",mobile,0
TXN00008762,CUST1287,2026-07-23 16:24:40,31.97,online_retail,"los angeles, us",web,0
TXN00008763,CUST1151,2026-07-23 16:33:07,675.61,transfer,"miami, us",atm,0
TXN00008764,CUST1278,2026-07-23 16:37:30,49.22,dining,"miami, us",atm,0
TXN00008765,CUST1357,2026-07-23 16:38:10,65.73,grocery,"chicago, us",pos,0
TXN00008766,CUST1251,2026-07-23 16:40:08,579.73,travel,"houston, us",pos,0
TXN00008767,CUST1098,2026-07-23 16:40:24,142.23,online_retail,"miami, us",mobile,0
TXN00008768,CUST1291,2026-07-23 16:46:17,60.68,dining,"miami, us",web,0
TXN00008769,CUST1096,2026-07-23 16:48:17,51.84,dining,"new york, us",mobile,0
TXN00008770,CUST1279,2026-07-23 16:52:26,34.04,grocery,"houston, us",web,0
TXN00008771,CUST1179,2026-07-23 16:59:35,40.0,cash_withdrawal,"los angeles, us",atm,0
TXN00008772,CUST1166,2026-07-23 17:03:02,1015.27,travel,"houston, us",mobile,0
TXN00008773,CUST1375,2026-07-23 17:04:48,60.0,cash_withdrawal,"los angeles, us",atm,0
TXN00008774,CUST1240,2026-07-23 17:09:07,71.19,grocery,"los angeles, us",pos,0
TXN00008775,CUST1141,2026-07-23 17:10:10,41.27,dining,"los angeles, us",pos,0
TXN00008776,CUST1445,2026-07-23 17:13:14,29.27,grocery,"new york, us",web,0
TXN00008777,CUST1426,2026-07-23 17:15:10,25.09,online_retail,"new york, us",web,0
TXN00008778,CUST1307,2026-07-23 17:22:16,8.79,dining,"houston, us",atm,0
TXN00008779,CUST1469,2026-07-23 17:27:28,379.03,online_retail,"chicago, us",web,0
TXN00008780,CUST1441,2026-07-23 17:34:07,60.0,cash_withdrawal,"chicago, us",atm,0
TXN00008781,CUST1284,2026-07-23 17:38:47,53.81,grocery,"los angeles, us",web,0
TXN00008782,CUST1083,2026-07-23 17:43:20,89.96,online_retail,"miami, us",web,0
TXN00008783,CUST1036,2026-07-23 17:50:49,39.47,grocery,"new york, us",atm,0
TXN00008784,CUST1272,2026-07-23 17:53:39,75.22,grocery,"chicago, us",web,0
TXN00008785,CUST1080,2026-07-23 18:00:18,40.84,transfer,"los angeles, us",web,0
TXN00008786,CUST1231,2026-07-23 18:08:31,22.32,dining,"los angeles, us",mobile,0
TXN00008787,CUST1152,2026-07-23 18:11:20,60.0,cash_withdrawal,"houston, us",atm,0
TXN00008788,CUST1420,2026-07-23 18:17:32,951.43,travel,"chicago, us",atm,0
TXN00008789,CUST1135,2026-07-23 18:21:34,274.22,online_retail,"houston, us",web,0
TXN00008790,CUST1278,2026-07-23 18:27:19,49.68,dining,"new york, us",mobile,0
TXN00008791,CUST1188,2026-07-23 18:28:47,56.23,dining,"chicago, us",pos,0
TXN00008792,CUST1233,2026-07-23 18:36:11,109.62,online_retail,"chicago, us",web,0
TXN00008793,CUST1001,2026-07-23 18:40:39,46.64,dining,"new york, us",atm,0
TXN00008794,CUST1398,2026-07-23 18:41:43,40.0,cash_withdrawal,"miami, us",atm,0
TXN00008795,CUST1327,2026-07-23 18:49:41,56.49,dining,"chicago, us",atm,0
TXN00008796,CUST1260,2026-07-23 18:50:57,40.0,cash_withdrawal,"houston, us",atm,0
TXN00008797,CUST1195,2026-07-23 18:52:59,620.68,travel,"los angeles, us",pos,0
TXN00008798,CUST1376,2026-07-23 19:00:58,570.19,travel,"los angeles, us",atm,0
TXN00008799,CUST1095,2026-07-23 19:04:14,58.12,online_retail,"chicago, us",mobile,0
TXN00008800,CUST1453,2026-07-23 19:07:41,169.85,transfer,"los angeles, us",atm,0
TXN00008801,CUST1010,2026-07-23 19:16:10,63.8,grocery,"new york, us",atm,0
TXN00008802,CUST1318,2026-07-23 19:20:11,9.75,dining,"new york, us",mobile,0
TXN00008803,CUST1439,2026-07-23 19:27:45,38.05,grocery,"los angeles, us",atm,0
TXN00008804,CUST1187,2026-07-23 19:33:12,59.89,grocery,"chicago, us",mobile,0
TXN00008805,CUST1398,2026-07-23 19:37:44,31.54,dining,"houston, us",atm,0
TXN00008806,CUST1318,2026-07-23 19:39:37,651.13,travel,"miami, us",atm,0
TXN00008807,CUST1123,2026-07-23 19:46:26,476.18,travel,"new york, us",web,0
TXN00008808,CUST1165,2026-07-23 19:50:00,200.0,cash_withdrawal,"miami, us",atm,0
TXN00008809,CUST1370,2026-07-23 19:51:46,20.0,cash_withdrawal,"chicago, us",atm,0
TXN00008810,CUST1033,2026-07-23 19:52:31,42.69,grocery,"miami, us",mobile,0
TXN00008811,CUST1338,2026-07-23 19:55:03,39.06,transfer,"los angeles, us",web,0
TXN00008812,CUST1496,2026-07-23 19:58:49,100.0,cash_withdrawal,"chicago, us",atm,0
TXN00008813,CUST1276,2026-07-23 20:00:23,114.4,transfer,"chicago, us",web,0
TXN00008814,CUST1420,2026-07-23 20:06:24,343.63,travel,"houston, us",pos,0
TXN00008815,CUST1199,2026-07-23 20:09:11,48.25,dining,"new york, us",web,0
TXN00008816,CUST1098,2026-07-23 20:17:28,671.92,travel,"los angeles, us",web,0
TXN00008817,CUST1269,2026-07-23 20:25:03,300.0,cash_withdrawal,"los angeles, us",atm,0
TXN00008818,CUST1350,2026-07-23 20:30:08,550.71,travel,"chicago, us",pos,0
TXN00008819,CUST1255,2026-07-23 20:35:49,27.41,grocery,"miami, us",atm,0
TXN00008820,CUST1393,2026-07-23 20:36:51,20.0,cash_withdrawal,"houston, us",atm,0
TXN00008821,CUST1283,2026-07-23 20:38:16,210.65,transfer,"houston, us",mobile,0
TXN00008822,CUST1079,2026-07-23 20:42:22,686.53,travel,"miami, us",web,0
TXN00008823,CUST1314,2026-07-23 20:50:00,49.84,dining,"chicago, us",mobile,0
TXN00008824,CUST1145,2026-07-23 20:51:04,1116.06,travel,"miami, us",web,0
TXN00008825,CUST1166,2026-07-23 20:57:35,52.37,grocery,"miami, us",web,0
TXN00008826,CUST1210,2026-07-23 20:58:41,62.3,grocery,"miami, us",atm,0
TXN00008827,CUST1329,2026-07-23 02:00:54,6312.03,transfer,"miami, us",mobile,1
TXN00008828,CUST1165,2026-07-23 21:01:12,127.41,online_retail,"new york, us",web,0
TXN00008829,CUST1057,2026-07-23 21:08:59,47.07,grocery,"new york, us",pos,0
TXN00008830,CUST1050,2026-07-23 21:13:04,1.0,dining,"houston, us",web,0
TXN00008831,CUST1268,2026-07-23 21:14:49,120.26,online_retail,"miami, us",mobile,0
TXN00008832,CUST1338,2026-07-23 21:17:15,169.8,online_retail,"los angeles, us",web,0
TXN00008833,CUST1035,2026-07-23 21:17:39,200.0,cash_withdrawal,"miami, us",atm,0
TXN00008834,CUST1023,2026-07-23 21:21:52,182.57,transfer,"new york, us",atm,0
TXN00008835,CUST1428,2026-07-23 21:27:40,20.0,cash_withdrawal,"new york, us",atm,0
TXN00008836,CUST1481,2026-07-23 21:32:21,197.84,online_retail,"houston, us",web,0
TXN00008837,CUST1067,2026-07-23 21:36:22,612.49,transfer,"los angeles, us",web,0
TXN00008838,CUST1092,2026-07-23 21:39:32,35.21,online_retail,"los angeles, us",mobile,0
TXN00008839,CUST1448,2026-07-23 21:41:57,300.0,cash_withdrawal,"chicago, us",atm,0
TXN00008840,CUST1017,2026-07-23 21:43:07,200.2,transfer,"miami, us",pos,0
TXN00008841,CUST1104,2026-07-23 21:51:11,48.27,dining,"los angeles, us",atm,0
TXN00008842,CUST1055,2026-07-23 21:56:02,88.64,online_retail,"los angeles, us",web,0
TXN00008843,CUST1249,2026-07-23 21:56:55,368.91,transfer,"houston, us",atm,0
TXN00008844,CUST1099,2026-07-23 22:00:06,60.94,grocery,"miami, us",web,0
TXN00008845,CUST1051,2026-07-23 22:03:56,324.93,online_retail,"miami, us",web,0
TXN00008846,CUST1017,2026-07-23 22:05:54,20.0,cash_withdrawal,"chicago, us",atm,0
TXN00008847,CUST1293,2026-07-23 22:07:21,13.99,dining,"los angeles, us",mobile,0
TXN00008848,CUST1329,2026-07-23 22:10:54,806.03,travel,"miami, us",atm,0
TXN00008849,CUST1429,2026-07-23 22:15:21,558.96,travel,"miami, us",pos,0
TXN00008850,CUST1199,2026-07-23 22:19:11,20.0,cash_withdrawal,"miami, us",atm,0
TXN00008851,CUST1337,2026-07-23 22:23:41,757.83,online_retail,"new york, us",mobile,0
TXN00008852,CUST1251,2026-07-23 22:26:41,46.25,grocery,"miami, us",mobile,0
TXN00008853,CUST1270,2026-07-23 22:27:18,921.01,transfer,"los angeles, us",mobile,0
TXN00008854,CUST1320,2026-07-23 22:31:13,507.89,travel,"chicago, us",atm,0
TXN00008855,CUST1360,2026-07-23 22:33:42,486.69,online_retail,"los angeles, us",web,0
TXN00008856,CUST1303,2026-07-23 22:37:01,50.16,grocery,"new york, us",web,0
TXN00008857,CUST1132,2026-07-23 22:38:01,20.0,cash_withdrawal,"houston, us",atm,0
TXN00008858,CUST1026,2026-07-23 22:38:36,292.99,online_retail,"chicago, us",web,0
TXN00008859,CUST1188,2026-07-23 22:44:18,29.96,grocery,"houston, us",pos,0
TXN00008860,CUST1114,2026-07-23 22:47:43,20.0,cash_withdrawal,"new york, us",atm,0
TXN00008861,CUST1311,2026-07-23 22:54:07,40.0,cash_withdrawal,"new york, us",atm,0
TXN00008862,CUST1368,2026-07-23 23:02:12,13.09,online_retail,"chicago, us",web,0
TXN00008863,CUST1037,2026-07-23 23:05:58,27.14,grocery,"houston, us",web,0
TXN00008864,CUST1007,2026-07-23 23:07:47,307.44,online_retail,"miami, us",web,0
TXN00008865,CUST1477,2026-07-23 23:10:27,266.66,online_retail,"london, uk",web,1
TXN00008866,CUST1472,2026-07-23 23:12:13,184.12,online_retail,"houston, us",web,0
TXN00008867,CUST1107,2026-07-23 23:15:49,178.23,online_retail,"los angeles, us",mobile,0
TXN00008868,CUST1336,2026-07-23 23:17:29,60.71,grocery,"los angeles, us",web,0
TXN00008869,CUST1252,2026-07-23 23:22:43,47.56,online_retail,"new york, us",web,0
TXN00008870,CUST1476,2026-07-23 23:25:14,15.31,online_retail,"los angeles, us",web,0
TXN00008871,CUST1456,2026-07-23 23:29:55,177.91,transfer,"miami, us",mobile,0
TXN00008872,CUST1427,2026-07-23 23:35:16,57.8,dining,"new york, us",mobile,0
TXN00008873,CUST1041,2026-07-23 23:39:38,27.85,dining,"houston, us",atm,0
TXN00008874,CUST1240,2026-07-23 23:44:13,503.38,transfer,"los angeles, us",atm,0
TXN00008875,CUST1411,2026-07-23 23:48:04,1162.36,travel,"houston, us",web,0
TXN00008876,CUST1328,2026-07-23 23:49:09,36.39,grocery,"new york, us",pos,0
TXN00008877,CUST1032,2026-07-23 23:55:07,298.1,transfer,"miami, us",mobile,0
TXN00008878,CUST1185,2026-07-23 23:55:42,45.77,grocery,"chicago, us",web,0
TXN00008879,CUST1286,2026-07-24 00:01:22,68.46,grocery,"chicago, us",mobile,0
TXN00008880,CUST1381,2026-07-24 00:03:39,362.76,travel,"los angeles, us",atm,0
TXN00008881,CUST1481,2026-07-24 00:11:59,125.24,online_retail,"new york, us",mobile,0
TXN00008882,CUST1456,2026-07-24 00:13:05,60.0,cash_withdrawal,"houston, us",atm,0
TXN00008883,CUST1213,2026-07-24 00:15:07,373.27,travel,"los angeles, us",mobile,0
TXN00008884,CUST1421,2026-07-24 00:16:15,1.0,dining,"new york, us",pos,0
TXN00008885,CUST1189,2026-07-24 00:16:52,23.58,grocery,"los angeles, us",mobile,0
TXN00008886,CUST1407,2026-07-24 00:24:40,664.78,travel,"los angeles, us",mobile,0
TXN00008887,CUST1363,2026-07-24 00:25:08,40.0,cash_withdrawal,"chicago, us",atm,0
TXN00008888,CUST1030,2026-07-24 00:30:12,478.83,travel,"chicago, us",mobile,0
TXN00008889,CUST1422,2026-07-24 00:32:38,40.7,grocery,"chicago, us",atm,0
TXN00008890,CUST1316,2026-07-24 00:34:50,41.22,grocery,"los angeles, us",mobile,0
TXN00008891,CUST1137,2026-07-24 00:35:33,243.97,travel,"los angeles, us",pos,0
TXN00008892,CUST1271,2026-07-24 00:40:15,43.15,grocery,"los angeles, us",mobile,0
TXN00008893,CUST1021,2026-07-24 00:41:16,20.0,cash_withdrawal,"new york, us",atm,0
TXN00008894,CUST1376,2026-07-24 00:43:47,60.0,cash_withdrawal,"new york, us",atm,0
TXN00008895,CUST1037,2026-07-24 00:45:52,283.02,transfer,"houston, us",atm,0
TXN00008896,CUST1428,2026-07-24 00:53:33,79.65,online_retail,"chicago, us",mobile,0
TXN00008897,CUST1156,2026-07-24 00:59:00,198.76,transfer,"new york, us",pos,0
TXN00008898,CUST1040,2026-07-24 01:05:08,125.56,online_retail,"new york, us",web,0
TXN00008899,CUST1484,2026-07-24 01:11:24,88.27,transfer,"chicago, us",pos,0
TXN00008900,CUST1111,2026-07-24 01:15:01,70.79,transfer,"chicago, us",atm,0
TXN00008901,CUST1492,2026-07-24 01:18:31,36.51,dining,"los angeles, us",mobile,0
TXN00008902,CUST1266,2026-07-24 01:22:02,89.68,online_retail,"miami, us",web,0
TXN00008903,CUST1050,2026-07-24 01:23:03,65.02,grocery,"new york, us",mobile,0
TXN00008904,CUST1052,2026-07-24 01:25:05,39.95,dining,"new york, us",mobile,0
TXN00008905,CUST1372,2026-07-24 01:31:30,131.17,online_retail,"miami, us",web,0
TXN00008906,CUST1119,2026-07-24 01:38:41,29.13,dining,"new york, us",atm,0
TXN00008907,CUST1273,2026-07-24 01:46:21,132.75,online_retail,"miami, us",web,0
TXN00008908,CUST1198,2026-07-24 01:52:25,383.02,travel,"houston, us",pos,0
TXN00008909,CUST1098,2026-07-24 01:54:52,51.14,dining,"houston, us",mobile,0
TXN00008910,CUST1099,2026-07-24 01:59:15,107.2,transfer,"los angeles, us",web,0
TXN00008911,CUST1270,2026-07-24 02:01:10,300.0,cash_withdrawal,"chicago, us",atm,0
TXN00008912,CUST1337,2026-07-24 02:02:47,519.37,transfer,"miami, us",atm,0
TXN00008913,CUST1128,2026-07-24 02:09:39,300.0,cash_withdrawal,"miami, us",atm,0
TXN00008914,CUST1292,2026-07-24 02:11:33,902.21,transfer,"houston, us",web,0
TXN00008915,CUST1321,2026-07-24 02:14:40,7038.99,online_retail,"miami, us",mobile,1
TXN00008916,CUST1486,2026-07-24 02:20:16,113.27,online_retail,"los angeles, us",mobile,0
TXN00008917,CUST1092,2026-07-24 02:22:53,22.72,dining,"los angeles, us",pos,0
TXN00008918,CUST1286,2026-07-24 02:29:04,31.54,dining,"new york, us",pos,0
TXN00008919,CUST1384,2026-07-24 02:34:19,54.4,grocery,"houston, us",mobile,0
TXN00008920,CUST1286,2026-07-24 02:36:56,100.0,cash_withdrawal,"chicago, us",atm,0
TXN00008921,CUST1213,2026-07-24 02:43:21,33.29,online_retail,"chicago, us",mobile,0
TXN00008922,CUST1383,2026-07-24 02:43:32,76.52,dining,"new york, us",mobile,0
TXN00008923,CUST1055,2026-07-24 02:44:30,22.79,transfer,"miami, us",mobile,0
TXN00008924,CUST1393,2026-07-24 02:46:14,515.32,transfer,"miami, us",pos,0
TXN00008925,CUST1327,2026-07-24 02:50:41,55.79,grocery,"chicago, us",atm,0
TXN00008926,CUST1296,2026-07-24 02:58:35,16.47,dining,"los angeles, us",atm,0
TXN00008927,CUST1184,2026-07-24 03:04:43,60.0,cash_withdrawal,"los angeles, us",atm,0
TXN00008928,CUST1346,2026-07-24 03:10:11,71.63,online_retail,"new york, us",web,0
TXN00008929,CUST1235,2026-07-24 03:14:25,24.17,grocery,"chicago, us",pos,0
TXN00008930,CUST1360,2026-07-24 03:20:53,20.0,cash_withdrawal,"chicago, us",atm,0
TXN00008931,CUST1341,2026-07-24 03:23:39,47.29,transfer,"chicago, us",atm,0
TXN00008932,CUST1219,2026-07-24 03:31:05,61.98,grocery,"houston, us",mobile,0
TXN00008933,CUST1453,2026-07-24 03:38:59,47.84,online_retail,"houston, us",web,0
TXN00008934,CUST1054,2026-07-24 03:45:01,41.25,online_retail,"los angeles, us",web,0
TXN00008935,CUST1086,2026-07-24 03:47:13,77.42,dining,"chicago, us",web,0
TXN00008936,CUST1406,2026-07-24 03:48:50,55.94,online_retail,"los angeles, us",mobile,0
TXN00008937,CUST1093,2026-07-24 03:51:41,387.28,travel,"houston, us",web,0
TXN00008938,CUST1282,2026-07-24 03:57:39,20.0,cash_withdrawal,"miami, us",atm,0
TXN00008939,CUST1206,2026-07-24 03:58:24,11.82,online_retail,"houston, us",mobile,0
TXN00008940,CUST1259,2026-07-24 03:59:59,119.76,online_retail,"new york, us",mobile,0
TXN00008941,CUST1173,2026-07-24 04:01:44,710.85,travel,"miami, us",mobile,0
TXN00008942,CUST1337,2026-07-24 04:04:44,60.0,cash_withdrawal,"miami, us",atm,0
TXN00008943,CUST1081,2026-07-24 04:12:34,143.55,online_retail,"houston, us",web,0
TXN00008944,CUST1274,2026-07-24 04:16:37,51.52,grocery,"miami, us",atm,0
TXN00008945,CUST1308,2026-07-24 04:17:59,105.56,online_retail,"new york, us",web,0
TXN00008946,CUST1227,2026-07-24 04:26:21,785.19,travel,"chicago, us",atm,0
TXN00008947,CUST1478,2026-07-24 04:26:37,51.91,grocery,"new york, us",atm,0
TXN00008948,CUST1181,2026-07-24 04:32:28,29.73,dining,"houston, us",atm,0
TXN00008949,CUST1463,2026-07-24 04:36:40,838.19,travel,"miami, us",pos,0
TXN00008950,CUST1162,2026-07-24 04:40:29,24.25,dining,"new york, us",pos,0
TXN00008951,CUST1282,2026-07-24 04:43:30,115.3,online_retail,"new york, us",mobile,0
TXN00008952,CUST1167,2026-07-24 04:43:50,200.0,cash_withdrawal,"miami, us",atm,0
TXN00008953,CUST1433,2026-07-24 04:45:30,382.06,travel,"new york, us",web,0
TXN00008954,CUST1191,2026-07-24 04:53:58,214.42,online_retail,"new york, us",web,0
TXN00008955,CUST1212,2026-07-24 04:56:23,229.88,transfer,"chicago, us",mobile,0
TXN00008956,CUST1392,2026-07-24 05:04:04,300.0,cash_withdrawal,"los angeles, us",atm,0
TXN00008957,CUST1325,2026-07-24 05:04:53,43.03,dining,"los angeles, us",mobile,0
TXN00008958,CUST1221,2026-07-24 05:06:30,511.92,transfer,"miami, us",atm,0
TXN00008959,CUST1423,2026-07-24 05:12:27,20.0,cash_withdrawal,"miami, us",atm,0
TXN00008960,CUST1372,2026-07-24 05:19:06,61.27,online_retail,"miami, us",web,0
TXN00008961,CUST1166,2026-07-24 05:26:32,45.61,grocery,"miami, us",web,0
TXN00008962,CUST1312,2026-07-24 05:26:46,173.65,online_retail,"chicago, us",web,0
TXN00008963,CUST1124,2026-07-24 05:32:00,837.29,travel,"houston, us",web,0
TXN00008964,CUST1289,2026-07-24 05:35:10,579.74,transfer,"miami, us",web,0
TXN00008965,CUST1280,2026-07-24 05:43:36,47.31,grocery,"miami, us",pos,0
TXN00008966,CUST1110,2026-07-24 05:47:48,243.61,transfer,"houston, us",atm,0
TXN00008967,CUST1193,2026-07-24 05:52:56,775.68,travel,"miami, us",web,0
TXN00008968,CUST1393,2026-07-24 05:53:06,112.69,online_retail,"miami, us",web,0
TXN00008969,CUST1282,2026-07-24 05:57:26,47.02,dining,"new york, us",atm,0
TXN00008970,CUST1475,2026-07-24 06:05:03,100.0,cash_withdrawal,"new york, us",atm,0
TXN00008971,CUST1382,2026-07-24 06:07:19,873.7,travel,"chicago, us",pos,0
TXN00008972,CUST1131,2026-07-24 06:11:30,94.56,transfer,"chicago, us",mobile,0
TXN00008973,CUST1185,2026-07-24 06:12:36,20.0,cash_withdrawal,"chicago, us",atm,0
TXN00008974,CUST1493,2026-07-24 06:13:09,398.5,travel,"houston, us",atm,0
TXN00008975,CUST1232,2026-07-24 06:20:18,167.57,transfer,"chicago, us",web,0
TXN00008976,CUST1230,2026-07-24 06:20:36,622.36,transfer,"chicago, us",pos,0
TXN00008977,CUST1492,2026-07-24 06:25:36,433.24,travel,"miami, us",pos,0
TXN00008978,CUST1204,2026-07-24 06:31:34,989.08,travel,"miami, us",web,0
TXN00008979,CUST1001,2026-07-24 06:40:11,40.95,grocery,"houston, us",web,0
TXN00008980,CUST1372,2026-07-24 06:42:49,301.37,travel,"los angeles, us",web,0
TXN00008981,CUST1018,2026-07-24 06:50:06,37.51,grocery,"houston, us",mobile,0
TXN00008982,CUST1146,2026-07-24 06:52:12,427.99,transfer,"miami, us",mobile,0
TXN00008983,CUST1306,2026-07-24 06:56:50,53.57,online_retail,"chicago, us",mobile,0
TXN00008984,CUST1009,2026-07-24 07:01:17,28.9,dining,"new york, us",pos,0
TXN00008985,CUST1266,2026-07-24 07:02:52,17.03,grocery,"chicago, us",web,0
TXN00008986,CUST1070,2026-07-24 07:09:28,379.36,travel,"houston, us",web,0
TXN00008987,CUST1456,2026-07-24 07:10:53,200.0,cash_withdrawal,"houston, us",atm,0
TXN00008988,CUST1155,2026-07-24 07:17:39,1226.51,transfer,"miami, us",mobile,0
TXN00008989,CUST1004,2026-07-24 07:18:37,168.83,transfer,"houston, us",mobile,0
TXN00008990,CUST1154,2026-07-24 07:19:38,45.01,transfer,"new york, us",mobile,0
TXN00008991,CUST1114,2026-07-24 07:22:23,24.12,online_retail,"los angeles, us",mobile,0
TXN00008992,CUST1110,2026-07-24 07:29:24,75.38,grocery,"houston, us",web,0
TXN00008993,CUST1439,2026-07-24 07:35:50,182.78,transfer,"los angeles, us",atm,0
TXN00008994,CUST1162,2026-07-24 07:38:51,94.8,online_retail,"new york, us",web,0
TXN00008995,CUST1012,2026-07-24 07:42:52,60.0,cash_withdrawal,"los angeles, us",atm,0
TXN00008996,CUST1396,2026-07-24 07:47:13,73.18,grocery,"chicago, us",atm,0
TXN00008997,CUST1421,2026-07-24 07:53:39,606.24,travel,"miami, us",web,0
TXN00008998,CUST1483,2026-07-24 07:56:48,115.4,online_retail,"new york, us",mobile,0
TXN00008999,CUST1354,2026-07-24 08:05:24,39.9,grocery,"new york, us",atm,0
TXN00009000,CUST1422,2026-07-24 08:10:13,288.88,travel,"miami, us",atm,0
TXN00009001,CUST1142,2026-07-24 08:12:34,56.75,grocery,"chicago, us",pos,0
TXN00009002,CUST1471,2026-07-24 08:18:23,25.85,dining,"chicago, us",atm,0
TXN00009003,CUST1284,2026-07-24 08:22:42,465.3,travel,"los angeles, us",mobile,0
TXN00009004,CUST1262,2026-07-24 08:25:01,419.95,travel,"miami, us",pos,0
TXN00009005,CUST1285,2026-07-24 08:28:17,318.59,travel,"houston, us",web,0
TXN00009006,CUST1293,2026-07-24 08:32:21,90.68,transfer,"new york, us",mobile,0
TXN00009007,CUST1475,2026-07-24 08:32:37,223.11,transfer,"miami, us",pos,0
TXN00009008,CUST1293,2026-07-24 08:39:50,64.2,grocery,"new york, us",mobile,0
TXN00009009,CUST1080,2026-07-24 08:43:00,73.88,transfer,"chicago, us",atm,0
TXN00009010,CUST1049,2026-07-24 08:45:44,254.53,online_retail,"houston, us",mobile,0
TXN00009011,CUST1020,2026-07-24 08:51:57,245.5,online_retail,"miami, us",web,0
TXN00009012,CUST1236,2026-07-24 08:54:57,41.1,dining,"new york, us",mobile,0
TXN00009013,CUST1183,2026-07-24 09:02:43,60.81,transfer,"los angeles, us",pos,0
TXN00009014,CUST1080,2026-07-24 09:07:18,308.99,travel,"los angeles, us",web,0
TXN00009015,CUST1071,2026-07-24 09:14:04,510.5,travel,"los angeles, us",pos,0
TXN00009016,CUST1136,2026-07-24 09:19:53,54.1,online_retail,"miami, us",mobile,0
TXN00009017,CUST1188,2026-07-24 09:27:21,698.06,travel,"los angeles, us",mobile,0
TXN00009018,CUST1456,2026-07-24 09:34:53,25.23,grocery,"new york, us",mobile,0
TXN00009019,CUST1299,2026-07-24 09:42:44,58.89,grocery,"los angeles, us",web,0
TXN00009020,CUST1128,2026-07-24 09:50:05,30.26,online_retail,"chicago, us",mobile,0
TXN00009021,CUST1120,2026-07-24 09:55:20,19605.38,transfer,"miami, us",web,1
TXN00009022,CUST1132,2026-07-24 09:59:37,49.33,online_retail,"new york, us",mobile,0
TXN00009023,CUST1416,2026-07-24 10:00:44,570.69,travel,"chicago, us",web,0
TXN00009024,CUST1154,2026-07-24 10:03:12,39.7,grocery,"miami, us",atm,0
TXN00009025,CUST1048,2026-07-24 10:09:13,33.16,online_retail,"los angeles, us",web,0
TXN00009026,CUST1293,2026-07-24 10:13:48,890.84,travel,"los angeles, us",web,0
TXN00009027,CUST1205,2026-07-24 10:20:10,605.34,transfer,"miami, us",mobile,0
TXN00009028,CUST1292,2026-07-24 10:25:47,61.38,dining,"chicago, us",web,0
TXN00009029,CUST1470,2026-07-24 10:26:07,30.71,grocery,"chicago, us",web,0
TXN00009030,CUST1112,2026-07-24 10:27:32,33.67,grocery,"new york, us",web,0
TXN00009031,CUST1376,2026-07-24 10:36:03,112.72,online_retail,"houston, us",web,0
TXN00009032,CUST1040,2026-07-24 10:39:43,88.41,grocery,"miami, us",pos,0
TXN00009033,CUST1371,2026-07-24 10:47:11,415.3,transfer,"houston, us",atm,0
TXN00009034,CUST1167,2026-07-24 10:49:13,53.86,grocery,"miami, us",atm,0
TXN00009035,CUST1406,2026-07-24 10:55:00,349.23,online_retail,"houston, us",web,0
TXN00009036,CUST1248,2026-07-24 11:03:38,37.86,transfer,"chicago, us",mobile,0
TXN00009037,CUST1089,2026-07-24 02:05:00,2414.25,cash_withdrawal,"miami, us",atm,1
TXN00009038,CUST1250,2026-07-24 11:08:12,20.0,cash_withdrawal,"los angeles, us",atm,0
TXN00009039,CUST1423,2026-07-24 11:12:36,398.3,transfer,"los angeles, us",atm,0
TXN00009040,CUST1461,2026-07-24 11:13:01,40.54,grocery,"miami, us",pos,0
TXN00009041,CUST1354,2026-07-24 11:15:16,40.0,cash_withdrawal,"new york, us",atm,0
TXN00009042,CUST1360,2026-07-24 11:20:21,19.51,grocery,"los angeles, us",atm,0
TXN00009043,CUST1296,2026-07-24 11:26:50,20.0,cash_withdrawal,"chicago, us",atm,0
TXN00009044,CUST1420,2026-07-24 11:32:56,13.57,dining,"los angeles, us",pos,0
TXN00009045,CUST1465,2026-07-24 11:41:24,605.27,travel,"miami, us",web,0
TXN00009046,CUST1049,2026-07-24 11:45:14,33.03,grocery,"new york, us",atm,0
TXN00009047,CUST1305,2026-07-24 11:48:28,38.65,dining,"miami, us",atm,0
TXN00009048,CUST1329,2026-07-24 11:50:23,452.69,transfer,"new york, us",pos,0
TXN00009049,CUST1154,2026-07-24 11:56:54,109.63,transfer,"los angeles, us",web,0
TXN00009050,CUST1020,2026-07-24 11:57:49,216.63,transfer,"houston, us",atm,0
TXN00009051,CUST1375,2026-07-24 11:59:38,734.55,online_retail,"miami, us",mobile,0
TXN00009052,CUST1414,2026-07-24 12:07:39,184.07,online_retail,"new york, us",mobile,0
TXN00009053,CUST1296,2026-07-24 12:15:57,286.16,online_retail,"los angeles, us",web,0
TXN00009054,CUST1196,2026-07-24 12:19:20,331.33,travel,"new york, us",web,0
TXN00009055,CUST1041,2026-07-24 12:24:57,40.0,cash_withdrawal,"houston, us",atm,0
TXN00009056,CUST1400,2026-07-24 12:26:02,100.0,cash_withdrawal,"chicago, us",atm,0
TXN00009057,CUST1029,2026-07-24 12:34:26,961.64,travel,"los angeles, us",web,0
TXN00009058,CUST1472,2026-07-24 12:36:56,300.0,cash_withdrawal,"miami, us",atm,0
TXN00009059,CUST1395,2026-07-24 12:44:35,16.2,online_retail,"houston, us",web,0
TXN00009060,CUST1172,2026-07-24 12:50:05,43.1,grocery,"houston, us",atm,0
TXN00009061,CUST1179,2026-07-24 12:56:02,29.67,online_retail,"houston, us",web,0
TXN00009062,CUST1451,2026-07-24 13:00:50,88.1,transfer,"chicago, us",mobile,0
TXN00009063,CUST1419,2026-07-24 13:08:40,876.43,travel,"miami, us",mobile,0
TXN00009064,CUST1223,2026-07-24 13:16:37,521.61,travel,"chicago, us",mobile,0
TXN00009065,CUST1214,2026-07-24 13:20:37,200.0,cash_withdrawal,"chicago, us",atm,0
TXN00009066,CUST1477,2026-07-24 13:29:12,923.01,travel,"houston, us",web,0
TXN00009067,CUST1445,2026-07-24 13:37:32,278.84,travel,"chicago, us",atm,0
TXN00009068,CUST1062,2026-07-24 13:45:10,60.0,cash_withdrawal,"chicago, us",atm,0
TXN00009069,CUST1446,2026-07-24 13:49:49,769.46,travel,"houston, us",atm,0
TXN00009070,CUST1395,2026-07-24 13:51:28,60.0,cash_withdrawal,"miami, us",atm,0
TXN00009071,CUST1117,2026-07-24 13:53:53,60.0,cash_withdrawal,"chicago, us",atm,0
TXN00009072,CUST1383,2026-07-24 14:01:49,1011.58,travel,"new york, us",web,0
TXN00009073,CUST1335,2026-07-24 14:07:46,60.16,dining,"miami, us",web,0
TXN00009074,CUST1435,2026-07-24 14:10:54,100.0,cash_withdrawal,"new york, us",atm,0
TXN00009075,CUST1309,2026-07-24 14:18:38,2.65,dining,"chicago, us",pos,0
TXN00009076,CUST1476,2026-07-24 14:21:37,309.48,dining,"mumbai, in",web,1
TXN00009077,CUST1006,2026-07-24 14:25:07,508.05,travel,"miami, us",web,0
TXN00009078,CUST1325,2026-07-24 14:30:18,200.0,cash_withdrawal,"miami, us",atm,0
TXN00009079,CUST1399,2026-07-24 14:34:01,775.63,travel,"new york, us",mobile,0
TXN00009080,CUST1324,2026-07-24 14:42:14,266.89,travel,"houston, us",web,0
TXN00009081,CUST1196,2026-07-24 14:50:52,60.0,cash_withdrawal,"new york, us",atm,0
TXN00009082,CUST1028,2026-07-24 14:53:23,300.0,cash_withdrawal,"new york, us",atm,0
TXN00009083,CUST1157,2026-07-24 14:56:11,892.79,travel,"chicago, us",mobile,0
TXN00009084,CUST1269,2026-07-24 14:57:58,233.76,travel,"miami, us",mobile,0
TXN00009085,CUST1022,2026-07-24 14:58:29,432.89,travel,"chicago, us",pos,0
TXN00009086,CUST1164,2026-07-24 15:03:35,73.02,online_retail,"miami, us",mobile,0
TXN00009087,CUST1277,2026-07-24 15:08:11,89.32,online_retail,"miami, us",mobile,0
TXN00009088,CUST1290,2026-07-24 15:14:20,201.17,online_retail,"houston, us",web,0
TXN00009089,CUST1077,2026-07-24 15:17:25,60.36,grocery,"new york, us",web,0
TXN00009090,CUST1168,2026-07-24 15:24:42,40.36,dining,"new york, us",web,0
TXN00009091,CUST1258,2026-07-24 15:30:05,40.08,dining,"miami, us",pos,0
TXN00009092,CUST1358,2026-07-24 15:31:17,141.64,online_retail,"new york, us",mobile,0
TXN00009093,CUST1114,2026-07-24 15:35:08,28.17,dining,"chicago, us",pos,0
TXN00009094,CUST1079,2026-07-24 15:42:05,100.0,cash_withdrawal,"los angeles, us",atm,0
TXN00009095,CUST1026,2026-07-24 15:46:07,20.0,cash_withdrawal,"new york, us",atm,0
TXN00009096,CUST1345,2026-07-24 15:51:07,778.46,transfer,"houston, us",mobile,0
TXN00009097,CUST1375,2026-07-24 15:59:32,624.19,travel,"new york, us",pos,0
TXN00009098,CUST1202,2026-07-24 16:06:27,451.64,travel,"los angeles, us",pos,0
TXN00009099,CUST1498,2026-07-24 16:13:22,100.0,cash_withdrawal,"new york, us",atm,0
TXN00009100,CUST1229,2026-07-24 16:16:29,596.49,transfer,"houston, us",atm,0
TXN00009101,CUST1386,2026-07-24 16:19:06,724.72,travel,"new york, us",pos,0
TXN00009102,CUST1305,2026-07-24 16:20:12,12.88,online_retail,"houston, us",mobile,0
TXN00009103,CUST1295,2026-07-24 16:28:38,415.54,transfer,"los angeles, us",pos,0
TXN00009104,CUST1259,2026-07-24 16:28:52,33.16,dining,"houston, us",atm,0
TXN00009105,CUST1047,2026-07-24 16:33:17,415.71,online_retail,"miami, us",web,0
TXN00009106,CUST1114,2026-07-24 16:41:21,38.69,grocery,"houston, us",atm,0
TXN00009107,CUST1222,2026-07-24 16:47:21,78.88,dining,"chicago, us",pos,0
TXN00009108,CUST1149,2026-07-24 16:48:46,16.89,online_retail,"houston, us",web,0
TXN00009109,CUST1403,2026-07-24 16:52:54,49.12,grocery,"houston, us",mobile,0
TXN00009110,CUST1202,2026-07-24 16:58:52,62.4,grocery,"miami, us",web,0
TXN00009111,CUST1076,2026-07-24 17:00:18,18.68,dining,"miami, us",atm,0
TXN00009112,CUST1068,2026-07-24 17:04:55,587.11,travel,"new york, us",mobile,0
TXN00009113,CUST1173,2026-07-24 17:13:19,78.24,dining,"miami, us",mobile,0
TXN00009114,CUST1043,2026-07-24 17:15:57,63.28,dining,"new york, us",web,0
TXN00009115,CUST1244,2026-07-24 17:21:26,70.24,grocery,"chicago, us",atm,0
TXN00009116,CUST1293,2026-07-24 17:26:21,306.0,online_retail,"los angeles, us",mobile,0
TXN00009117,CUST1382,2026-07-24 17:32:11,40.0,cash_withdrawal,"houston, us",atm,0
TXN00009118,CUST1026,2026-07-24 17:33:44,50.37,grocery,"los angeles, us",web,0
TXN00009119,CUST1281,2026-07-24 17:36:29,300.0,cash_withdrawal,"chicago, us",atm,0
TXN00009120,CUST1205,2026-07-24 17:40:48,153.42,online_retail,"los angeles, us",web,0
TXN00009121,CUST1135,2026-07-24 17:43:25,71.21,dining,"chicago, us",pos,0
TXN00009122,CUST1044,2026-07-24 17:44:08,200.0,cash_withdrawal,"miami, us",atm,0
TXN00009123,CUST1205,2026-07-24 17:51:07,167.08,online_retail,"houston, us",web,0
TXN00009124,CUST1257,2026-07-24 17:53:47,112.1,travel,"miami, us",atm,0
TXN00009125,CUST1223,2026-07-24 17:54:04,59.81,grocery,"new york, us",atm,0
TXN00009126,CUST1397,2026-07-24 17:58:06,541.31,travel,"chicago, us",atm,0
TXN00009127,CUST1358,2026-07-24 17:58:36,55.87,grocery,"houston, us",mobile,0
TXN00009128,CUST1067,2026-07-24 18:00:37,23.3,dining,"new york, us",mobile,0
TXN00009129,CUST1391,2026-07-24 18:03:11,33.11,grocery,"houston, us",atm,0
TXN00009130,CUST1070,2026-07-24 18:10:23,228.16,travel,"houston, us",pos,0
TXN00009131,CUST1247,2026-07-24 18:15:36,92.35,transfer,"los angeles, us",web,0
TXN00009132,CUST1287,2026-07-24 18:16:49,28.96,grocery,"chicago, us",atm,0
TXN00009133,CUST1102,2026-07-24 18:17:26,1122.77,travel,"new york, us",atm,0
TXN00009134,CUST1250,2026-07-24 18:21:46,39.55,dining,"houston, us",mobile,0
TXN00009135,CUST1203,2026-07-24 18:24:32,259.45,online_retail,"miami, us",mobile,0
TXN00009136,CUST1334,2026-07-24 18:24:44,371.07,transfer,"new york, us",web,0
TXN00009137,CUST1293,2026-07-24 18:28:34,300.0,cash_withdrawal,"chicago, us",atm,0
TXN00009138,CUST1101,2026-07-24 18:31:44,49.13,grocery,"miami, us",web,0
TXN00009139,CUST1288,2026-07-24 18:37:32,100.0,cash_withdrawal,"houston, us",atm,0
TXN00009140,CUST1316,2026-07-24 18:44:49,203.58,online_retail,"los angeles, us",mobile,0
TXN00009141,CUST1377,2026-07-24 18:44:59,18.57,dining,"miami, us",atm,0
TXN00009142,CUST1269,2026-07-24 18:45:34,200.0,cash_withdrawal,"houston, us",atm,0
TXN00009143,CUST1127,2026-07-24 18:47:52,25.75,online_retail,"miami, us",mobile,0
TXN00009144,CUST1125,2026-07-24 18:49:12,66.84,grocery,"miami, us",mobile,0
TXN00009145,CUST1037,2026-07-24 18:52:21,55.38,dining,"new york, us",web,0
TXN00009146,CUST1137,2026-07-24 19:00:00,600.38,online_retail,"miami, us",mobile,0
TXN00009147,CUST1398,2026-07-24 19:02:35,224.27,transfer,"chicago, us",pos,0
TXN00009148,CUST1221,2026-07-24 19:09:27,29.45,dining,"los angeles, us",atm,0
TXN00009149,CUST1166,2026-07-24 19:16:56,61.78,grocery,"chicago, us",pos,0
TXN00009150,CUST1351,2026-07-24 19:21:23,43.42,transfer,"los angeles, us",atm,0
TXN00009151,CUST1474,2026-07-24 19:27:13,440.65,online_retail,"new york, us",mobile,0
TXN00009152,CUST1295,2026-07-24 19:35:33,156.28,transfer,"los angeles, us",atm,0
TXN00009153,CUST1046,2026-07-24 19:42:16,375.56,online_retail,"houston, us",mobile,0
TXN00009154,CUST1058,2026-07-24 19:47:13,40.0,cash_withdrawal,"miami, us",atm,0
TXN00009155,CUST1344,2026-07-24 19:48:42,4.45,dining,"houston, us",mobile,0
TXN00009156,CUST1212,2026-07-24 19:57:00,40.0,cash_withdrawal,"miami, us",atm,0
TXN00009157,CUST1217,2026-07-24 19:57:54,237.48,online_retail,"los angeles, us",mobile,0
TXN00009158,CUST1188,2026-07-24 20:04:09,200.0,cash_withdrawal,"new york, us",atm,0
TXN00009159,CUST1179,2026-07-24 20:06:37,221.24,online_retail,"miami, us",mobile,0
TXN00009160,CUST1098,2026-07-24 20:08:00,1001.98,travel,"houston, us",mobile,0
TXN00009161,CUST1165,2026-07-24 20:14:25,938.36,travel,"chicago, us",mobile,0
TXN00009162,CUST1177,2026-07-24 20:16:15,300.0,cash_withdrawal,"miami, us",atm,0
TXN00009163,CUST1305,2026-07-24 20:20:06,300.0,cash_withdrawal,"los angeles, us",atm,0
TXN00009164,CUST1336,2026-07-24 20:25:15,936.64,travel,"houston, us",atm,0
TXN00009165,CUST1013,2026-07-24 20:33:15,68.87,dining,"houston, us",web,0
TXN00009166,CUST1395,2026-07-24 20:34:06,672.84,travel,"houston, us",mobile,0
TXN00009167,CUST1157,2026-07-24 20:36:44,50.48,grocery,"houston, us",atm,0
TXN00009168,CUST1087,2026-07-24 20:38:46,415.36,transfer,"miami, us",atm,0
TXN00009169,CUST1180,2026-07-24 20:39:12,56.57,grocery,"los angeles, us",atm,0
TXN00009170,CUST1316,2026-07-24 20:43:24,20.0,cash_withdrawal,"los angeles, us",atm,0
TXN00009171,CUST1421,2026-07-24 20:51:31,8234.6,transfer,"houston, us",web,1
TXN00009172,CUST1412,2026-07-24 20:54:42,200.0,cash_withdrawal,"houston, us",atm,0
TXN00009173,CUST1227,2026-07-24 20:56:59,60.0,cash_withdrawal,"houston, us",atm,0
TXN00009174,CUST1320,2026-07-24 21:04:04,46.51,dining,"miami, us",atm,0
TXN00009175,CUST1075,2026-07-24 21:10:01,39.3,dining,"los angeles, us",atm,0
TXN00009176,CUST1226,2026-07-24 21:15:37,37.19,grocery,"chicago, us",pos,0
TXN00009177,CUST1023,2026-07-24 21:19:04,69.36,grocery,"new york, us",atm,0
TXN00009178,CUST1474,2026-07-24 21:22:50,97.99,online_retail,"miami, us",web,0
TXN00009179,CUST1419,2026-07-24 21:26:24,273.79,transfer,"los angeles, us",web,0
TXN00009180,CUST1120,2026-07-24 21:34:49,40.0,cash_withdrawal,"miami, us",atm,0
TXN00009181,CUST1103,2026-07-24 21:42:41,12906.06,transfer,"new york, us",mobile,1
TXN00009182,CUST1351,2026-07-24 21:43:41,613.8,travel,"chicago, us",mobile,0
TXN00009183,CUST1192,2026-07-24 21:51:28,42.15,dining,"houston, us",atm,0
TXN00009184,CUST1080,2026-07-24 21:53:51,20.0,cash_withdrawal,"new york, us",atm,0
TXN00009185,CUST1388,2026-07-24 22:01:52,40.0,cash_withdrawal,"los angeles, us",atm,0
TXN00009186,CUST1373,2026-07-24 22:04:36,31.38,dining,"los angeles, us",pos,0
TXN00009187,CUST1437,2026-07-24 22:09:51,980.26,online_retail,"tokyo, jp",mobile,1
TXN00009188,CUST1044,2026-07-24 22:12:40,71.41,transfer,"chicago, us",web,0
TXN00009189,CUST1058,2026-07-24 22:14:18,100.0,cash_withdrawal,"new york, us",atm,0
TXN00009190,CUST1379,2026-07-24 22:19:16,74.32,grocery,"houston, us",atm,0
TXN00009191,CUST1028,2026-07-24 22:23:09,73.8,transfer,"miami, us",web,0
TXN00009192,CUST1125,2026-07-24 22:29:06,74.51,grocery,"los angeles, us",pos,0
TXN00009193,CUST1486,2026-07-24 22:36:44,60.0,cash_withdrawal,"los angeles, us",atm,0
TXN00009194,CUST1318,2026-07-24 22:39:39,60.0,cash_withdrawal,"chicago, us",atm,0
TXN00009195,CUST1475,2026-07-24 22:46:40,258.97,travel,"houston, us",atm,0
TXN00009196,CUST1076,2026-07-24 22:51:46,76.38,transfer,"los angeles, us",pos,0
TXN00009197,CUST1445,2026-07-24 22:53:07,467.03,travel,"chicago, us",mobile,0
TXN00009198,CUST1427,2026-07-24 22:59:06,15014.03,online_retail,"new york, us",mobile,1
TXN00009199,CUST1420,2026-07-24 23:05:49,302.06,transfer,"los angeles, us",atm,0
TXN00009200,CUST1148,2026-07-24 23:07:41,39.54,grocery,"los angeles, us",pos,0
TXN00009201,CUST1008,2026-07-24 23:09:59,660.74,travel,"chicago, us",pos,0
TXN00009202,CUST1176,2026-07-24 23:11:18,691.98,transfer,"new york, us",web,0
TXN00009203,CUST1356,2026-07-24 23:15:01,83.96,online_retail,"los angeles, us",mobile,0
TXN00009204,CUST1412,2026-07-24 23:19:54,502.87,travel,"houston, us",web,0
TXN00009205,CUST1057,2026-07-24 23:21:46,1.47,dining,"new york, us",mobile,0
TXN00009206,CUST1157,2026-07-24 23:24:30,200.0,cash_withdrawal,"los angeles, us",atm,0
TXN00009207,CUST1231,2026-07-24 23:27:16,200.0,cash_withdrawal,"new york, us",atm,0
TXN00009208,CUST1242,2026-07-24 23:28:09,168.32,transfer,"los angeles, us",pos,0
TXN00009209,CUST1012,2026-07-24 23:30:51,55.33,dining,"chicago, us",web,0
TXN00009210,CUST1170,2026-07-24 23:35:51,476.32,transfer,"houston, us",web,0
TXN00009211,CUST1108,2026-07-24 23:43:55,300.0,cash_withdrawal,"houston, us",atm,0
TXN00009212,CUST1379,2026-07-24 23:49:26,821.26,transfer,"new york, us",atm,0
TXN00009213,CUST1276,2026-07-24 23:53:32,20.0,cash_withdrawal,"los angeles, us",atm,0
TXN00009214,CUST1109,2026-07-24 23:58:21,60.0,cash_withdrawal,"houston, us",atm,0
TXN00009215,CUST1105,2026-07-25 00:00:04,52.3,online_retail,"los angeles, us",mobile,0
TXN00009216,CUST1280,2026-07-25 00:03:26,496.53,travel,"chicago, us",mobile,0
TXN00009217,CUST1268,2026-07-25 00:10:16,278.09,transfer,"chicago, us",mobile,0
TXN00009218,CUST1385,2026-07-25 00:17:54,40.0,cash_withdrawal,"chicago, us",atm,0
TXN00009219,CUST1133,2026-07-25 00:25:10,55.96,dining,"chicago, us",pos,0
TXN00009220,CUST1281,2026-07-25 00:29:03,28.9,dining,"new york, us",web,0
TXN00009221,CUST1248,2026-07-25 00:30:02,20.0,cash_withdrawal,"houston, us",atm,0
TXN00009222,CUST1319,2026-07-25 00:31:22,300.0,cash_withdrawal,"chicago, us",atm,0
TXN00009223,CUST1374,2026-07-25 00:36:01,603.04,travel,"los angeles, us",atm,0
TXN00009224,CUST1073,2026-07-25 00:39:57,48.61,grocery,"new york, us",web,0
TXN00009225,CUST1356,2026-07-25 00:46:02,60.0,cash_withdrawal,"houston, us",atm,0
TXN00009226,CUST1358,2026-07-25 00:48:52,60.0,cash_withdrawal,"chicago, us",atm,0
TXN00009227,CUST1343,2026-07-25 00:53:19,30.93,grocery,"miami, us",mobile,0
TXN00009228,CUST1010,2026-07-25 01:01:27,16.94,dining,"new york, us",mobile,0
TXN00009229,CUST1193,2026-07-25 01:07:27,64.52,grocery,"los angeles, us",mobile,0
TXN00009230,CUST1299,2026-07-25 01:13:41,150.93,online_retail,"houston, us",mobile,0
TXN00009231,CUST1464,2026-07-25 01:16:54,47.98,dining,"los angeles, us",mobile,0
TXN00009232,CUST1340,2026-07-25 01:21:03,43.26,grocery,"chicago, us",web,0
TXN00009233,CUST1270,2026-07-25 01:24:14,239.88,transfer,"miami, us",web,0
TXN00009234,CUST1023,2026-07-25 01:28:02,60.1,grocery,"new york, us",pos,0
TXN00009235,CUST1131,2026-07-25 01:32:10,199.64,transfer,"chicago, us",pos,0
TXN00009236,CUST1088,2026-07-25 01:35:55,23.51,transfer,"houston, us",web,0
TXN00009237,CUST1031,2026-07-25 01:44:17,79.06,dining,"miami, us",atm,0
TXN00009238,CUST1146,2026-07-25 01:47:57,53.74,dining,"houston, us",web,0
TXN00009239,CUST1103,2026-07-25 01:52:03,73.04,grocery,"miami, us",web,0
TXN00009240,CUST1405,2026-07-25 01:52:27,51.95,dining,"los angeles, us",mobile,0
TXN00009241,CUST1357,2026-07-25 02:00:24,274.13,transfer,"chicago, us",mobile,0
TXN00009242,CUST1317,2026-07-25 02:05:20,200.0,cash_withdrawal,"chicago, us",atm,0
TXN00009243,CUST1139,2026-07-25 02:05:43,100.0,cash_withdrawal,"miami, us",atm,0
TXN00009244,CUST1028,2026-07-25 02:14:03,20.0,cash_withdrawal,"miami, us",atm,0
TXN00009245,CUST1239,2026-07-25 02:20:45,26.7,grocery,"miami, us",web,0
TXN00009246,CUST1336,2026-07-25 02:24:30,40.0,cash_withdrawal,"new york, us",atm,0
TXN00009247,CUST1484,2026-07-25 02:25:25,22.45,online_retail,"miami, us",mobile,0
TXN00009248,CUST1005,2026-07-25 02:32:01,188.43,transfer,"miami, us",pos,0
TXN00009249,CUST1035,2026-07-25 02:33:22,262.45,transfer,"new york, us",atm,0
TXN00009250,CUST1199,2026-07-25 02:38:46,53.32,dining,"houston, us",web,0
TXN00009251,CUST1339,2026-07-25 02:46:40,139.58,transfer,"houston, us",atm,0
TXN00009252,CUST1139,2026-07-25 02:49:24,15806.51,transfer,"houston, us",web,1
TXN00009253,CUST1340,2026-07-25 02:56:16,329.65,transfer,"miami, us",atm,0
TXN00009254,CUST1437,2026-07-25 02:58:30,894.12,travel,"chicago, us",mobile,0
TXN00009255,CUST1468,2026-07-25 03:03:37,20.0,cash_withdrawal,"los angeles, us",atm,0
TXN00009256,CUST1338,2026-07-25 03:08:09,24.57,dining,"los angeles, us",mobile,0
TXN00009257,CUST1185,2026-07-25 03:11:30,20.0,cash_withdrawal,"houston, us",atm,0
TXN00009258,CUST1443,2026-07-25 03:12:45,69.36,grocery,"miami, us",mobile,0
TXN00009259,CUST1056,2026-07-25 03:18:12,67.93,dining,"miami, us",pos,0
TXN00009260,CUST1010,2026-07-25 03:23:00,535.0,travel,"los angeles, us",web,0
TXN00009261,CUST1150,2026-07-25 03:30:50,40.57,dining,"chicago, us",pos,0
TXN00009262,CUST1445,2026-07-25 03:35:49,696.2,online_retail,"london, uk",mobile,1
TXN00009263,CUST1453,2026-07-25 03:43:28,300.0,cash_withdrawal,"miami, us",atm,0
TXN00009264,CUST1333,2026-07-25 03:46:08,80.75,online_retail,"new york, us",web,0
TXN00009265,CUST1198,2026-07-25 03:46:45,27.32,grocery,"houston, us",atm,0
TXN00009266,CUST1119,2026-07-25 03:53:21,300.0,cash_withdrawal,"new york, us",atm,0
TXN00009267,CUST1195,2026-07-25 04:00:43,300.0,cash_withdrawal,"chicago, us",atm,0
TXN00009268,CUST1261,2026-07-25 04:04:14,733.74,travel,"new york, us",atm,0
TXN00009269,CUST1364,2026-07-25 04:05:28,450.79,travel,"chicago, us",atm,0
TXN00009270,CUST1051,2026-07-25 04:09:04,107.1,online_retail,"houston, us",web,0
TXN00009271,CUST1463,2026-07-25 04:14:57,323.04,travel,"chicago, us",atm,0
TXN00009272,CUST1162,2026-07-25 04:15:10,125.32,transfer,"new york, us",web,0
TXN00009273,CUST1249,2026-07-25 04:19:16,237.04,transfer,"los angeles, us",mobile,0
TXN00009274,CUST1444,2026-07-25 04:26:19,37.12,online_retail,"houston, us",web,0
TXN00009275,CUST1306,2026-07-25 04:32:59,40.0,cash_withdrawal,"los angeles, us",atm,0
TXN00009276,CUST1273,2026-07-25 04:40:36,76.54,grocery,"miami, us",mobile,0
TXN00009277,CUST1046,2026-07-25 04:45:11,649.88,travel,"chicago, us",mobile,0
TXN00009278,CUST1096,2026-07-25 04:49:16,1099.32,travel,"houston, us",pos,0
TXN00009279,CUST1102,2026-07-25 04:56:35,72.46,online_retail,"miami, us",mobile,0
TXN00009280,CUST1257,2026-07-25 04:57:12,20.35,dining,"los angeles, us",web,0
TXN00009281,CUST1495,2026-07-25 04:58:05,768.78,travel,"los angeles, us",web,0
TXN00009282,CUST1235,2026-07-25 04:58:43,5.68,dining,"houston, us",pos,0
TXN00009283,CUST1288,2026-07-25 05:01:11,1277.7,travel,"new york, us",mobile,0
TXN00009284,CUST1475,2026-07-25 05:08:25,584.06,travel,"new york, us",atm,0
TXN00009285,CUST1365,2026-07-25 05:16:59,121.34,transfer,"los angeles, us",atm,0
TXN00009286,CUST1012,2026-07-25 05:22:41,200.0,cash_withdrawal,"miami, us",atm,0
TXN00009287,CUST1021,2026-07-25 05:23:45,26.0,dining,"new york, us",mobile,0
TXN00009288,CUST1127,2026-07-25 05:26:45,544.05,travel,"los angeles, us",mobile,0
TXN00009289,CUST1473,2026-07-25 05:31:59,14.84,dining,"houston, us",mobile,0
TXN00009290,CUST1272,2026-07-25 05:32:58,635.65,transfer,"new york, us",atm,0
TXN00009291,CUST1157,2026-07-25 05:40:08,57.58,dining,"houston, us",pos,0
TXN00009292,CUST1171,2026-07-25 05:42:46,219.07,transfer,"houston, us",pos,0
TXN00009293,CUST1251,2026-07-25 05:47:45,43.5,dining,"houston, us",pos,0
TXN00009294,CUST1202,2026-07-25 05:52:01,82.18,online_retail,"los angeles, us",web,0
TXN00009295,CUST1382,2026-07-25 05:58:04,117.09,travel,"chicago, us",pos,0
TXN00009296,CUST1081,2026-07-25 06:01:03,20.0,cash_withdrawal,"new york, us",atm,0
TXN00009297,CUST1010,2026-07-25 06:08:35,300.0,cash_withdrawal,"miami, us",atm,0
TXN00009298,CUST1178,2026-07-25 06:09:16,269.24,transfer,"los angeles, us",atm,0
TXN00009299,CUST1351,2026-07-25 06:10:28,300.0,cash_withdrawal,"houston, us",atm,0
TXN00009300,CUST1181,2026-07-25 06:16:57,21.95,grocery,"new york, us",mobile,0
TXN00009301,CUST1182,2026-07-25 06:22:06,36.24,grocery,"los angeles, us",pos,0
TXN00009302,CUST1321,2026-07-25 06:28:01,195.79,online_retail,"chicago, us",web,0
TXN00009303,CUST1155,2026-07-25 06:32:32,865.31,travel,"new york, us",mobile,0
TXN00009304,CUST1121,2026-07-25 06:39:00,491.65,travel,"houston, us",pos,0
TXN00009305,CUST1257,2026-07-25 06:45:17,1038.3,travel,"chicago, us",web,0
TXN00009306,CUST1142,2026-07-25 06:45:54,100.0,cash_withdrawal,"chicago, us",atm,0
TXN00009307,CUST1416,2026-07-25 06:52:03,27.05,online_retail,"houston, us",web,0
TXN00009308,CUST1032,2026-07-25 06:53:57,32.7,dining,"new york, us",mobile,0
TXN00009309,CUST1321,2026-07-25 06:58:31,57.11,grocery,"los angeles, us",mobile,0
TXN00009310,CUST1132,2026-07-25 06:59:54,53.92,dining,"miami, us",web,0
TXN00009311,CUST1450,2026-07-25 07:04:51,43.03,grocery,"houston, us",web,0
TXN00009312,CUST1199,2026-07-25 07:11:20,67.03,online_retail,"miami, us",web,0
TXN00009313,CUST1456,2026-07-25 07:19:45,1139.79,transfer,"chicago, us",mobile,0
TXN00009314,CUST1418,2026-07-25 07:24:08,109.05,transfer,"miami, us",atm,0
TXN00009315,CUST1016,2026-07-25 07:25:27,101.36,online_retail,"new york, us",web,0
TXN00009316,CUST1484,2026-07-25 07:27:31,20.0,cash_withdrawal,"chicago, us",atm,0
TXN00009317,CUST1285,2026-07-25 07:35:19,44.33,grocery,"new york, us",atm,0
TXN00009318,CUST1486,2026-07-25 07:41:14,29.14,transfer,"houston, us",atm,0
TXN00009319,CUST1144,2026-07-25 07:46:51,85.93,online_retail,"los angeles, us",mobile,0
TXN00009320,CUST1116,2026-07-25 07:54:17,745.02,travel,"miami, us",mobile,0
TXN00009321,CUST1078,2026-07-25 02:55:46,4858.78,transfer,"houston, us",mobile,1
TXN00009322,CUST1175,2026-07-25 07:58:30,41.83,dining,"los angeles, us",mobile,0
TXN00009323,CUST1460,2026-07-25 08:04:01,648.36,travel,"houston, us",web,0
TXN00009324,CUST1202,2026-07-25 08:06:50,927.47,travel,"new york, us",mobile,0
TXN00009325,CUST1337,2026-07-25 08:13:08,5611.78,online_retail,"miami, us",mobile,1
TXN00009326,CUST1071,2026-07-25 08:21:44,781.04,travel,"chicago, us",atm,0
TXN00009327,CUST1045,2026-07-25 08:29:53,4.54,dining,"new york, us",pos,0
TXN00009328,CUST1374,2026-07-25 08:30:06,39.27,grocery,"chicago, us",pos,0
TXN00009329,CUST1196,2026-07-25 08:37:08,60.0,cash_withdrawal,"los angeles, us",atm,0
TXN00009330,CUST1267,2026-07-25 08:41:26,26.12,dining,"los angeles, us",pos,0
TXN00009331,CUST1492,2026-07-25 08:46:55,702.75,travel,"houston, us",atm,0
TXN00009332,CUST1348,2026-07-25 08:52:57,300.0,cash_withdrawal,"houston, us",atm,0
TXN00009333,CUST1314,2026-07-25 08:54:49,57.91,grocery,"miami, us",pos,0
TXN00009334,CUST1447,2026-07-25 08:55:57,169.64,transfer,"houston, us",mobile,0
TXN00009335,CUST1321,2026-07-25 08:56:41,1.68,grocery,"los angeles, us",atm,0
TXN00009336,CUST1352,2026-07-25 08:56:51,53.83,online_retail,"new york, us",mobile,0
TXN00009337,CUST1117,2026-07-25 08:58:19,115.49,online_retail,"miami, us",mobile,0
TXN00009338,CUST1214,2026-07-25 09:03:38,14.65,online_retail,"houston, us",web,0
TXN00009339,CUST1124,2026-07-25 09:11:18,31.2,online_retail,"miami, us",mobile,0
TXN00009340,CUST1294,2026-07-25 09:12:29,673.02,transfer,"los angeles, us",web,0
TXN00009341,CUST1079,2026-07-25 09:17:05,437.91,transfer,"chicago, us",atm,0
TXN00009342,CUST1219,2026-07-25 09:18:04,55.93,grocery,"chicago, us",atm,0
TXN00009343,CUST1497,2026-07-25 09:20:20,92.45,online_retail,"chicago, us",mobile,0
TXN00009344,CUST1160,2026-07-25 09:22:14,238.41,transfer,"los angeles, us",web,0
TXN00009345,CUST1466,2026-07-25 09:23:17,60.0,cash_withdrawal,"new york, us",atm,0
TXN00009346,CUST1310,2026-07-25 09:27:29,158.61,transfer,"miami, us",mobile,0
TXN00009347,CUST1169,2026-07-25 09:27:51,300.0,cash_withdrawal,"miami, us",atm,0
TXN00009348,CUST1230,2026-07-25 09:35:07,425.02,transfer,"houston, us",atm,0
TXN00009349,CUST1278,2026-07-25 09:39:35,60.3,grocery,"new york, us",mobile,0
TXN00009350,CUST1068,2026-07-25 09:43:32,202.35,online_retail,"miami, us",web,0
TXN00009351,CUST1106,2026-07-25 09:47:02,61.12,grocery,"chicago, us",web,0
TXN00009352,CUST1335,2026-07-25 09:47:40,27.92,dining,"houston, us",mobile,0
TXN00009353,CUST1071,2026-07-25 09:55:44,100.0,cash_withdrawal,"houston, us",atm,0
TXN00009354,CUST1298,2026-07-25 09:56:56,33.48,grocery,"chicago, us",atm,0
TXN00009355,CUST1278,2026-07-25 09:59:39,210.38,transfer,"chicago, us",mobile,0
TXN00009356,CUST1351,2026-07-25 10:03:16,891.94,travel,"houston, us",web,0
TXN00009357,CUST1410,2026-07-25 10:07:33,100.0,cash_withdrawal,"chicago, us",atm,0
TXN00009358,CUST1104,2026-07-25 10:16:06,100.0,cash_withdrawal,"chicago, us",atm,0
TXN00009359,CUST1442,2026-07-25 10:17:50,38.37,grocery,"miami, us",web,0
TXN00009360,CUST1071,2026-07-25 10:24:59,40.0,cash_withdrawal,"chicago, us",atm,0
TXN00009361,CUST1159,2026-07-25 10:27:09,69.93,online_retail,"miami, us",web,0
TXN00009362,CUST1353,2026-07-25 10:34:29,34.25,dining,"new york, us",atm,0
TXN00009363,CUST1362,2026-07-25 10:41:53,300.0,cash_withdrawal,"miami, us",atm,0
TXN00009364,CUST1461,2026-07-25 10:46:42,19.39,dining,"chicago, us",pos,0
TXN00009365,CUST1269,2026-07-25 10:49:05,32.17,grocery,"houston, us",web,0
TXN00009366,CUST1466,2026-07-25 10:56:15,79.83,grocery,"los angeles, us",mobile,0
TXN00009367,CUST1070,2026-07-25 11:01:38,49.67,grocery,"chicago, us",mobile,0
TXN00009368,CUST1221,2026-07-25 11:07:36,100.0,cash_withdrawal,"houston, us",atm,0
TXN00009369,CUST1466,2026-07-25 11:11:30,38.28,grocery,"chicago, us",mobile,0
TXN00009370,CUST1500,2026-07-25 11:18:59,191.68,online_retail,"miami, us",mobile,0
TXN00009371,CUST1395,2026-07-25 11:24:45,235.98,transfer,"chicago, us",pos,0
TXN00009372,CUST1075,2026-07-25 11:30:10,502.58,travel,"houston, us",pos,0
TXN00009373,CUST1336,2026-07-25 11:31:23,60.31,grocery,"chicago, us",atm,0
TXN00009374,CUST1478,2026-07-25 11:35:14,896.62,travel,"miami, us",pos,0
TXN00009375,CUST1290,2026-07-25 11:36:38,245.53,online_retail,"houston, us",web,0
TXN00009376,CUST1470,2026-07-25 11:42:13,2.17,dining,"new york, us",atm,0
TXN00009377,CUST1081,2026-07-25 11:42:34,63.74,dining,"los angeles, us",pos,0
TXN00009378,CUST1163,2026-07-25 11:44:18,63.65,transfer,"houston, us",mobile,0
TXN00009379,CUST1035,2026-07-25 11:45:40,20.7,dining,"new york, us",mobile,0
TXN00009380,CUST1286,2026-07-25 11:52:49,410.38,travel,"chicago, us",pos,0
TXN00009381,CUST1273,2026-07-25 11:59:20,260.08,online_retail,"houston, us",mobile,0
TXN00009382,CUST1486,2026-07-25 12:05:06,100.0,cash_withdrawal,"miami, us",atm,0
TXN00009383,CUST1369,2026-07-25 12:07:19,43.32,grocery,"miami, us",web,0
TXN00009384,CUST1061,2026-07-25 12:08:56,782.44,travel,"houston, us",mobile,0
TXN00009385,CUST1095,2026-07-25 12:13:27,36.03,grocery,"los angeles, us",pos,0
TXN00009386,CUST1163,2026-07-25 12:19:56,40.0,cash_withdrawal,"los angeles, us",atm,0
TXN00009387,CUST1430,2026-07-25 12:26:04,40.86,dining,"los angeles, us",pos,0
TXN00009388,CUST1451,2026-07-25 12:30:53,200.0,cash_withdrawal,"new york, us",atm,0
TXN00009389,CUST1075,2026-07-25 12:32:45,126.49,online_retail,"los angeles, us",mobile,0
TXN00009390,CUST1373,2026-07-25 12:36:58,53.74,dining,"new york, us",atm,0
TXN00009391,CUST1016,2026-07-25 12:41:13,1.0,dining,"chicago, us",atm,0
TXN00009392,CUST1392,2026-07-25 12:43:51,31.13,dining,"new york, us",mobile,0
TXN00009393,CUST1164,2026-07-25 12:46:29,300.0,cash_withdrawal,"new york, us",atm,0
TXN00009394,CUST1451,2026-07-25 12:52:20,106.84,online_retail,"chicago, us",mobile,0
TXN00009395,CUST1499,2026-07-25 12:53:21,300.0,cash_withdrawal,"new york, us",atm,0
TXN00009396,CUST1212,2026-07-25 13:01:42,200.0,cash_withdrawal,"los angeles, us",atm,0
TXN00009397,CUST1493,2026-07-25 13:06:53,43.16,dining,"miami, us",pos,0
TXN00009398,CUST1211,2026-07-25 13:11:15,853.05,transfer,"new york, us",mobile,0
TXN00009399,CUST1156,2026-07-25 13:14:33,608.36,travel,"new york, us",web,0
TXN00009400,CUST1227,2026-07-25 13:20:24,1121.94,travel,"new york, us",pos,0
TXN00009401,CUST1382,2026-07-25 13:22:54,60.0,cash_withdrawal,"los angeles, us",atm,0
TXN00009402,CUST1479,2026-07-25 13:26:24,20.0,cash_withdrawal,"miami, us",atm,0
TXN00009403,CUST1421,2026-07-25 13:29:51,493.42,travel,"chicago, us",pos,0
TXN00009404,CUST1458,2026-07-25 13:35:58,35.32,dining,"new york, us",mobile,0
TXN00009405,CUST1327,2026-07-25 13:42:57,499.59,online_retail,"miami, us",web,0
TXN00009406,CUST1478,2026-07-25 13:44:01,181.25,transfer,"new york, us",atm,0
TXN00009407,CUST1379,2026-07-25 13:48:08,147.85,online_retail,"miami, us",mobile,0
TXN00009408,CUST1141,2026-07-25 13:51:51,391.16,transfer,"chicago, us",mobile,0
TXN00009409,CUST1078,2026-07-25 13:58:57,40.0,cash_withdrawal,"houston, us",atm,0
TXN00009410,CUST1399,2026-07-25 14:02:44,57.27,dining,"los angeles, us",atm,0
TXN00009411,CUST1097,2026-07-25 14:04:09,100.0,cash_withdrawal,"los angeles, us",atm,0
TXN00009412,CUST1055,2026-07-25 14:04:33,52.12,grocery,"los angeles, us",atm,0
TXN00009413,CUST1068,2026-07-25 14:07:08,75.1,grocery,"houston, us",mobile,0
TXN00009414,CUST1095,2026-07-25 14:11:12,20.0,cash_withdrawal,"chicago, us",atm,0
TXN00009415,CUST1014,2026-07-25 14:12:23,56.91,online_retail,"new york, us",web,0
TXN00009416,CUST1391,2026-07-25 14:17:21,16649.1,transfer,"new york, us",mobile,1
TXN00009417,CUST1314,2026-07-25 14:20:50,1095.02,travel,"miami, us",web,0
TXN00009418,CUST1316,2026-07-25 14:21:05,760.59,travel,"miami, us",atm,0
TXN00009419,CUST1137,2026-07-25 14:26:12,136.98,transfer,"los angeles, us",mobile,0
TXN00009420,CUST1311,2026-07-25 14:28:57,85.51,grocery,"new york, us",atm,0
TXN00009421,CUST1291,2026-07-25 14:29:24,20.0,cash_withdrawal,"houston, us",atm,0
TXN00009422,CUST1314,2026-07-25 14:35:04,44.33,grocery,"los angeles, us",web,0
TXN00009423,CUST1119,2026-07-25 14:40:47,100.0,cash_withdrawal,"houston, us",atm,0
TXN00009424,CUST1306,2026-07-25 14:48:34,277.26,travel,"los angeles, us",mobile,0
TXN00009425,CUST1119,2026-07-25 14:54:20,499.11,online_retail,"chicago, us",web,0
TXN00009426,CUST1119,2026-07-25 14:59:47,20.0,cash_withdrawal,"houston, us",atm,0
TXN00009427,CUST1352,2026-07-25 02:03:44,4824.54,transfer,"los angeles, us",atm,1
TXN00009428,CUST1014,2026-07-25 15:04:15,417.19,transfer,"miami, us",pos,0
TXN00009429,CUST1184,2026-07-25 15:12:09,43.9,grocery,"miami, us",atm,0
TXN00009430,CUST1041,2026-07-25 15:20:03,40.0,cash_withdrawal,"chicago, us",atm,0
TXN00009431,CUST1353,2026-07-25 15:23:14,178.82,transfer,"houston, us",web,0
TXN00009432,CUST1400,2026-07-25 15:31:36,151.61,transfer,"miami, us",atm,0
TXN00009433,CUST1245,2026-07-25 15:32:57,7.52,dining,"miami, us",pos,0
TXN00009434,CUST1069,2026-07-25 15:37:06,127.85,online_retail,"new york, us",web,0
TXN00009435,CUST1258,2026-07-25 15:44:47,255.23,transfer,"los angeles, us",web,0
TXN00009436,CUST1434,2026-07-25 15:51:07,200.0,cash_withdrawal,"chicago, us",atm,0
TXN00009437,CUST1310,2026-07-25 15:55:11,25.1,grocery,"miami, us",web,0
TXN00009438,CUST1241,2026-07-25 15:57:42,226.24,transfer,"los angeles, us",mobile,0
TXN00009439,CUST1365,2026-07-25 15:57:56,31.72,online_retail,"miami, us",web,0
TXN00009440,CUST1333,2026-07-25 16:06:28,100.0,cash_withdrawal,"chicago, us",atm,0
TXN00009441,CUST1192,2026-07-25 16:07:59,225.6,transfer,"los angeles, us",atm,0
TXN00009442,CUST1095,2026-07-25 16:11:12,75.58,transfer,"miami, us",mobile,0
TXN00009443,CUST1437,2026-07-25 16:15:38,60.45,transfer,"miami, us",pos,0
TXN00009444,CUST1199,2026-07-25 16:23:06,640.16,travel,"miami, us",pos,0
TXN00009445,CUST1252,2026-07-25 16:30:36,59.93,grocery,"new york, us",web,0
TXN00009446,CUST1243,2026-07-25 16:35:03,200.0,cash_withdrawal,"new york, us",atm,0
TXN00009447,CUST1071,2026-07-25 16:37:00,19.22,dining,"miami, us",mobile,0
TXN00009448,CUST1084,2026-07-25 16:40:08,200.0,cash_withdrawal,"new york, us",atm,0
TXN00009449,CUST1099,2026-07-25 16:48:00,75.31,grocery,"miami, us",pos,0
TXN00009450,CUST1116,2026-07-25 16:54:11,60.0,cash_withdrawal,"miami, us",atm,0
TXN00009451,CUST1017,2026-07-25 16:58:49,44.9,dining,"miami, us",pos,0
TXN00009452,CUST1210,2026-07-25 17:02:18,229.91,online_retail,"miami, us",web,0
TXN00009453,CUST1392,2026-07-25 17:06:50,200.0,cash_withdrawal,"houston, us",atm,0
TXN00009454,CUST1497,2026-07-25 17:07:32,20.0,cash_withdrawal,"houston, us",atm,0
TXN00009455,CUST1008,2026-07-25 17:09:11,78.96,online_retail,"new york, us",web,0
TXN00009456,CUST1474,2026-07-25 17:14:56,492.88,online_retail,"new york, us",mobile,0
TXN00009457,CUST1139,2026-07-25 17:16:23,60.9,grocery,"chicago, us",atm,0
TXN00009458,CUST1487,2026-07-25 17:19:33,54.78,grocery,"miami, us",web,0
TXN00009459,CUST1212,2026-07-25 17:25:18,76.69,transfer,"chicago, us",atm,0
TXN00009460,CUST1114,2026-07-25 17:31:36,114.81,transfer,"miami, us",pos,0
TXN00009461,CUST1381,2026-07-25 17:36:34,300.0,cash_withdrawal,"new york, us",atm,0
TXN00009462,CUST1344,2026-07-25 17:39:37,268.17,online_retail,"paris, fr",web,1
TXN00009463,CUST1104,2026-07-25 17:43:42,54.32,grocery,"chicago, us",web,0
TXN00009464,CUST1388,2026-07-25 17:49:58,114.79,transfer,"chicago, us",atm,0
TXN00009465,CUST1105,2026-07-25 17:57:27,300.08,online_retail,"los angeles, us",mobile,0
TXN00009466,CUST1034,2026-07-25 18:04:19,29.72,transfer,"new york, us",atm,0
TXN00009467,CUST1091,2026-07-25 18:05:40,552.97,travel,"los angeles, us",pos,0
TXN00009468,CUST1475,2026-07-25 18:08:12,511.83,travel,"new york, us",pos,0
TXN00009469,CUST1489,2026-07-25 18:15:03,444.82,travel,"houston, us",web,0
TXN00009470,CUST1225,2026-07-25 18:21:43,100.0,cash_withdrawal,"houston, us",atm,0
TXN00009471,CUST1444,2026-07-25 18:27:30,426.3,travel,"los angeles, us",mobile,0
TXN00009472,CUST1316,2026-07-25 18:30:15,40.0,cash_withdrawal,"chicago, us",atm,0
TXN00009473,CUST1251,2026-07-25 18:38:17,499.76,transfer,"miami, us",mobile,0
TXN00009474,CUST1353,2026-07-25 18:41:48,134.22,online_retail,"new york, us",web,0
TXN00009475,CUST1167,2026-07-25 18:42:32,597.27,travel,"los angeles, us",pos,0
TXN00009476,CUST1444,2026-07-25 18:50:31,38.47,dining,"new york, us",mobile,0
TXN00009477,CUST1235,2026-07-25 18:57:50,35.98,grocery,"new york, us",web,0
TXN00009478,CUST1455,2026-07-25 19:03:30,179.12,online_retail,"chicago, us",mobile,0
TXN00009479,CUST1127,2026-07-25 19:07:47,544.23,travel,"los angeles, us",web,0
TXN00009480,CUST1219,2026-07-25 19:11:09,864.18,travel,"miami, us",web,0
TXN00009481,CUST1208,2026-07-25 19:19:31,841.7,travel,"houston, us",pos,0
TXN00009482,CUST1398,2026-07-25 19:23:42,54.38,dining,"chicago, us",pos,0
TXN00009483,CUST1022,2026-07-25 19:29:02,100.0,cash_withdrawal,"miami, us",atm,0
TXN00009484,CUST1312,2026-07-25 19:34:49,1054.94,travel,"miami, us",pos,0
TXN00009485,CUST1377,2026-07-25 19:36:31,579.23,travel,"houston, us",pos,0
TXN00009486,CUST1423,2026-07-25 19:41:35,100.0,cash_withdrawal,"miami, us",atm,0
TXN00009487,CUST1195,2026-07-25 19:47:47,762.22,travel,"chicago, us",atm,0
TXN00009488,CUST1369,2026-07-25 19:55:51,147.18,online_retail,"new york, us",web,0
TXN00009489,CUST1161,2026-07-25 20:00:20,55.09,dining,"chicago, us",atm,0
TXN00009490,CUST1202,2026-07-25 20:07:07,39.18,dining,"los angeles, us",web,0
TXN00009491,CUST1314,2026-07-25 20:12:54,200.0,cash_withdrawal,"chicago, us",atm,0
TXN00009492,CUST1481,2026-07-25 20:17:33,40.04,dining,"miami, us",pos,0
TXN00009493,CUST1381,2026-07-25 20:19:55,184.21,online_retail,"chicago, us",web,0
TXN00009494,CUST1293,2026-07-25 20:21:11,23.75,dining,"chicago, us",mobile,0
TXN00009495,CUST1305,2026-07-25 20:27:18,490.93,transfer,"houston, us",web,0
TXN00009496,CUST1275,2026-07-25 20:30:13,808.41,travel,"new york, us",atm,0
TXN00009497,CUST1269,2026-07-25 20:35:24,43.38,dining,"new york, us",mobile,0
TXN00009498,CUST1329,2026-07-25 20:43:43,100.0,cash_withdrawal,"new york, us",atm,0
TXN00009499,CUST1449,2026-07-25 20:48:50,874.15,transfer,"houston, us",pos,0
TXN00009500,CUST1361,2026-07-25 20:51:58,37.06,dining,"chicago, us",pos,0
TXN00009501,CUST1403,2026-07-25 20:57:07,200.0,cash_withdrawal,"new york, us",atm,0
TXN00009502,CUST1020,2026-07-25 21:02:33,40.15,grocery,"los angeles, us",pos,0
TXN00009503,CUST1267,2026-07-25 21:09:47,27.12,transfer,"miami, us",atm,0
TXN00009504,CUST1056,2026-07-25 21:13:23,708.37,travel,"new york, us",mobile,0
TXN00009505,CUST1232,2026-07-25 21:14:07,372.52,online_retail,"houston, us",mobile,0
TXN00009506,CUST1234,2026-07-25 21:14:40,98.61,travel,"chicago, us",web,0
TXN00009507,CUST1424,2026-07-25 21:15:05,43.66,dining,"miami, us",mobile,0
TXN00009508,CUST1450,2026-07-25 21:22:31,60.0,cash_withdrawal,"miami, us",atm,0
TXN00009509,CUST1022,2026-07-25 21:28:56,123.93,online_retail,"chicago, us",web,0
TXN00009510,CUST1450,2026-07-25 21:30:27,60.0,cash_withdrawal,"houston, us",atm,0
TXN00009511,CUST1126,2026-07-25 21:32:35,40.0,cash_withdrawal,"chicago, us",atm,0
TXN00009512,CUST1266,2026-07-25 21:33:34,391.43,travel,"miami, us",web,0
TXN00009513,CUST1276,2026-07-25 21:39:24,720.08,travel,"new york, us",atm,0
TXN00009514,CUST1203,2026-07-25 21:40:28,403.35,online_retail,"miami, us",mobile,0
TXN00009515,CUST1377,2026-07-25 21:44:53,529.77,travel,"chicago, us",pos,0
TXN00009516,CUST1021,2026-07-25 21:53:01,87.28,online_retail,"miami, us",mobile,0
TXN00009517,CUST1286,2026-07-25 21:58:58,100.0,cash_withdrawal,"chicago, us",atm,0
TXN00009518,CUST1199,2026-07-25 22:03:11,341.5,online_retail,"houston, us",web,0
TXN00009519,CUST1265,2026-07-25 22:06:06,82.66,online_retail,"chicago, us",web,0
TXN00009520,CUST1392,2026-07-25 22:12:45,47.39,grocery,"houston, us",mobile,0
TXN00009521,CUST1323,2026-07-25 22:14:53,59.23,transfer,"houston, us",pos,0
TXN00009522,CUST1493,2026-07-25 22:23:25,809.05,transfer,"miami, us",pos,0
TXN00009523,CUST1026,2026-07-25 22:30:10,60.0,cash_withdrawal,"miami, us",atm,0
TXN00009524,CUST1098,2026-07-25 22:37:13,1028.55,travel,"houston, us",pos,0
TXN00009525,CUST1150,2026-07-25 22:45:12,100.8,online_retail,"los angeles, us",mobile,0
TXN00009526,CUST1226,2026-07-25 22:51:37,38.38,grocery,"new york, us",atm,0
TXN00009527,CUST1204,2026-07-25 22:58:34,942.02,travel,"los angeles, us",mobile,0
TXN00009528,CUST1453,2026-07-25 23:00:45,25.72,transfer,"los angeles, us",pos,0
TXN00009529,CUST1156,2026-07-25 23:01:48,39.82,dining,"new york, us",web,0
TXN00009530,CUST1397,2026-07-25 23:09:38,371.32,transfer,"chicago, us",pos,0
TXN00009531,CUST1424,2026-07-25 23:17:18,35.79,grocery,"los angeles, us",web,0
TXN00009532,CUST1147,2026-07-25 23:18:57,142.27,transfer,"miami, us",mobile,0
TXN00009533,CUST1237,2026-07-25 23:25:19,66.35,grocery,"chicago, us",pos,0
TXN00009534,CUST1086,2026-07-25 23:33:05,868.13,travel,"new york, us",mobile,0
TXN00009535,CUST1217,2026-07-25 23:36:31,48.96,grocery,"houston, us",pos,0
TXN00009536,CUST1151,2026-07-25 23:43:07,77.84,dining,"new york, us",pos,0
TXN00009537,CUST1314,2026-07-25 23:51:35,100.0,cash_withdrawal,"los angeles, us",atm,0
TXN00009538,CUST1471,2026-07-25 23:55:20,759.13,transfer,"new york, us",web,0
TXN00009539,CUST1028,2026-07-26 00:03:22,1.0,travel,"chicago, us",mobile,0
TXN00009540,CUST1354,2026-07-26 00:04:04,86.71,transfer,"new york, us",mobile,0
TXN00009541,CUST1265,2026-07-26 00:04:45,65.15,online_retail,"houston, us",mobile,0
TXN00009542,CUST1463,2026-07-26 00:10:08,27.17,dining,"chicago, us",web,0
TXN00009543,CUST1073,2026-07-26 00:12:26,32.98,transfer,"houston, us",mobile,0
TXN00009544,CUST1238,2026-07-26 00:13:34,321.16,transfer,"houston, us",web,0
TXN00009545,CUST1425,2026-07-26 00:14:03,23.51,dining,"houston, us",pos,0
TXN00009546,CUST1331,2026-07-26 00:21:26,335.3,travel,"los angeles, us",atm,0
TXN00009547,CUST1232,2026-07-26 00:27:59,39.27,grocery,"chicago, us",web,0
TXN00009548,CUST1047,2026-07-26 00:28:46,103.2,transfer,"new york, us",pos,0
TXN00009549,CUST1370,2026-07-26 00:32:42,75.56,transfer,"los angeles, us",pos,0
TXN00009550,CUST1257,2026-07-26 00:39:22,233.65,online_retail,"houston, us",web,0
TXN00009551,CUST1058,2026-07-26 00:42:43,61.68,transfer,"houston, us",pos,0
TXN00009552,CUST1093,2026-07-26 00:48:03,201.41,transfer,"chicago, us",pos,0
TXN00009553,CUST1399,2026-07-26 00:53:36,116.07,online_retail,"los angeles, us",web,0
TXN00009554,CUST1300,2026-07-26 01:00:56,368.84,transfer,"houston, us",web,0
TXN00009555,CUST1481,2026-07-26 01:01:21,62.43,dining,"new york, us",pos,0
TXN00009556,CUST1458,2026-07-26 01:09:23,62.99,dining,"los angeles, us",mobile,0
TXN00009557,CUST1357,2026-07-26 01:11:02,16.87,online_retail,"new york, us",web,0
TXN00009558,CUST1280,2026-07-26 01:13:56,62.74,online_retail,"chicago, us",mobile,0
TXN00009559,CUST1070,2026-07-26 01:15:01,40.0,cash_withdrawal,"houston, us",atm,0
TXN00009560,CUST1202,2026-07-26 01:21:08,118.61,transfer,"los angeles, us",web,0
TXN00009561,CUST1212,2026-07-26 01:25:08,100.0,cash_withdrawal,"new york, us",atm,0
TXN00009562,CUST1166,2026-07-26 01:28:31,723.29,travel,"miami, us",web,0
TXN00009563,CUST1231,2026-07-26 01:29:49,30.99,dining,"chicago, us",atm,0
TXN00009564,CUST1013,2026-07-26 01:38:25,24.88,dining,"miami, us",mobile,0
TXN00009565,CUST1092,2026-07-26 01:44:01,53.36,grocery,"miami, us",pos,0
TXN00009566,CUST1233,2026-07-26 01:49:04,200.0,cash_withdrawal,"houston, us",atm,0
TXN00009567,CUST1303,2026-07-26 01:53:58,113.37,travel,"miami, us",mobile,0
TXN00009568,CUST1460,2026-07-26 01:55:50,17.64,dining,"chicago, us",atm,0
TXN00009569,CUST1365,2026-07-26 01:57:40,73.09,grocery,"los angeles, us",mobile,0
TXN00009570,CUST1459,2026-07-26 01:59:59,401.32,transfer,"los angeles, us",atm,0
TXN00009571,CUST1104,2026-07-26 02:04:20,71.46,online_retail,"miami, us",mobile,0
TXN00009572,CUST1452,2026-07-26 02:08:14,271.44,dining,"tokyo, jp",web,1
TXN00009573,CUST1233,2026-07-26 02:14:11,31.56,dining,"new york, us",pos,0
TXN00009574,CUST1047,2026-07-26 02:16:47,609.12,travel,"chicago, us",pos,0
TXN00009575,CUST1129,2026-07-26 02:18:52,300.0,cash_withdrawal,"new york, us",atm,0
TXN00009576,CUST1166,2026-07-26 02:20:45,36.98,dining,"miami, us",atm,0
TXN00009577,CUST1355,2026-07-26 02:27:14,406.7,travel,"los angeles, us",web,0
TXN00009578,CUST1333,2026-07-26 02:28:46,41.75,dining,"los angeles, us",mobile,0
TXN00009579,CUST1465,2026-07-26 02:32:38,23.84,online_retail,"new york, us",mobile,0
TXN00009580,CUST1365,2026-07-26 02:39:44,290.93,online_retail,"miami, us",web,0
TXN00009581,CUST1408,2026-07-26 02:44:24,643.85,travel,"miami, us",atm,0
TXN00009582,CUST1084,2026-07-26 02:51:28,207.68,online_retail,"los angeles, us",mobile,0
TXN00009583,CUST1368,2026-07-26 02:58:22,63.57,dining,"miami, us",mobile,0
TXN00009584,CUST1376,2026-07-26 03:00:10,87.65,online_retail,"chicago, us",web,0
TXN00009585,CUST1064,2026-07-26 03:01:04,56.12,grocery,"miami, us",atm,0
TXN00009586,CUST1047,2026-07-26 03:06:12,50.99,grocery,"los angeles, us",web,0
TXN00009587,CUST1059,2026-07-26 03:06:34,258.78,transfer,"new york, us",pos,0
TXN00009588,CUST1362,2026-07-26 03:12:06,13074.9,online_retail,"chicago, us",mobile,1
TXN00009589,CUST1231,2026-07-26 03:20:27,9.45,dining,"miami, us",web,0
TXN00009590,CUST1325,2026-07-26 03:26:19,59.29,grocery,"new york, us",web,0
TXN00009591,CUST1186,2026-07-26 03:27:18,51.35,grocery,"new york, us",mobile,0
TXN00009592,CUST1044,2026-07-26 03:29:12,45.93,grocery,"los angeles, us",atm,0
TXN00009593,CUST1269,2026-07-26 03:29:39,40.0,cash_withdrawal,"miami, us",atm,0
TXN00009594,CUST1363,2026-07-26 03:36:43,43.04,grocery,"chicago, us",web,0
TXN00009595,CUST1197,2026-07-26 03:38:04,224.99,transfer,"miami, us",atm,0
TXN00009596,CUST1373,2026-07-26 03:45:51,582.28,transfer,"los angeles, us",pos,0
TXN00009597,CUST1406,2026-07-26 03:46:03,75.11,grocery,"miami, us",pos,0
TXN00009598,CUST1500,2026-07-26 03:49:17,32.44,online_retail,"houston, us",mobile,0
TXN00009599,CUST1262,2026-07-26 03:56:03,40.7,dining,"miami, us",pos,0
TXN00009600,CUST1314,2026-07-26 03:59:41,812.9,travel,"houston, us",pos,0
TXN00009601,CUST1487,2026-07-26 04:04:41,200.0,cash_withdrawal,"houston, us",atm,0
TXN00009602,CUST1082,2026-07-26 04:09:30,21.81,dining,"los angeles, us",atm,0
TXN00009603,CUST1194,2026-07-26 04:17:02,30.97,dining,"new york, us",web,0
TXN00009604,CUST1282,2026-07-26 04:17:48,253.85,online_retail,"sydney, au",web,1
TXN00009605,CUST1195,2026-07-26 04:20:52,34.73,grocery,"houston, us",mobile,0
TXN00009606,CUST1023,2026-07-26 04:22:36,69.87,grocery,"new york, us",pos,0
TXN00009607,CUST1394,2026-07-26 04:28:35,157.59,transfer,"los angeles, us",atm,0
TXN00009608,CUST1088,2026-07-26 04:34:58,263.08,transfer,"los angeles, us",atm,0
TXN00009609,CUST1468,2026-07-26 04:43:18,35.68,grocery,"chicago, us",pos,0
TXN00009610,CUST1172,2026-07-26 04:51:14,51.59,transfer,"miami, us",atm,0
TXN00009611,CUST1290,2026-07-26 04:57:36,474.28,travel,"los angeles, us",web,0
TXN00009612,CUST1447,2026-07-26 05:03:14,67.68,grocery,"miami, us",web,0
TXN00009613,CUST1338,2026-07-26 05:07:54,927.79,travel,"los angeles, us",web,0
TXN00009614,CUST1442,2026-07-26 05:12:18,62.96,grocery,"miami, us",web,0
TXN00009615,CUST1077,2026-07-26 05:14:05,90.59,transfer,"new york, us",web,0
TXN00009616,CUST1084,2026-07-26 05:21:21,45.41,dining,"los angeles, us",web,0
TXN00009617,CUST1445,2026-07-26 05:23:17,20.0,cash_withdrawal,"houston, us",atm,0
TXN00009618,CUST1075,2026-07-26 05:28:19,187.97,transfer,"new york, us",pos,0
TXN00009619,CUST1092,2026-07-26 05:35:32,40.2,online_retail,"new york, us",mobile,0
TXN00009620,CUST1394,2026-07-26 05:39:44,63.42,grocery,"chicago, us",pos,0
TXN00009621,CUST1365,2026-07-26 05:44:10,40.74,grocery,"miami, us",web,0
TXN00009622,CUST1027,2026-07-26 05:47:20,17.8,dining,"houston, us",atm,0
TXN00009623,CUST1215,2026-07-26 05:50:32,300.0,cash_withdrawal,"miami, us",atm,0
TXN00009624,CUST1158,2026-07-26 05:55:58,517.71,transfer,"los angeles, us",pos,0
TXN00009625,CUST1159,2026-07-26 06:03:48,859.5,travel,"los angeles, us",web,0
TXN00009626,CUST1374,2026-07-26 06:08:44,791.05,travel,"chicago, us",mobile,0
TXN00009627,CUST1394,2026-07-26 06:16:10,75.92,grocery,"chicago, us",web,0
TXN00009628,CUST1493,2026-07-26 06:17:30,100.0,cash_withdrawal,"miami, us",atm,0
TXN00009629,CUST1229,2026-07-26 06:24:30,60.0,cash_withdrawal,"miami, us",atm,0
TXN00009630,CUST1148,2026-07-26 06:25:14,20.0,cash_withdrawal,"chicago, us",atm,0
TXN00009631,CUST1321,2026-07-26 06:29:08,83.28,online_retail,"miami, us",mobile,0
TXN00009632,CUST1093,2026-07-26 06:32:56,482.66,travel,"chicago, us",pos,0
TXN00009633,CUST1061,2026-07-26 06:38:26,91.2,transfer,"los angeles, us",pos,0
TXN00009634,CUST1461,2026-07-26 06:41:48,652.21,travel,"los angeles, us",web,0
TXN00009635,CUST1068,2026-07-26 06:49:25,131.58,transfer,"los angeles, us",mobile,0
TXN00009636,CUST1492,2026-07-26 06:50:11,11914.54,online_retail,"new york, us",mobile,1
TXN00009637,CUST1104,2026-07-26 06:55:12,41.16,dining,"miami, us",pos,0
TXN00009638,CUST1002,2026-07-26 06:56:02,717.62,travel,"chicago, us",atm,0
TXN00009639,CUST1319,2026-07-26 06:57:17,79.45,dining,"los angeles, us",mobile,0
TXN00009640,CUST1392,2026-07-26 07:04:07,56.96,grocery,"chicago, us",atm,0
TXN00009641,CUST1130,2026-07-26 07:08:41,19.01,online_retail,"miami, us",mobile,0
TXN00009642,CUST1007,2026-07-26 07:11:23,1955.33,transfer,"los angeles, us",atm,0
TXN00009643,CUST1235,2026-07-26 07:12:24,438.79,transfer,"new york, us",web,0
TXN00009644,CUST1255,2026-07-26 07:13:34,59.14,grocery,"chicago, us",pos,0
TXN00009645,CUST1438,2026-07-26 07:17:59,309.16,online_retail,"new york, us",web,0
TXN00009646,CUST1256,2026-07-26 07:20:07,58.63,dining,"chicago, us",atm,0
TXN00009647,CUST1279,2026-07-26 07:20:43,47.91,dining,"new york, us",web,0
TXN00009648,CUST1414,2026-07-26 07:26:00,521.83,travel,"houston, us",atm,0
TXN00009649,CUST1003,2026-07-26 07:30:46,20.0,cash_withdrawal,"miami, us",atm,0
TXN00009650,CUST1312,2026-07-26 07:33:45,323.63,online_retail,"chicago, us",mobile,0
TXN00009651,CUST1452,2026-07-26 07:34:06,43.78,online_retail,"los angeles, us",web,0
TXN00009652,CUST1253,2026-07-26 07:36:10,24.08,dining,"los angeles, us",pos,0
TXN00009653,CUST1122,2026-07-26 07:43:20,33.68,dining,"los angeles, us",web,0
TXN00009654,CUST1112,2026-07-26 07:51:31,46.29,dining,"chicago, us",web,0
TXN00009655,CUST1302,2026-07-26 07:54:09,709.79,travel,"new york, us",pos,0
TXN00009656,CUST1338,2026-07-26 08:02:11,56.66,dining,"new york, us",web,0
TXN00009657,CUST1244,2026-07-26 08:09:25,65.66,dining,"los angeles, us",pos,0
TXN00009658,CUST1233,2026-07-26 08:11:43,91.52,online_retail,"new york, us",web,0
TXN00009659,CUST1210,2026-07-26 08:15:12,619.5,travel,"miami, us",web,0
TXN00009660,CUST1227,2026-07-26 08:21:22,42.35,online_retail,"miami, us",mobile,0
TXN00009661,CUST1041,2026-07-26 08:24:35,60.29,online_retail,"los angeles, us",web,0
TXN00009662,CUST1308,2026-07-26 08:25:19,99.15,grocery,"houston, us",pos,0
TXN00009663,CUST1308,2026-07-26 08:32:55,50.8,dining,"houston, us",atm,0
TXN00009664,CUST1004,2026-07-26 08:40:31,741.88,travel,"houston, us",pos,0
TXN00009665,CUST1126,2026-07-26 08:42:01,100.0,cash_withdrawal,"los angeles, us",atm,0
TXN00009666,CUST1452,2026-07-26 08:50:26,281.23,transfer,"new york, us",atm,0
TXN00009667,CUST1281,2026-07-26 08:53:03,475.31,transfer,"new york, us",mobile,0
TXN00009668,CUST1143,2026-07-26 08:53:51,41.94,online_retail,"los angeles, us",mobile,0
TXN00009669,CUST1318,2026-07-26 08:58:34,51.9,dining,"miami, us",mobile,0
TXN00009670,CUST1322,2026-07-26 09:03:38,300.0,cash_withdrawal,"chicago, us",atm,0
TXN00009671,CUST1286,2026-07-26 09:05:51,17.7,online_retail,"new york, us",mobile,0
TXN00009672,CUST1420,2026-07-26 09:13:17,300.0,cash_withdrawal,"new york, us",atm,0
TXN00009673,CUST1423,2026-07-26 09:17:52,56.32,dining,"miami, us",mobile,0
TXN00009674,CUST1107,2026-07-26 09:25:59,178.01,transfer,"new york, us",atm,0
TXN00009675,CUST1026,2026-07-26 09:31:21,34.12,grocery,"new york, us",pos,0
TXN00009676,CUST1095,2026-07-26 09:35:47,44.37,grocery,"new york, us",pos,0
TXN00009677,CUST1076,2026-07-26 09:38:36,60.49,grocery,"new york, us",atm,0
TXN00009678,CUST1029,2026-07-26 09:42:10,2.5,dining,"new york, us",web,0
TXN00009679,CUST1335,2026-07-26 09:47:36,895.0,travel,"new york, us",pos,0
TXN00009680,CUST1179,2026-07-26 09:48:15,65.78,grocery,"new york, us",mobile,0
TXN00009681,CUST1019,2026-07-26 09:53:04,41.95,dining,"new york, us",web,0
TXN00009682,CUST1075,2026-07-26 09:59:11,750.78,transfer,"miami, us",atm,0
TXN00009683,CUST1438,2026-07-26 10:06:57,56.38,online_retail,"houston, us",mobile,0
TXN00009684,CUST1017,2026-07-26 10:08:03,1172.2,travel,"houston, us",pos,0
TXN00009685,CUST1342,2026-07-26 10:13:11,4.74,dining,"new york, us",pos,0
TXN00009686,CUST1296,2026-07-26 10:17:22,55.64,dining,"new york, us",pos,0
TXN00009687,CUST1430,2026-07-26 10:25:31,60.0,cash_withdrawal,"new york, us",atm,0
TXN00009688,CUST1309,2026-07-26 10:33:30,36.33,grocery,"houston, us",atm,0
TXN00009689,CUST1153,2026-07-26 10:42:04,49.7,grocery,"new york, us",pos,0
TXN00009690,CUST1170,2026-07-26 10:44:28,100.0,cash_withdrawal,"new york, us",atm,0
TXN00009691,CUST1472,2026-07-26 10:50:12,35.04,dining,"new york, us",mobile,0
TXN00009692,CUST1045,2026-07-26 10:50:37,221.03,transfer,"houston, us",web,0
TXN00009693,CUST1026,2026-07-26 10:51:03,728.41,travel,"new york, us",pos,0
TXN00009694,CUST1056,2026-07-26 10:54:06,4.67,dining,"miami, us",web,0
TXN00009695,CUST1214,2026-07-26 10:57:51,63.7,online_retail,"houston, us",web,0
TXN00009696,CUST1092,2026-07-26 11:00:14,518.37,travel,"chicago, us",mobile,0
TXN00009697,CUST1083,2026-07-26 11:02:06,99.3,transfer,"houston, us",web,0
TXN00009698,CUST1345,2026-07-26 11:05:07,16.58,dining,"los angeles, us",mobile,0
TXN00009699,CUST1146,2026-07-26 11:12:51,124.79,online_retail,"houston, us",web,0
TXN00009700,CUST1313,2026-07-26 11:19:32,43.25,online_retail,"los angeles, us",web,0
TXN00009701,CUST1339,2026-07-26 11:20:12,12626.09,online_retail,"new york, us",mobile,1
TXN00009702,CUST1355,2026-07-26 11:21:33,71.37,transfer,"los angeles, us",pos,0
TXN00009703,CUST1359,2026-07-26 11:23:27,200.0,cash_withdrawal,"houston, us",atm,0
TXN00009704,CUST1305,2026-07-26 11:28:17,176.74,online_retail,"miami, us",mobile,0
TXN00009705,CUST1294,2026-07-26 11:35:25,43.24,grocery,"chicago, us",web,0
TXN00009706,CUST1404,2026-07-26 11:41:50,673.49,travel,"new york, us",mobile,0
TXN00009707,CUST1288,2026-07-26 11:44:48,300.0,cash_withdrawal,"miami, us",atm,0
TXN00009708,CUST1091,2026-07-26 11:52:51,104.61,online_retail,"miami, us",web,0
TXN00009709,CUST1495,2026-07-26 11:59:28,42.05,transfer,"chicago, us",mobile,0
TXN00009710,CUST1234,2026-07-26 12:05:17,200.0,cash_withdrawal,"miami, us",atm,0
TXN00009711,CUST1384,2026-07-26 12:13:14,293.53,transfer,"miami, us",atm,0
TXN00009712,CUST1297,2026-07-26 12:20:53,56.06,online_retail,"miami, us",web,0
TXN00009713,CUST1185,2026-07-26 12:21:34,244.99,transfer,"los angeles, us",atm,0
TXN00009714,CUST1477,2026-07-26 12:23:44,56.15,dining,"new york, us",pos,0
TXN00009715,CUST1019,2026-07-26 12:28:06,40.66,dining,"miami, us",web,0
TXN00009716,CUST1048,2026-07-26 12:28:53,84.17,dining,"los angeles, us",pos,0
TXN00009717,CUST1394,2026-07-26 12:35:55,87.04,online_retail,"los angeles, us",mobile,0
TXN00009718,CUST1154,2026-07-26 12:44:10,913.25,transfer,"los angeles, us",atm,0
TXN00009719,CUST1166,2026-07-26 12:49:08,470.43,transfer,"houston, us",atm,0
TXN00009720,CUST1189,2026-07-26 12:57:01,66.12,dining,"miami, us",mobile,0
TXN00009721,CUST1460,2026-07-26 13:02:23,60.41,online_retail,"chicago, us",web,0
TXN00009722,CUST1195,2026-07-26 13:08:32,46.56,grocery,"miami, us",web,0
TXN00009723,CUST1420,2026-07-26 13:15:49,892.09,travel,"los angeles, us",pos,0
TXN00009724,CUST1035,2026-07-26 13:22:30,549.24,transfer,"houston, us",atm,0
TXN00009725,CUST1389,2026-07-26 13:29:33,200.0,cash_withdrawal,"los angeles, us",atm,0
TXN00009726,CUST1219,2026-07-26 13:30:01,485.49,travel,"houston, us",mobile,0
TXN00009727,CUST1432,2026-07-26 13:33:08,15517.12,transfer,"chicago, us",web,1
TXN00009728,CUST1282,2026-07-26 13:41:40,57.13,grocery,"chicago, us",mobile,0
TXN00009729,CUST1034,2026-07-26 13:42:26,34.67,grocery,"los angeles, us",mobile,0
TXN00009730,CUST1150,2026-07-26 13:50:42,335.82,travel,"miami, us",web,0
TXN00009731,CUST1242,2026-07-26 13:54:25,65.71,grocery,"los angeles, us",atm,0
TXN00009732,CUST1069,2026-07-26 13:59:41,98.34,transfer,"houston, us",web,0
TXN00009733,CUST1063,2026-07-26 14:06:09,363.57,travel,"los angeles, us",pos,0
TXN00009734,CUST1356,2026-07-26 14:11:32,20.27,transfer,"los angeles, us",atm,0
TXN00009735,CUST1441,2026-07-26 14:19:37,394.71,travel,"new york, us",atm,0
TXN00009736,CUST1141,2026-07-26 14:20:28,734.38,travel,"new york, us",mobile,0
TXN00009737,CUST1169,2026-07-26 14:28:12,26.55,online_retail,"miami, us",mobile,0
TXN00009738,CUST1270,2026-07-26 14:33:04,8562.74,transfer,"miami, us",web,1
TXN00009739,CUST1212,2026-07-26 14:37:19,163.36,transfer,"houston, us",atm,0
TXN00009740,CUST1269,2026-07-26 14:45:33,40.91,grocery,"houston, us",mobile,0
TXN00009741,CUST1108,2026-07-26 14:46:49,591.99,travel,"los angeles, us",web,0
TXN00009742,CUST1357,2026-07-26 14:49:17,200.0,cash_withdrawal,"chicago, us",atm,0
TXN00009743,CUST1108,2026-07-26 14:55:37,304.76,travel,"houston, us",atm,0
TXN00009744,CUST1314,2026-07-26 14:56:08,198.56,transfer,"chicago, us",pos,0
TXN00009745,CUST1030,2026-07-26 14:57:11,315.25,transfer,"new york, us",mobile,0
TXN00009746,CUST1056,2026-07-26 14:57:39,33.74,online_retail,"miami, us",web,0
TXN00009747,CUST1293,2026-07-26 15:02:03,41.41,online_retail,"houston, us",web,0
TXN00009748,CUST1374,2026-07-26 15:06:32,608.62,transfer,"miami, us",mobile,0
TXN00009749,CUST1323,2026-07-26 15:08:37,16.97,dining,"houston, us",pos,0
TXN00009750,CUST1271,2026-07-26 15:14:19,54.41,online_retail,"miami, us",mobile,0
TXN00009751,CUST1045,2026-07-26 15:17:28,64.22,grocery,"chicago, us",web,0
TXN00009752,CUST1248,2026-07-26 15:21:18,523.51,travel,"new york, us",pos,0
TXN00009753,CUST1371,2026-07-26 15:25:32,14947.22,transfer,"houston, us",mobile,1
TXN00009754,CUST1353,2026-07-26 15:28:17,72.72,online_retail,"miami, us",web,0
TXN00009755,CUST1310,2026-07-26 15:35:07,38.09,dining,"miami, us",web,0
TXN00009756,CUST1479,2026-07-26 15:42:32,60.0,cash_withdrawal,"miami, us",atm,0
TXN00009757,CUST1404,2026-07-26 15:50:10,17197.73,transfer,"houston, us",mobile,1
TXN00009758,CUST1362,2026-07-26 15:58:37,947.92,transfer,"new york, us",mobile,0
TXN00009759,CUST1148,2026-07-26 16:00:43,1032.58,travel,"houston, us",pos,0
TXN00009760,CUST1219,2026-07-26 16:01:03,800.25,transfer,"new york, us",pos,0
TXN00009761,CUST1312,2026-07-26 16:09:09,606.64,travel,"chicago, us",web,0
TXN00009762,CUST1435,2026-07-26 16:09:47,76.98,online_retail,"chicago, us",mobile,0
TXN00009763,CUST1163,2026-07-26 16:10:10,207.67,transfer,"los angeles, us",web,0
TXN00009764,CUST1133,2026-07-26 16:16:56,185.63,online_retail,"miami, us",web,0
TXN00009765,CUST1270,2026-07-26 16:23:46,823.4,travel,"new york, us",web,0
TXN00009766,CUST1295,2026-07-26 16:30:51,333.12,online_retail,"los angeles, us",mobile,0
TXN00009767,CUST1320,2026-07-26 16:32:41,100.0,cash_withdrawal,"houston, us",atm,0
TXN00009768,CUST1182,2026-07-26 16:37:24,509.93,travel,"houston, us",pos,0
TXN00009769,CUST1475,2026-07-26 16:42:45,52.45,dining,"new york, us",pos,0
TXN00009770,CUST1067,2026-07-26 16:50:15,53.6,transfer,"houston, us",pos,0
TXN00009771,CUST1315,2026-07-26 16:53:39,44.93,grocery,"houston, us",mobile,0
TXN00009772,CUST1289,2026-07-26 16:59:38,40.59,grocery,"new york, us",atm,0
TXN00009773,CUST1255,2026-07-26 17:05:38,305.72,transfer,"new york, us",web,0
TXN00009774,CUST1267,2026-07-26 17:12:05,254.69,online_retail,"new york, us",web,0
TXN00009775,CUST1374,2026-07-26 02:12:24,7345.13,cash_withdrawal,"miami, us",atm,1
TXN00009776,CUST1324,2026-07-26 17:17:16,40.45,dining,"new york, us",atm,0
TXN00009777,CUST1255,2026-07-26 04:21:32,1782.08,cash_withdrawal,"miami, us",mobile,1
TXN00009778,CUST1253,2026-07-26 17:22:08,148.53,transfer,"miami, us",pos,0
TXN00009779,CUST1414,2026-07-26 17:25:36,30.61,travel,"houston, us",mobile,0
TXN00009780,CUST1093,2026-07-26 17:32:18,722.98,travel,"houston, us",pos,0
TXN00009781,CUST1453,2026-07-26 17:35:41,20.0,cash_withdrawal,"chicago, us",atm,0
TXN00009782,CUST1313,2026-07-26 17:41:47,60.0,cash_withdrawal,"houston, us",atm,0
TXN00009783,CUST1120,2026-07-26 17:43:01,331.74,travel,"los angeles, us",web,0
TXN00009784,CUST1363,2026-07-26 17:46:51,494.63,travel,"houston, us",web,0
TXN00009785,CUST1149,2026-07-26 17:53:00,93.71,online_retail,"chicago, us",mobile,0
TXN00009786,CUST1100,2026-07-26 17:56:48,478.6,online_retail,"los angeles, us",mobile,0
TXN00009787,CUST1001,2026-07-26 18:01:39,1.76,grocery,"miami, us",pos,0
TXN00009788,CUST1061,2026-07-26 18:02:59,621.81,travel,"chicago, us",pos,0
TXN00009789,CUST1013,2026-07-26 18:04:08,209.78,online_retail,"miami, us",mobile,0
TXN00009790,CUST1239,2026-07-26 18:08:02,100.0,cash_withdrawal,"chicago, us",atm,0
TXN00009791,CUST1321,2026-07-26 18:09:12,200.0,cash_withdrawal,"los angeles, us",atm,0
TXN00009792,CUST1408,2026-07-26 18:17:01,264.15,transfer,"miami, us",atm,0
TXN00009793,CUST1061,2026-07-26 18:22:26,10.13,dining,"los angeles, us",mobile,0
TXN00009794,CUST1378,2026-07-26 18:30:59,47.23,grocery,"los angeles, us",pos,0
TXN00009795,CUST1435,2026-07-26 18:38:51,762.52,travel,"new york, us",pos,0
TXN00009796,CUST1107,2026-07-26 18:42:09,36.94,grocery,"los angeles, us",atm,0
TXN00009797,CUST1410,2026-07-26 18:45:19,580.79,travel,"new york, us",mobile,0
TXN00009798,CUST1316,2026-07-26 18:47:08,217.16,travel,"chicago, us",web,0
TXN00009799,CUST1213,2026-07-26 18:50:13,797.03,travel,"miami, us",pos,0
TXN00009800,CUST1212,2026-07-26 18:54:06,52.4,grocery,"new york, us",web,0
TXN00009801,CUST1024,2026-07-26 19:02:06,31.71,grocery,"miami, us",mobile,0
TXN00009802,CUST1171,2026-07-26 19:02:45,479.98,online_retail,"mumbai, in",mobile,1
TXN00009803,CUST1180,2026-07-26 19:04:56,53.26,grocery,"chicago, us",atm,0
TXN00009804,CUST1287,2026-07-26 19:07:04,313.27,transfer,"new york, us",pos,0
TXN00009805,CUST1413,2026-07-26 19:08:01,43.03,grocery,"new york, us",atm,0
TXN00009806,CUST1327,2026-07-26 19:13:12,82.85,transfer,"new york, us",atm,0
TXN00009807,CUST1109,2026-07-26 19:13:27,105.07,online_retail,"houston, us",mobile,0
TXN00009808,CUST1006,2026-07-26 19:15:33,200.0,cash_withdrawal,"houston, us",atm,0
TXN00009809,CUST1328,2026-07-26 19:19:14,53.58,grocery,"chicago, us",web,0
TXN00009810,CUST1104,2026-07-26 19:25:46,1046.22,travel,"chicago, us",web,0
TXN00009811,CUST1354,2026-07-26 19:32:21,25.66,grocery,"miami, us",pos,0
TXN00009812,CUST1145,2026-07-26 19:40:05,302.79,transfer,"new york, us",pos,0
TXN00009813,CUST1131,2026-07-26 19:47:08,859.6,transfer,"chicago, us",mobile,0
TXN00009814,CUST1405,2026-07-26 19:54:04,200.0,cash_withdrawal,"houston, us",atm,0
TXN00009815,CUST1035,2026-07-26 19:58:48,35.68,grocery,"chicago, us",atm,0
TXN00009816,CUST1158,2026-07-26 20:03:48,463.75,travel,"miami, us",mobile,0
TXN00009817,CUST1154,2026-07-26 20:04:21,44.4,dining,"chicago, us",atm,0
TXN00009818,CUST1260,2026-07-26 20:12:58,64.66,grocery,"miami, us",atm,0
TXN00009819,CUST1282,2026-07-26 20:19:58,48.52,grocery,"los angeles, us",web,0
TXN00009820,CUST1166,2026-07-26 20:20:15,36.28,dining,"los angeles, us",mobile,0
TXN00009821,CUST1393,2026-07-26 20:27:52,747.26,travel,"miami, us",mobile,0
TXN00009822,CUST1004,2026-07-26 20:34:10,34.59,dining,"miami, us",atm,0
TXN00009823,CUST1059,2026-07-26 20:36:27,97.2,online_retail,"new york, us",mobile,0
TXN00009824,CUST1352,2026-07-26 20:43:33,321.74,transfer,"los angeles, us",web,0
TXN00009825,CUST1171,2026-07-26 20:44:12,62.85,dining,"chicago, us",mobile,0
TXN00009826,CUST1175,2026-07-26 20:45:01,40.0,cash_withdrawal,"miami, us",atm,0
TXN00009827,CUST1203,2026-07-26 20:45:40,466.8,transfer,"chicago, us",pos,0
TXN00009828,CUST1371,2026-07-26 20:46:54,15.16,online_retail,"miami, us",web,0
TXN00009829,CUST1292,2026-07-26 20:50:48,287.49,travel,"miami, us",mobile,0
TXN00009830,CUST1316,2026-07-26 20:52:30,692.93,travel,"chicago, us",web,0
TXN00009831,CUST1492,2026-07-26 20:55:04,73.69,online_retail,"houston, us",mobile,0
TXN00009832,CUST1015,2026-07-26 20:55:36,43.53,grocery,"new york, us",web,0
TXN00009833,CUST1427,2026-07-26 20:58:26,142.0,transfer,"new york, us",mobile,0
TXN00009834,CUST1090,2026-07-26 21:01:35,69.98,travel,"houston, us",atm,0
TXN00009835,CUST1100,2026-07-26 21:06:53,39.34,dining,"new york, us",mobile,0
TXN00009836,CUST1170,2026-07-26 21:12:38,42.24,grocery,"chicago, us",atm,0
TXN00009837,CUST1427,2026-07-26 21:20:23,946.67,transfer,"houston, us",mobile,0
TXN00009838,CUST1174,2026-07-26 21:22:38,798.73,travel,"houston, us",web,0
TXN00009839,CUST1473,2026-07-26 21:25:17,937.28,travel,"new york, us",pos,0
TXN00009840,CUST1345,2026-07-26 21:26:33,61.16,dining,"houston, us",pos,0
TXN00009841,CUST1246,2026-07-26 21:31:53,49.41,dining,"new york, us",atm,0
TXN00009842,CUST1470,2026-07-26 21:35:26,50.18,grocery,"miami, us",pos,0
TXN00009843,CUST1243,2026-07-26 21:39:41,378.3,transfer,"new york, us",pos,0
TXN00009844,CUST1409,2026-07-26 21:45:27,285.16,transfer,"los angeles, us",pos,0
TXN00009845,CUST1019,2026-07-26 21:46:39,354.8,travel,"chicago, us",pos,0
TXN00009846,CUST1331,2026-07-26 21:52:25,40.0,cash_withdrawal,"houston, us",atm,0
TXN00009847,CUST1070,2026-07-26 21:53:14,556.53,transfer,"houston, us",atm,0
TXN00009848,CUST1247,2026-07-26 21:54:03,652.1,travel,"new york, us",pos,0
TXN00009849,CUST1080,2026-07-26 21:56:21,483.15,travel,"new york, us",mobile,0
TXN00009850,CUST1322,2026-07-26 22:04:31,1.0,dining,"new york, us",atm,0
TXN00009851,CUST1236,2026-07-26 22:09:19,144.78,transfer,"new york, us",mobile,0
TXN00009852,CUST1457,2026-07-26 22:11:14,40.0,cash_withdrawal,"chicago, us",atm,0
TXN00009853,CUST1443,2026-07-26 22:15:37,40.0,cash_withdrawal,"chicago, us",atm,0
TXN00009854,CUST1275,2026-07-26 22:21:48,310.93,transfer,"houston, us",web,0
TXN00009855,CUST1459,2026-07-26 22:28:14,59.56,grocery,"miami, us",atm,0
TXN00009856,CUST1172,2026-07-26 22:35:20,597.58,travel,"chicago, us",pos,0
TXN00009857,CUST1237,2026-07-26 22:38:32,17370.85,online_retail,"houston, us",web,1
TXN00009858,CUST1402,2026-07-26 22:46:21,87.16,online_retail,"los angeles, us",mobile,0
TXN00009859,CUST1417,2026-07-26 22:54:19,26.2,online_retail,"los angeles, us",web,0
TXN00009860,CUST1212,2026-07-26 23:01:48,59.83,dining,"houston, us",pos,0
TXN00009861,CUST1476,2026-07-26 23:03:50,27.01,grocery,"houston, us",atm,0
TXN00009862,CUST1381,2026-07-26 23:07:47,33.07,grocery,"houston, us",pos,0
TXN00009863,CUST1029,2026-07-26 23:14:02,59.45,dining,"chicago, us",mobile,0
TXN00009864,CUST1428,2026-07-26 23:16:46,57.46,dining,"miami, us",web,0
TXN00009865,CUST1267,2026-07-26 23:24:58,47.26,dining,"miami, us",pos,0
TXN00009866,CUST1154,2026-07-26 23:28:15,169.73,travel,"chicago, us",web,0
TXN00009867,CUST1290,2026-07-26 23:35:04,33.41,online_retail,"miami, us",mobile,0
TXN00009868,CUST1372,2026-07-26 23:39:56,29.74,dining,"chicago, us",pos,0
TXN00009869,CUST1348,2026-07-26 23:42:35,722.15,travel,"chicago, us",web,0
TXN00009870,CUST1162,2026-07-26 23:50:09,176.55,transfer,"new york, us",mobile,0
TXN00009871,CUST1285,2026-07-26 23:55:53,151.84,transfer,"houston, us",atm,0
TXN00009872,CUST1275,2026-07-26 23:58:08,40.0,cash_withdrawal,"houston, us",atm,0
TXN00009873,CUST1010,2026-07-27 00:02:47,50.77,grocery,"miami, us",pos,0
TXN00009874,CUST1107,2026-07-27 00:10:34,72.05,grocery,"miami, us",atm,0
TXN00009875,CUST1296,2026-07-27 00:13:00,47.57,dining,"miami, us",web,0
TXN00009876,CUST1351,2026-07-27 00:15:53,171.7,transfer,"chicago, us",web,0
TXN00009877,CUST1170,2026-07-27 00:22:00,200.0,cash_withdrawal,"houston, us",atm,0
TXN00009878,CUST1410,2026-07-27 00:26:47,41.16,grocery,"miami, us",pos,0
TXN00009879,CUST1470,2026-07-27 00:31:14,38.98,grocery,"chicago, us",mobile,0
TXN00009880,CUST1455,2026-07-27 00:32:17,12.02,dining,"miami, us",mobile,0
TXN00009881,CUST1408,2026-07-27 00:32:54,61.77,travel,"miami, us",atm,0
TXN00009882,CUST1182,2026-07-27 00:36:01,103.08,transfer,"miami, us",mobile,0
TXN00009883,CUST1034,2026-07-27 00:43:52,592.3,travel,"houston, us",web,0
TXN00009884,CUST1497,2026-07-27 00:47:32,34.85,dining,"los angeles, us",atm,0
TXN00009885,CUST1077,2026-07-27 00:53:43,586.42,travel,"houston, us",mobile,0
TXN00009886,CUST1144,2026-07-27 01:01:59,447.28,travel,"miami, us",atm,0
TXN00009887,CUST1431,2026-07-27 01:07:27,20.0,cash_withdrawal,"chicago, us",atm,0
TXN00009888,CUST1016,2026-07-27 01:11:45,16.73,online_retail,"houston, us",web,0
TXN00009889,CUST1174,2026-07-27 01:14:18,726.47,travel,"los angeles, us",atm,0
TXN00009890,CUST1193,2026-07-27 01:15:08,169.07,online_retail,"los angeles, us",mobile,0
TXN00009891,CUST1321,2026-07-27 01:17:02,52.88,dining,"new york, us",web,0
TXN00009892,CUST1274,2026-07-27 01:24:58,300.0,cash_withdrawal,"new york, us",atm,0
TXN00009893,CUST1432,2026-07-27 01:26:18,740.49,travel,"new york, us",atm,0
TXN00009894,CUST1085,2026-07-27 01:33:38,224.07,transfer,"houston, us",atm,0
TXN00009895,CUST1293,2026-07-27 01:42:07,765.63,travel,"los angeles, us",mobile,0
TXN00009896,CUST1311,2026-07-27 01:46:43,37.66,grocery,"chicago, us",atm,0
TXN00009897,CUST1200,2026-07-27 01:48:51,380.91,transfer,"los angeles, us",web,0
TXN00009898,CUST1096,2026-07-27 01:51:37,692.73,travel,"miami, us",atm,0
TXN00009899,CUST1305,2026-07-27 01:58:06,53.07,transfer,"houston, us",mobile,0
TXN00009900,CUST1060,2026-07-27 02:02:59,541.68,travel,"new york, us",pos,0
TXN00009901,CUST1443,2026-07-27 02:04:56,60.0,cash_withdrawal,"houston, us",atm,0
TXN00009902,CUST1401,2026-07-27 02:06:08,47.93,dining,"houston, us",pos,0
TXN00009903,CUST1385,2026-07-27 02:09:28,52.55,grocery,"chicago, us",web,0
TXN00009904,CUST1158,2026-07-27 02:15:49,202.19,online_retail,"new york, us",web,0
TXN00009905,CUST1362,2026-07-27 02:22:56,41.69,online_retail,"los angeles, us",mobile,0
TXN00009906,CUST1440,2026-07-27 02:29:49,24.89,dining,"chicago, us",web,0
TXN00009907,CUST1162,2026-07-27 02:31:11,574.5,travel,"new york, us",mobile,0
TXN00009908,CUST1364,2026-07-27 02:31:39,68.94,dining,"miami, us",web,0
TXN00009909,CUST1017,2026-07-27 02:40:09,83.27,online_retail,"miami, us",web,0
TXN00009910,CUST1140,2026-07-27 02:42:19,26.78,dining,"new york, us",atm,0
TXN00009911,CUST1212,2026-07-27 02:48:26,20.0,cash_withdrawal,"houston, us",atm,0
TXN00009912,CUST1045,2026-07-27 02:52:21,837.89,travel,"houston, us",atm,0
TXN00009913,CUST1255,2026-07-27 02:58:03,637.2,transfer,"miami, us",web,0
TXN00009914,CUST1450,2026-07-27 03:04:44,17.31,online_retail,"los angeles, us",web,0
TXN00009915,CUST1122,2026-07-27 03:08:46,176.63,travel,"chicago, us",pos,0
TXN00009916,CUST1191,2026-07-27 03:17:03,33.73,grocery,"los angeles, us",atm,0
TXN00009917,CUST1232,2026-07-27 03:18:11,44.55,grocery,"chicago, us",pos,0
TXN00009918,CUST1425,2026-07-27 03:18:31,40.39,grocery,"chicago, us",web,0
TXN00009919,CUST1487,2026-07-27 03:22:56,347.92,transfer,"los angeles, us",mobile,0
TXN00009920,CUST1155,2026-07-27 03:30:14,54.76,grocery,"chicago, us",pos,0
TXN00009921,CUST1111,2026-07-27 03:30:41,375.59,travel,"chicago, us",mobile,0
TXN00009922,CUST1269,2026-07-27 03:33:09,300.0,cash_withdrawal,"miami, us",atm,0
TXN00009923,CUST1155,2026-07-27 03:35:41,100.0,cash_withdrawal,"houston, us",atm,0
TXN00009924,CUST1090,2026-07-27 03:40:52,423.16,online_retail,"houston, us",web,0
TXN00009925,CUST1058,2026-07-27 03:44:18,300.0,cash_withdrawal,"los angeles, us",atm,0
TXN00009926,CUST1192,2026-07-27 03:47:01,40.44,grocery,"los angeles, us",mobile,0
TXN00009927,CUST1402,2026-07-27 03:54:14,39.12,dining,"los angeles, us",pos,0
TXN00009928,CUST1020,2026-07-27 04:02:38,514.87,travel,"los angeles, us",atm,0
TXN00009929,CUST1399,2026-07-27 04:03:31,200.0,cash_withdrawal,"miami, us",atm,0
TXN00009930,CUST1104,2026-07-27 04:04:11,49.79,grocery,"houston, us",atm,0
TXN00009931,CUST1468,2026-07-27 04:06:43,228.57,transfer,"chicago, us",pos,0
TXN00009932,CUST1048,2026-07-27 04:14:10,200.0,cash_withdrawal,"new york, us",atm,0
TXN00009933,CUST1228,2026-07-27 04:19:32,495.62,travel,"los angeles, us",web,0
TXN00009934,CUST1260,2026-07-27 04:22:58,398.09,travel,"los angeles, us",web,0
TXN00009935,CUST1013,2026-07-27 04:27:21,502.11,travel,"new york, us",pos,0
TXN00009936,CUST1410,2026-07-27 04:27:40,60.0,cash_withdrawal,"los angeles, us",atm,0
TXN00009937,CUST1248,2026-07-27 04:35:11,72.58,grocery,"new york, us",mobile,0
TXN00009938,CUST1464,2026-07-27 04:38:36,33.8,grocery,"chicago, us",atm,0
TXN00009939,CUST1257,2026-07-27 04:42:02,52.44,grocery,"chicago, us",mobile,0
TXN00009940,CUST1079,2026-07-27 04:45:59,287.36,transfer,"houston, us",web,0
TXN00009941,CUST1098,2026-07-27 04:46:31,300.0,cash_withdrawal,"los angeles, us",atm,0
TXN00009942,CUST1175,2026-07-27 04:48:35,72.43,grocery,"new york, us",mobile,0
TXN00009943,CUST1473,2026-07-27 04:50:30,43.59,online_retail,"los angeles, us",web,0
TXN00009944,CUST1248,2026-07-27 04:53:54,200.0,cash_withdrawal,"los angeles, us",atm,0
TXN00009945,CUST1376,2026-07-27 04:55:38,20.0,cash_withdrawal,"new york, us",atm,0
TXN00009946,CUST1448,2026-07-27 05:01:25,60.81,online_retail,"chicago, us",mobile,0
TXN00009947,CUST1269,2026-07-27 05:05:15,476.42,travel,"houston, us",mobile,0
TXN00009948,CUST1159,2026-07-27 05:09:57,48.21,online_retail,"houston, us",web,0
TXN00009949,CUST1398,2026-07-27 05:10:33,119.92,online_retail,"chicago, us",web,0
TXN00009950,CUST1168,2026-07-27 05:16:21,513.56,dining,"mumbai, in",web,1
TXN00009951,CUST1074,2026-07-27 05:19:07,889.84,transfer,"los angeles, us",mobile,0
TXN00009952,CUST1394,2026-07-27 05:19:33,26.67,dining,"los angeles, us",web,0
TXN00009953,CUST1447,2026-07-27 05:24:20,50.65,dining,"houston, us",pos,0
TXN00009954,CUST1051,2026-07-27 05:31:00,264.95,online_retail,"new york, us",web,0
TXN00009955,CUST1421,2026-07-27 05:34:08,17.12,dining,"chicago, us",pos,0
TXN00009956,CUST1481,2026-07-27 05:42:17,266.46,transfer,"miami, us",web,0
TXN00009957,CUST1265,2026-07-27 05:42:40,108.31,transfer,"houston, us",mobile,0
TXN00009958,CUST1347,2026-07-27 05:50:35,300.0,cash_withdrawal,"new york, us",atm,0
TXN00009959,CUST1068,2026-07-27 05:55:56,55.68,online_retail,"los angeles, us",mobile,0
TXN00009960,CUST1106,2026-07-27 06:02:32,777.99,travel,"houston, us",pos,0
TXN00009961,CUST1371,2026-07-27 06:10:19,40.0,cash_withdrawal,"new york, us",atm,0
TXN00009962,CUST1019,2026-07-27 06:13:21,20.62,dining,"miami, us",pos,0
TXN00009963,CUST1236,2026-07-27 06:21:23,46.5,grocery,"houston, us",mobile,0
TXN00009964,CUST1199,2026-07-27 06:28:37,189.64,online_retail,"new york, us",mobile,0
TXN00009965,CUST1366,2026-07-27 06:36:31,83.64,online_retail,"new york, us",web,0
TXN00009966,CUST1443,2026-07-27 06:38:55,72.28,transfer,"los angeles, us",atm,0
TXN00009967,CUST1268,2026-07-27 06:45:59,968.93,travel,"chicago, us",web,0
TXN00009968,CUST1060,2026-07-27 06:52:34,68.71,dining,"los angeles, us",pos,0
TXN00009969,CUST1003,2026-07-27 06:57:46,142.9,travel,"los angeles, us",web,0
TXN00009970,CUST1160,2026-07-27 06:59:46,100.0,cash_withdrawal,"new york, us",atm,0
TXN00009971,CUST1478,2026-07-27 07:06:23,1.0,dining,"los angeles, us",pos,0
TXN00009972,CUST1023,2026-07-27 07:06:47,232.97,transfer,"new york, us",pos,0
TXN00009973,CUST1352,2026-07-27 07:09:51,41.79,dining,"houston, us",web,0
TXN00009974,CUST1435,2026-07-27 07:16:12,27.28,transfer,"miami, us",mobile,0
TXN00009975,CUST1305,2026-07-27 07:23:26,58.91,dining,"miami, us",atm,0
TXN00009976,CUST1447,2026-07-27 07:28:54,461.86,travel,"chicago, us",pos,0
TXN00009977,CUST1045,2026-07-27 07:32:46,131.1,online_retail,"houston, us",web,0
TXN00009978,CUST1171,2026-07-27 07:40:19,4.69,dining,"new york, us",pos,0
TXN00009979,CUST1240,2026-07-27 07:44:07,126.16,transfer,"houston, us",pos,0
TXN00009980,CUST1456,2026-07-27 07:50:57,164.92,transfer,"miami, us",web,0
TXN00009981,CUST1024,2026-07-27 07:57:20,20.0,cash_withdrawal,"new york, us",atm,0
TXN00009982,CUST1053,2026-07-27 08:05:25,561.58,transfer,"miami, us",mobile,0
TXN00009983,CUST1267,2026-07-27 08:11:51,498.31,travel,"houston, us",atm,0
TXN00009984,CUST1393,2026-07-27 08:18:26,300.0,cash_withdrawal,"chicago, us",atm,0
TXN00009985,CUST1338,2026-07-27 08:19:05,60.0,cash_withdrawal,"miami, us",atm,0
TXN00009986,CUST1382,2026-07-27 08:26:08,584.15,travel,"miami, us",mobile,0
TXN00009987,CUST1160,2026-07-27 08:27:13,57.24,grocery,"miami, us",pos,0
TXN00009988,CUST1012,2026-07-27 08:32:06,84.97,online_retail,"new york, us",web,0
TXN00009989,CUST1296,2026-07-27 08:35:34,300.0,cash_withdrawal,"chicago, us",atm,0
TXN00009990,CUST1389,2026-07-27 08:43:51,46.36,grocery,"miami, us",mobile,0
TXN00009991,CUST1160,2026-07-27 08:50:10,130.45,online_retail,"los angeles, us",mobile,0
TXN00009992,CUST1328,2026-07-27 08:58:17,49.39,online_retail,"los angeles, us",web,0
TXN00009993,CUST1457,2026-07-27 09:04:14,200.0,cash_withdrawal,"houston, us",atm,0
TXN00009994,CUST1108,2026-07-27 09:06:51,428.19,transfer,"chicago, us",pos,0
TXN00009995,CUST1165,2026-07-27 09:14:20,123.89,online_retail,"houston, us",mobile,0
TXN00009996,CUST1103,2026-07-27 09:22:57,20.0,cash_withdrawal,"los angeles, us",atm,0
TXN00009997,CUST1099,2026-07-27 09:31:07,258.35,online_retail,"miami, us",mobile,0
TXN00009998,CUST1147,2026-07-27 09:35:50,237.62,online_retail,"chicago, us",web,0
TXN00009999,CUST1142,2026-07-27 09:39:57,92.62,transfer,"new york, us",mobile,0
TXN00010000,CUST1273,2026-07-27 09:43:44,397.25,transfer,"houston, us",mobile,0
